source,classification,genre,title,channel,duration_seconds,video_id,url,kids_url,search_query,search_year,language,download_check,download_checked_at
youtube_kids,kids_candidate,science,The Milgram Experiment: Obedience to Authority,Sprouts,312,vuMt8b4UrcI,https://www.youtube.com/watch?v=vuMt8b4UrcI,https://www.youtubekids.com/watch/vuMt8b4UrcI,kids science experiment English 2008,2008,en-us,passed_unauthenticated_metadata_format_check,2026-09-20T12:45:44+00:00
youtube_kids,kids_candidate,nature,How a Lion Pride Hunts Prey | Cat Attack-tics,Nat Geo Animals,300,K7SR0_rhMSo,https://www.youtube.com/watch?v=K7SR0_rhMSo,https://www.youtubekids.com/watch/K7SR0_rhMSo,kids wildlife nature video English 2008,2008,en,passed_unauthenticated_metadata_format_check,2026-09-20T12:45:47+00:00
youtube_kids,kids_candidate,space,First Man (2018) - We Have Liftoff Scene (7/10) | Movieclips,Movieclips,310,FubpK1Tho6M,https://www.youtube.com/watch?v=FubpK1Tho6M,https://www.youtubekids.com/watch/FubpK1Tho6M,kids space science English 2008,2008,english_search_candidate,passed_unauthenticated_metadata_format_check,2026-09-20T12:45:49+00:00
youtube_kids,kids_candidate,history,Plato’s Allegory of the Cave - Alex Gendler,TED-Ed,273,1RWOpQXTltA,https://www.youtube.com/watch?v=1RWOpQXTltA,https://www.youtubekids.com/watch/1RWOpQXTltA,kids history lesson English 2008,2008,english_search_candidate,passed_unauthenticated_metadata_format_check,2026-09-20T12:45:53+00:00
youtube_kids,kids_candidate,geography,Why is it so hard to escape poverty? - Ann-Helén Bay,TED-Ed,285,D9N7QaIOkG8,https://www.youtube.com/watch?v=D9N7QaIOkG8,https://www.youtubekids.com/watch/D9N7QaIOkG8,kids geography lesson English 2008,2008,en,passed_unauthenticated_metadata_format_check,2026-09-20T12:45:55+00:00
youtube_kids,kids_candidate,coding,Kid Cudi - Pursuit Of Happiness (Official Music Video) ft. MGMT,Kid Cudi,283,7xzU9Qqdqww,https://www.youtube.com/watch?v=7xzU9Qqdqww,https://www.youtubekids.com/watch/7xzU9Qqdqww,kids coding tutorial English 2008,2008,english_search_candidate,passed_unauthenticated_metadata_format_check,2026-09-20T12:45:58+00:00
youtube_kids,kids_candidate,craft,How to Cut Shirts Like Ed Hardy : Shirt Modifications,eHowArtsAndCrafts,270,zQDyu7O9O5g,https://www.youtube.com/watch?v=zQDyu7O9O5g,https://www.youtubekids.com/watch/zQDyu7O9O5g,kids crafts tutorial English 2008,2008,en-us,passed_unauthenticated_metadata_format_check,2026-09-20T12:46:01+00:00
youtube_kids,kids_candidate,cooking,Massive Attack - Teardrop (Official Video),Massive Attack,284,u7K72X4eo_s,https://www.youtube.com/watch?v=u7K72X4eo_s,https://www.youtubekids.com/watch/u7K72X4eo_s,kids cooking video English 2008,2008,english_search_candidate,passed_unauthenticated_metadata_format_check,2026-09-20T12:46:03+00:00
youtube_kids,kids_candidate,cooking,Jamie Oliver on making the perfect omelette - Jamie's Ministry of Food,Jamie Oliver,299,OQyRuOEKfVk,https://www.youtube.com/watch?v=OQyRuOEKfVk,https://www.youtubekids.com/watch/OQyRuOEKfVk,kids cooking video English 2008,2008,en,passed_unauthenticated_metadata_format_check,2026-09-20T12:46:05+00:00
youtube_kids,kids_candidate,engineering,The surprisingly long history of electric cars - Daniel Sperling and Gil Tal,TED-Ed,320,-EG6rqA2vvA,https://www.youtube.com/watch?v=-EG6rqA2vvA,https://www.youtubekids.com/watch/-EG6rqA2vvA,kids engineering science English 2008,2008,english_search_candidate,passed_unauthenticated_metadata_format_check,2026-09-20T12:46:11+00:00
youtube_kids,kids_candidate,engineering,Superconductivity Explained in Simple Words,Science ABC,292,681nX33wfLI,https://www.youtube.com/watch?v=681nX33wfLI,https://www.youtubekids.com/watch/681nX33wfLI,kids engineering science English 2008,2008,en,passed_unauthenticated_metadata_format_check,2026-09-20T12:46:13+00:00
youtube_kids,kids_candidate,engineering,Pioneers In Science: Aprille J. Ericsson | World Science Festival,World Science Festival,319,6ZKapTOit7M,https://www.youtube.com/watch?v=6ZKapTOit7M,https://www.youtubekids.com/watch/6ZKapTOit7M,kids engineering science English 2008,2008,en-us,passed_unauthenticated_metadata_format_check,2026-09-20T12:46:15+00:00
youtube_kids,kids_candidate,engineering,How V8 Engines Work - A Simple Explanation,Engineering Explained,323,KZLygdpg3LU,https://www.youtube.com/watch?v=KZLygdpg3LU,https://www.youtubekids.com/watch/KZLygdpg3LU,kids engineering science English 2008,2008,en-us,passed_unauthenticated_metadata_format_check,2026-09-20T12:46:17+00:00
youtube_kids,kids_candidate,space,Colonizing Mars | National Geographic,National Geographic,280,i5D8e71c75U,https://www.youtube.com/watch?v=i5D8e71c75U,https://www.youtubekids.com/watch/i5D8e71c75U,kids space science English 2009,2009,en-us,passed_unauthenticated_metadata_format_check,2026-09-20T12:46:22+00:00
youtube_kids,kids_candidate,history,What Happened on 9/11 | 5 Minute Video,PragerU,319,QGXrZsX_1fU,https://www.youtube.com/watch?v=QGXrZsX_1fU,https://www.youtubekids.com/watch/QGXrZsX_1fU,kids history lesson English 2009,2009,english_search_candidate,passed_unauthenticated_metadata_format_check,2026-09-20T12:46:24+00:00
youtube_kids,kids_candidate,history,The myth of Gawain and the Green Knight - Dan Kwartler,TED-Ed,309,SaQImmPev2o,https://www.youtube.com/watch?v=SaQImmPev2o,https://www.youtubekids.com/watch/SaQImmPev2o,kids history lesson English 2009,2009,en,passed_unauthenticated_metadata_format_check,2026-09-20T12:46:26+00:00
youtube_kids,kids_candidate,history,Theory of Evolution: How did Darwin come up with it? - BBC News,BBC News,323,JOk_0mUT_JU,https://www.youtube.com/watch?v=JOk_0mUT_JU,https://www.youtubekids.com/watch/JOk_0mUT_JU,kids history lesson English 2009,2009,en,passed_unauthenticated_metadata_format_check,2026-09-20T12:46:28+00:00
youtube_kids,kids_candidate,geography,PARTLY CLOUDY,gigi ciarciaglini,319,PfyJQEIsMt0,https://www.youtube.com/watch?v=PfyJQEIsMt0,https://www.youtubekids.com/watch/PfyJQEIsMt0,kids geography lesson English 2009,2009,english_search_candidate,passed_unauthenticated_metadata_format_check,2026-09-20T12:46:30+00:00
youtube_kids,kids_candidate,art,Michael Jackson dance drawing easy | Art tutorial | How to draw Michael Jackson easily | #artjanag,art JanaG,273,IlUBXa4Ce9I,https://www.youtube.com/watch?v=IlUBXa4Ce9I,https://www.youtubekids.com/watch/IlUBXa4Ce9I,kids drawing art tutorial English 2009,2009,english_search_candidate,passed_unauthenticated_metadata_format_check,2026-09-20T12:46:32+00:00
youtube_kids,kids_candidate,cooking,Robin Williams & Martha Stewart Can't Stop Laughing While Cooking Tacos,Martha Stewart,317,eZW5j_dW6QM,https://www.youtube.com/watch?v=eZW5j_dW6QM,https://www.youtubekids.com/watch/eZW5j_dW6QM,kids cooking video English 2009,2009,en-us,passed_unauthenticated_metadata_format_check,2026-09-20T12:46:41+00:00
youtube_kids,kids_candidate,engineering,National Science Week Launch Video,scienceweek09,313,RSKRNxNHKs4,https://www.youtube.com/watch?v=RSKRNxNHKs4,https://www.youtubekids.com/watch/RSKRNxNHKs4,kids engineering science English 2009,2009,en,passed_unauthenticated_metadata_format_check,2026-09-20T12:46:45+00:00
youtube_kids,kids_candidate,engineering,3-2-1 Blast Off! How to Build a Rocket & Think Like an Engineer,Rocky Mountain PBS,316,wpYqafLwuGs,https://www.youtube.com/watch?v=wpYqafLwuGs,https://www.youtubekids.com/watch/wpYqafLwuGs,kids engineering science English 2009,2009,en,passed_unauthenticated_metadata_format_check,2026-09-20T12:46:47+00:00
youtube_kids,kids_candidate,engineering,Electrical conductors and insulators.,c4science,283,DdJ6WgWXGjU,https://www.youtube.com/watch?v=DdJ6WgWXGjU,https://www.youtubekids.com/watch/DdJ6WgWXGjU,kids engineering science English 2009,2009,en,passed_unauthenticated_metadata_format_check,2026-09-20T12:46:49+00:00
youtube_kids,kids_candidate,science,The Siphon,ScienceOnline,305,CZmP0vsRBZ8,https://www.youtube.com/watch?v=CZmP0vsRBZ8,https://www.youtubekids.com/watch/CZmP0vsRBZ8,kids science experiment English 2010,2010,en-us,passed_unauthenticated_metadata_format_check,2026-09-20T12:46:59+00:00
youtube_kids,kids_candidate,science,Asch’s Conformity Experiment on Groupthink,Sprouts,325,WkK5eA_qhFk,https://www.youtube.com/watch?v=WkK5eA_qhFk,https://www.youtubekids.com/watch/WkK5eA_qhFk,kids science experiment English 2010,2010,en-us,passed_unauthenticated_metadata_format_check,2026-09-20T12:47:01+00:00
youtube_kids,kids_candidate,science,Past and Present | Technology Then and Now,Astrolabe,309,DENG7Q7VRgo,https://www.youtube.com/watch?v=DENG7Q7VRgo,https://www.youtubekids.com/watch/DENG7Q7VRgo,kids science experiment English 2010,2010,en-us,passed_unauthenticated_metadata_format_check,2026-09-20T12:47:03+00:00
youtube_kids,kids_candidate,nature,Siberia's Stripes of Death | Nat Geo Wild,Nat Geo Animals,292,ifErUXPdw8Y,https://www.youtube.com/watch?v=ifErUXPdw8Y,https://www.youtubekids.com/watch/ifErUXPdw8Y,kids wildlife nature video English 2010,2010,en,passed_unauthenticated_metadata_format_check,2026-09-20T12:47:05+00:00
youtube_kids,kids_candidate,nature,Earthquakes 101 | National Geographic,National Geographic,301,_r_nFT2m-Vg,https://www.youtube.com/watch?v=_r_nFT2m-Vg,https://www.youtubekids.com/watch/_r_nFT2m-Vg,kids wildlife nature video English 2010,2010,en-us,passed_unauthenticated_metadata_format_check,2026-09-20T12:47:07+00:00
youtube_kids,kids_candidate,nature,The Amazing World Of Earthworms In The UK - Springwatch - BBC,BBC,278,9ZHTerOJYMA,https://www.youtube.com/watch?v=9ZHTerOJYMA,https://www.youtubekids.com/watch/9ZHTerOJYMA,kids wildlife nature video English 2010,2010,en,passed_unauthenticated_metadata_format_check,2026-09-20T12:47:10+00:00
youtube_kids,kids_candidate,space,"Apollo 11’s journey to the moon, annotated",Vox,314,OCjhCL2iqlQ,https://www.youtube.com/watch?v=OCjhCL2iqlQ,https://www.youtubekids.com/watch/OCjhCL2iqlQ,kids space science English 2010,2010,en,passed_unauthenticated_metadata_format_check,2026-09-20T12:47:12+00:00
youtube_kids,kids_candidate,history,How the Normans changed the history of Europe - Mark Robinson,TED-Ed,319,Owf5Uq4oFps,https://www.youtube.com/watch?v=Owf5Uq4oFps,https://www.youtubekids.com/watch/Owf5Uq4oFps,kids history lesson English 2010,2010,en,passed_unauthenticated_metadata_format_check,2026-09-20T12:47:14+00:00
youtube_kids,kids_candidate,geography,Lessons save lives: How a schoolgirl outsmarted a tsunami | UNDRR,United Nations Office for Disaster Risk Reduction,305,V0s2i7Cc7wA,https://www.youtube.com/watch?v=V0s2i7Cc7wA,https://www.youtubekids.com/watch/V0s2i7Cc7wA,kids geography lesson English 2010,2010,en-us,passed_unauthenticated_metadata_format_check,2026-09-20T12:47:16+00:00
youtube_kids,kids_candidate,math,What is the Fibonacci Sequence & the Golden Ratio? Simple Explanation and Examples in Everyday Life,Science ABC,301,2tv6Ej6JVho,https://www.youtube.com/watch?v=2tv6Ej6JVho,https://www.youtubekids.com/watch/2tv6Ej6JVho,kids maths learning English 2010,2010,en-us,passed_unauthenticated_metadata_format_check,2026-09-20T12:47:18+00:00
youtube_kids,kids_candidate,coding,What are the Parts of Microsoft Word,Ron Tenorio,325,3uQTjsw0ABE,https://www.youtube.com/watch?v=3uQTjsw0ABE,https://www.youtubekids.com/watch/3uQTjsw0ABE,kids coding tutorial English 2010,2010,en,passed_unauthenticated_metadata_format_check,2026-09-20T12:47:20+00:00
youtube_kids,kids_candidate,engineering,What is nanotechnology?,Risk Bites,281,DAOFpgocfrg,https://www.youtube.com/watch?v=DAOFpgocfrg,https://www.youtubekids.com/watch/DAOFpgocfrg,kids engineering science English 2010,2010,en-us,passed_unauthenticated_metadata_format_check,2026-09-20T12:47:30+00:00
youtube_kids,kids_candidate,engineering,Every Computer Generation Explained in 4 Minutes,Byte Sized Explainer,295,75z6HRmo_CU,https://www.youtube.com/watch?v=75z6HRmo_CU,https://www.youtubekids.com/watch/75z6HRmo_CU,kids engineering science English 2010,2010,en,passed_unauthenticated_metadata_format_check,2026-09-20T12:47:32+00:00
youtube_kids,kids_candidate,history,An Animated Introduction to Social Science,Soomo,275,DSIdaTSG2Gg,https://www.youtube.com/watch?v=DSIdaTSG2Gg,https://www.youtubekids.com/watch/DSIdaTSG2Gg,kids history lesson English 2011,2011,en-us,passed_unauthenticated_metadata_format_check,2026-09-20T12:47:40+00:00
youtube_kids,kids_candidate,coding,How To Drive a Stick Shift Car: Full Beginner's Tutorial,Driving TV,305,0bjh9a-oJBo,https://www.youtube.com/watch?v=0bjh9a-oJBo,https://www.youtubekids.com/watch/0bjh9a-oJBo,kids coding tutorial English 2011,2011,en-us,passed_unauthenticated_metadata_format_check,2026-09-20T12:47:42+00:00
youtube_kids,kids_candidate,movement,Lush Life by Zara Larsson (Remake) | Just Dance 2022 | Fanmade by Redoo,Redoo,278,k2yLwQz3Xew,https://www.youtube.com/watch?v=k2yLwQz3Xew,https://www.youtubekids.com/watch/k2yLwQz3Xew,kids dance movement yoga English 2011,2011,english_search_candidate,passed_unauthenticated_metadata_format_check,2026-09-20T12:47:48+00:00
youtube_kids,kids_candidate,science,Higgs Boson (The God Particle) and Higgs Field Explained in Simple Words,Science ABC,289,BiR1cPisge8,https://www.youtube.com/watch?v=BiR1cPisge8,https://www.youtubekids.com/watch/BiR1cPisge8,kids science experiment English 2012,2012,en-us,passed_unauthenticated_metadata_format_check,2026-09-20T12:47:57+00:00
youtube_kids,kids_candidate,science,What Is Light?,Kurzgesagt – In a Nutshell,279,IXxZRZxafEQ,https://www.youtube.com/watch?v=IXxZRZxafEQ,https://www.youtubekids.com/watch/IXxZRZxafEQ,kids science experiment English 2012,2012,en,passed_unauthenticated_metadata_format_check,2026-09-20T12:47:59+00:00
youtube_kids,kids_candidate,nature,Coldplay - Adventure Of A Lifetime (Official Video),Coldplay,316,QtXby3twMmI,https://www.youtube.com/watch?v=QtXby3twMmI,https://www.youtubekids.com/watch/QtXby3twMmI,kids wildlife nature video English 2012,2012,en,passed_unauthenticated_metadata_format_check,2026-09-20T12:48:01+00:00
youtube_kids,kids_candidate,nature,Enigma - Return To Innocence (Official Video),Enigma,294,Rk_sAHh9s08,https://www.youtube.com/watch?v=Rk_sAHh9s08,https://www.youtubekids.com/watch/Rk_sAHh9s08,kids wildlife nature video English 2012,2012,english_search_candidate,passed_unauthenticated_metadata_format_check,2026-09-20T12:48:03+00:00
youtube_kids,kids_candidate,history,What makes a hero? - Matthew Winkler,TED-Ed,274,Hhk4N9A0oCA,https://www.youtube.com/watch?v=Hhk4N9A0oCA,https://www.youtubekids.com/watch/Hhk4N9A0oCA,kids history lesson English 2012,2012,en,passed_unauthenticated_metadata_format_check,2026-09-20T12:48:07+00:00
youtube_kids,kids_candidate,history,How did English evolve? - Kate Gardoqui,TED-Ed,305,kIzFz9T5rhI,https://www.youtube.com/watch?v=kIzFz9T5rhI,https://www.youtubekids.com/watch/kIzFz9T5rhI,kids history lesson English 2012,2012,en,passed_unauthenticated_metadata_format_check,2026-09-20T12:48:09+00:00
youtube_kids,kids_candidate,history,A day in the life of an ancient Athenian - Robert Garland,TED-Ed,302,ar8S6virCwM,https://www.youtube.com/watch?v=ar8S6virCwM,https://www.youtubekids.com/watch/ar8S6virCwM,kids history lesson English 2012,2012,en,passed_unauthenticated_metadata_format_check,2026-09-20T12:48:11+00:00
youtube_kids,kids_candidate,coding,Kodaline - All I Want (Part 1),Kodaline,319,mtf7hC17IBM,https://www.youtube.com/watch?v=mtf7hC17IBM,https://www.youtubekids.com/watch/mtf7hC17IBM,kids coding tutorial English 2012,2012,english_search_candidate,passed_unauthenticated_metadata_format_check,2026-09-20T12:48:13+00:00
youtube_kids,kids_candidate,cooking,ULTIMATE MAC & CHEESE | Jamie Oliver,Jamie Oliver,293,DonJQk9_OBg,https://www.youtube.com/watch?v=DonJQk9_OBg,https://www.youtubekids.com/watch/DonJQk9_OBg,kids cooking video English 2012,2012,en-gb,passed_unauthenticated_metadata_format_check,2026-09-20T12:48:17+00:00
youtube_kids,kids_candidate,music_lesson,Pitch Perfect | Riff-Off,Universal Pictures,319,hGdz2rMbTIM,https://www.youtube.com/watch?v=hGdz2rMbTIM,https://www.youtubekids.com/watch/hGdz2rMbTIM,kids music lesson English 2012,2012,en-us,passed_unauthenticated_metadata_format_check,2026-09-20T12:48:21+00:00
youtube_kids,kids_candidate,engineering,The Verna J. Kirkness Science and Engineering Education Program video May 2012,Verna J. Kirkness Science and Engineering Program,292,CYpCzV2AHh4,https://www.youtube.com/watch?v=CYpCzV2AHh4,https://www.youtubekids.com/watch/CYpCzV2AHh4,kids engineering science English 2012,2012,en,passed_unauthenticated_metadata_format_check,2026-09-20T12:48:24+00:00
youtube_kids,kids_candidate,engineering,"Why The Prometheus Engineer Creates Humans, Just To Kill Them...",Alfie,323,Hzs-AytFAYI,https://www.youtube.com/watch?v=Hzs-AytFAYI,https://www.youtubekids.com/watch/Hzs-AytFAYI,kids engineering science English 2012,2012,en-us,passed_unauthenticated_metadata_format_check,2026-09-20T12:48:26+00:00
youtube_kids,kids_candidate,nature,Two Hummingbirds Battle for Nectar | Untamed Andes,Nat Geo Animals,319,d_W7PVe8z4g,https://www.youtube.com/watch?v=d_W7PVe8z4g,https://www.youtubekids.com/watch/d_W7PVe8z4g,kids wildlife nature video English 2013,2013,en,passed_unauthenticated_metadata_format_check,2026-09-20T12:48:33+00:00
youtube_kids,kids_candidate,space,"Science, Religion, and the Big Bang",minutephysics,320,q3MWRvLndzs,https://www.youtube.com/watch?v=q3MWRvLndzs,https://www.youtubekids.com/watch/q3MWRvLndzs,kids space science English 2013,2013,en,passed_unauthenticated_metadata_format_check,2026-09-20T12:48:36+00:00
youtube_kids,kids_candidate,history,"Everything you need to know to read ""Frankenstein"" - Iseult Gillespie",TED-Ed,301,PDgu25Dsv34,https://www.youtube.com/watch?v=PDgu25Dsv34,https://www.youtubekids.com/watch/PDgu25Dsv34,kids history lesson English 2013,2013,en,passed_unauthenticated_metadata_format_check,2026-09-20T12:48:39+00:00
youtube_kids,kids_candidate,math,Basic MATH vocabulary in English,English with Ronnie · EnglishLessons4U with engVid,324,HYSwQ1tZ5Aw,https://www.youtube.com/watch?v=HYSwQ1tZ5Aw,https://www.youtubekids.com/watch/HYSwQ1tZ5Aw,kids maths learning English 2013,2013,en-us,passed_unauthenticated_metadata_format_check,2026-09-20T12:48:41+00:00
youtube_kids,kids_candidate,math,Using Math Talk to Support Learning (e-clip),CECE Early Childhood Videos at Eastern CT State U.,317,TLmm3U0eYX4,https://www.youtube.com/watch?v=TLmm3U0eYX4,https://www.youtubekids.com/watch/TLmm3U0eYX4,kids maths learning English 2013,2013,en,passed_unauthenticated_metadata_format_check,2026-09-20T12:48:43+00:00
youtube_kids,kids_candidate,music_lesson,Music as a language - Victor Wooten,TED-Ed,300,3yRMbH36HRE,https://www.youtube.com/watch?v=3yRMbH36HRE,https://www.youtubekids.com/watch/3yRMbH36HRE,kids music lesson English 2013,2013,english_search_candidate,passed_unauthenticated_metadata_format_check,2026-09-20T12:48:49+00:00
youtube_kids,kids_candidate,music_lesson,How to read music - Tim Hansen,TED-Ed,324,ZN41d7Txcq0,https://www.youtube.com/watch?v=ZN41d7Txcq0,https://www.youtubekids.com/watch/ZN41d7Txcq0,kids music lesson English 2013,2013,en,passed_unauthenticated_metadata_format_check,2026-09-20T12:48:52+00:00
youtube_kids,kids_candidate,engineering,What Is A Semiconductor?,MITK12Videos,286,gUmDVe6C-BU,https://www.youtube.com/watch?v=gUmDVe6C-BU,https://www.youtubekids.com/watch/gUmDVe6C-BU,kids engineering science English 2013,2013,en,passed_unauthenticated_metadata_format_check,2026-09-20T12:48:59+00:00
youtube_kids,kids_candidate,story,Owl Babies,Smile Book Club for Kids,287,XO1kkIka9rs,https://www.youtube.com/watch?v=XO1kkIka9rs,https://www.youtubekids.com/watch/XO1kkIka9rs,children storytime read aloud English 2014,2014,en-us,passed_unauthenticated_metadata_format_check,2026-09-20T12:49:01+00:00
youtube_kids,kids_candidate,science,Schrödinger's cat: A thought experiment in quantum mechanics - Chad Orzel,TED-Ed,278,UjaAxUO6-Uw,https://www.youtube.com/watch?v=UjaAxUO6-Uw,https://www.youtubekids.com/watch/UjaAxUO6-Uw,kids science experiment English 2014,2014,en,passed_unauthenticated_metadata_format_check,2026-09-20T12:49:07+00:00
youtube_kids,kids_candidate,science,Brian Cox visits the world's biggest vacuum | Human Universe - BBC,BBC,281,E43-CfukEgs,https://www.youtube.com/watch?v=E43-CfukEgs,https://www.youtubekids.com/watch/E43-CfukEgs,kids science experiment English 2014,2014,en,passed_unauthenticated_metadata_format_check,2026-09-20T12:49:09+00:00
youtube_kids,kids_candidate,nature,How Wolves Change Rivers,Sustainable Human,274,ysa5OBhXz-Q,https://www.youtube.com/watch?v=ysa5OBhXz-Q,https://www.youtubekids.com/watch/ysa5OBhXz-Q,kids wildlife nature video English 2014,2014,en-us,passed_unauthenticated_metadata_format_check,2026-09-20T12:49:11+00:00
youtube_kids,kids_candidate,space,Entering the Wormhole in 4K Ultra HD | Interstellar (2014) | Paramount Movies,Paramount Movies,283,u-ElPzExvPA,https://www.youtube.com/watch?v=u-ElPzExvPA,https://www.youtubekids.com/watch/u-ElPzExvPA,kids space science English 2014,2014,english_search_candidate,passed_unauthenticated_metadata_format_check,2026-09-20T12:49:17+00:00
youtube_kids,kids_candidate,geography,What Earth in 2050 could look like - Shannon Odell,TED-Ed,299,2njn71TqkjA,https://www.youtube.com/watch?v=2njn71TqkjA,https://www.youtubekids.com/watch/2njn71TqkjA,kids geography lesson English 2014,2014,english_search_candidate,passed_unauthenticated_metadata_format_check,2026-09-20T12:49:20+00:00
youtube_kids,kids_candidate,geography,"One Woman, 17 British Accents - Anglophenia Ep 5",Anglophenia,319,FyyT2jmVPAk,https://www.youtube.com/watch?v=FyyT2jmVPAk,https://www.youtubekids.com/watch/FyyT2jmVPAk,kids geography lesson English 2014,2014,en,passed_unauthenticated_metadata_format_check,2026-09-20T12:49:22+00:00
youtube_kids,kids_candidate,coding,OneRepublic - Counting Stars,OneRepublic,283,hT_nvWreIhg,https://www.youtube.com/watch?v=hT_nvWreIhg,https://www.youtubekids.com/watch/hT_nvWreIhg,kids coding tutorial English 2014,2014,english_search_candidate,passed_unauthenticated_metadata_format_check,2026-09-20T12:49:25+00:00
youtube_kids,kids_candidate,engineering,Engineering a Model Circulatory System | Science Snack Activity | Exploratorium,Exploratorium Teacher Institute,271,Q_VMMX2mBeQ,https://www.youtube.com/watch?v=Q_VMMX2mBeQ,https://www.youtubekids.com/watch/Q_VMMX2mBeQ,kids engineering science English 2014,2014,en,passed_unauthenticated_metadata_format_check,2026-09-20T12:49:30+00:00
youtube_kids,kids_candidate,educational,How sugar affects the brain - Nicole Avena,TED-Ed,303,lEXBxijQREo,https://www.youtube.com/watch?v=lEXBxijQREo,https://www.youtubekids.com/watch/lEXBxijQREo,educational video for kids English 2014,2014,en,passed_unauthenticated_metadata_format_check,2026-09-20T12:49:37+00:00
youtube_kids,kids_candidate,science,Balloon Rocket Science Experiment,Cool Science Experiments Headquarters,280,DVlf-HwdyTU,https://www.youtube.com/watch?v=DVlf-HwdyTU,https://www.youtubekids.com/watch/DVlf-HwdyTU,kids science experiment English 2015,2015,en,passed_unauthenticated_metadata_format_check,2026-09-20T12:49:39+00:00
youtube_kids,kids_candidate,nature,Lions 101 | Nat Geo Wild,Nat Geo Animals,270,OMkEVX23BdM,https://www.youtube.com/watch?v=OMkEVX23BdM,https://www.youtubekids.com/watch/OMkEVX23BdM,kids wildlife nature video English 2015,2015,en,passed_unauthenticated_metadata_format_check,2026-09-20T12:49:44+00:00
youtube_kids,kids_candidate,nature,Lions 360° | National Geographic,National Geographic,271,sPyAQQklc1s,https://www.youtube.com/watch?v=sPyAQQklc1s,https://www.youtubekids.com/watch/sPyAQQklc1s,kids wildlife nature video English 2015,2015,en-us,passed_unauthenticated_metadata_format_check,2026-09-20T12:49:46+00:00
youtube_kids,kids_candidate,space,Solar Eclipse 101 | National Geographic,National Geographic,298,cxrLRbkOwKs,https://www.youtube.com/watch?v=cxrLRbkOwKs,https://www.youtubekids.com/watch/cxrLRbkOwKs,kids space science English 2015,2015,en-us,passed_unauthenticated_metadata_format_check,2026-09-20T12:49:51+00:00
youtube_kids,kids_candidate,space,What Exactly is Spacetime? Explained in Ridiculously Simple Words,Science ABC,296,3khY_bwf5FY,https://www.youtube.com/watch?v=3khY_bwf5FY,https://www.youtubekids.com/watch/3khY_bwf5FY,kids space science English 2015,2015,en-us,passed_unauthenticated_metadata_format_check,2026-09-20T12:49:53+00:00
youtube_kids,kids_candidate,history,Where did English come from? - Claire Bowern,TED-Ed,293,YEaSxhcns7Y,https://www.youtube.com/watch?v=YEaSxhcns7Y,https://www.youtubekids.com/watch/YEaSxhcns7Y,kids history lesson English 2015,2015,en,passed_unauthenticated_metadata_format_check,2026-09-20T12:49:55+00:00
youtube_kids,kids_candidate,history,The mysterious origins of life on Earth - Luka Seamus Wright,TED-Ed,296,de1hiS_XjWg,https://www.youtube.com/watch?v=de1hiS_XjWg,https://www.youtubekids.com/watch/de1hiS_XjWg,kids history lesson English 2015,2015,en,passed_unauthenticated_metadata_format_check,2026-09-20T12:50:00+00:00
youtube_kids,kids_candidate,history,What are the universal human rights? - Benedetta Berti,TED-Ed,286,nDgIVseTkuE,https://www.youtube.com/watch?v=nDgIVseTkuE,https://www.youtubekids.com/watch/nDgIVseTkuE,kids history lesson English 2015,2015,en,passed_unauthenticated_metadata_format_check,2026-09-20T12:50:02+00:00
youtube_kids,kids_candidate,coding,Coding Tutorial 2 for kids!,DibsNut CodingIQ,295,w-VJRUZ6CGE,https://www.youtube.com/watch?v=w-VJRUZ6CGE,https://www.youtubekids.com/watch/w-VJRUZ6CGE,kids coding tutorial English 2015,2015,en,passed_unauthenticated_metadata_format_check,2026-09-20T12:50:10+00:00
youtube_kids,kids_candidate,coding,Lesson for Switch On and Off a Computer,Carla King,321,BlGvrlQCd9c,https://www.youtube.com/watch?v=BlGvrlQCd9c,https://www.youtubekids.com/watch/BlGvrlQCd9c,kids coding tutorial English 2015,2015,en-us,passed_unauthenticated_metadata_format_check,2026-09-20T12:50:12+00:00
youtube_kids,kids_candidate,coding,How CRISPR lets you edit DNA - Andrea M. Henle,TED-Ed,329,6tw_JVz_IEc,https://www.youtube.com/watch?v=6tw_JVz_IEc,https://www.youtubekids.com/watch/6tw_JVz_IEc,kids coding tutorial English 2015,2015,en,passed_unauthenticated_metadata_format_check,2026-09-20T12:50:14+00:00
youtube_kids,kids_candidate,craft,Rainbow Loom French Braid Bracelet Tutorial - How To Make A Loom Band French Braid Bracelet,IdunnGoddess,324,ZEgYP6ku7Yg,https://www.youtube.com/watch?v=ZEgYP6ku7Yg,https://www.youtubekids.com/watch/ZEgYP6ku7Yg,kids crafts tutorial English 2015,2015,english_search_candidate,passed_unauthenticated_metadata_format_check,2026-09-20T12:50:16+00:00
youtube_kids,kids_candidate,engineering,Nuclear Energy Explained: How does it work? 1/3,Kurzgesagt – In a Nutshell,284,rcOFV4y5z8c,https://www.youtube.com/watch?v=rcOFV4y5z8c,https://www.youtubekids.com/watch/rcOFV4y5z8c,kids engineering science English 2015,2015,en,passed_unauthenticated_metadata_format_check,2026-09-20T12:50:24+00:00
youtube_kids,kids_candidate,shows,PBS Kids Program Break 2015 WHOR TV DT1,Alib cool,301,izCpOvE7LAQ,https://www.youtube.com/watch?v=izCpOvE7LAQ,https://www.youtubekids.com/watch/izCpOvE7LAQ,PBS Kids English full episode 2015,2015,en,passed_unauthenticated_metadata_format_check,2026-09-20T12:50:26+00:00
youtube_kids,kids_candidate,history,History vs. Napoleon Bonaparte - Alex Gendler,TED-Ed,321,8aq_gRfmjgY,https://www.youtube.com/watch?v=8aq_gRfmjgY,https://www.youtubekids.com/watch/8aq_gRfmjgY,kids history lesson English 2016,2016,en,passed_unauthenticated_metadata_format_check,2026-09-20T12:50:40+00:00
youtube_kids,kids_candidate,geography,Volcanoes 101 | National Geographic,National Geographic,299,VNGUdObDoLk,https://www.youtube.com/watch?v=VNGUdObDoLk,https://www.youtubekids.com/watch/VNGUdObDoLk,kids geography lesson English 2016,2016,en-us,passed_unauthenticated_metadata_format_check,2026-09-20T12:50:43+00:00
youtube_kids,kids_candidate,nature,Giant Pandas 101 | Nat Geo Wild,Nat Geo Animals,271,dqT-UlYlg1s,https://www.youtube.com/watch?v=dqT-UlYlg1s,https://www.youtubekids.com/watch/dqT-UlYlg1s,kids wildlife nature video English 2017,2017,en,passed_unauthenticated_metadata_format_check,2026-09-20T12:51:00+00:00
youtube_kids,kids_candidate,nature,Yellowstone’s Iconic Animals | Nat Geo WILD,Nat Geo Animals,312,mhUAHZx4xJc,https://www.youtube.com/watch?v=mhUAHZx4xJc,https://www.youtubekids.com/watch/mhUAHZx4xJc,kids wildlife nature video English 2017,2017,en,passed_unauthenticated_metadata_format_check,2026-09-20T12:51:02+00:00
youtube_kids,kids_candidate,space,Ocean's Tides Explained,AtomicSchool,311,3RdkXs8BibE,https://www.youtube.com/watch?v=3RdkXs8BibE,https://www.youtubekids.com/watch/3RdkXs8BibE,kids space science English 2017,2017,en-us,passed_unauthenticated_metadata_format_check,2026-09-20T12:51:04+00:00
youtube_kids,kids_candidate,history,The history of chocolate - Deanna Pucciarelli,TED-Ed,281,ibjUpk9Iagk,https://www.youtube.com/watch?v=ibjUpk9Iagk,https://www.youtubekids.com/watch/ibjUpk9Iagk,kids history lesson English 2017,2017,en,passed_unauthenticated_metadata_format_check,2026-09-20T12:51:06+00:00
youtube_kids,kids_candidate,history,"Everything you need to know to read Homer's ""Odyssey"" - Jill Dash",TED-Ed,296,8Z9FQxcCAZ0,https://www.youtube.com/watch?v=8Z9FQxcCAZ0,https://www.youtubekids.com/watch/8Z9FQxcCAZ0,kids history lesson English 2017,2017,english_search_candidate,passed_unauthenticated_metadata_format_check,2026-09-20T12:51:08+00:00
youtube_kids,kids_candidate,history,"A Fun, Animated History of the Reformation and the Man Who Started It All | Short Film Showcase",National Geographic,295,FhGGjRjvq7w,https://www.youtube.com/watch?v=FhGGjRjvq7w,https://www.youtubekids.com/watch/FhGGjRjvq7w,kids history lesson English 2017,2017,en-us,passed_unauthenticated_metadata_format_check,2026-09-20T12:51:10+00:00
youtube_kids,kids_candidate,history,The history of tea - Shunan Teng,TED-Ed,298,LaLvVc1sS20,https://www.youtube.com/watch?v=LaLvVc1sS20,https://www.youtubekids.com/watch/LaLvVc1sS20,kids history lesson English 2017,2017,en,passed_unauthenticated_metadata_format_check,2026-09-20T12:51:16+00:00
youtube_kids,kids_candidate,coding,How To Learn Programming for BEGINNERS! (2022/2023),CroatCode,286,bJzb-RuUcMU,https://www.youtube.com/watch?v=bJzb-RuUcMU,https://www.youtubekids.com/watch/bJzb-RuUcMU,kids coding tutorial English 2017,2017,en-us,passed_unauthenticated_metadata_format_check,2026-09-20T12:51:23+00:00
youtube_kids,kids_candidate,craft,Easy Origami Masu Box Tutorial - Easiest Method - Paper Kawaii,Paper Kawaii - Origami Tutorials,272,Cd5Z8hmcb10,https://www.youtube.com/watch?v=Cd5Z8hmcb10,https://www.youtubekids.com/watch/Cd5Z8hmcb10,kids crafts tutorial English 2017,2017,en,passed_unauthenticated_metadata_format_check,2026-09-20T12:51:33+00:00
youtube_kids,kids_candidate,space,Sun 101 | National Geographic,National Geographic,300,2HoTK_Gqi2Q,https://www.youtube.com/watch?v=2HoTK_Gqi2Q,https://www.youtubekids.com/watch/2HoTK_Gqi2Q,kids space science English 2018,2018,en-us,passed_unauthenticated_metadata_format_check,2026-09-20T12:51:48+00:00
youtube_kids,kids_candidate,history,A day in the life of a Roman soldier - Robert Garland,TED-Ed,300,P5e7cl19Ha0,https://www.youtube.com/watch?v=P5e7cl19Ha0,https://www.youtubekids.com/watch/P5e7cl19Ha0,kids history lesson English 2018,2018,en,passed_unauthenticated_metadata_format_check,2026-09-20T12:51:50+00:00
youtube_kids,kids_candidate,history,The Korean War (1950–53),Simple History,271,yxaegqvl4aE,https://www.youtube.com/watch?v=yxaegqvl4aE,https://www.youtubekids.com/watch/yxaegqvl4aE,kids history lesson English 2018,2018,en-us,passed_unauthenticated_metadata_format_check,2026-09-20T12:51:54+00:00
youtube_kids,kids_candidate,coding,How exactly does binary code work? - José Américo N L F de Freitas,TED-Ed,280,wgbV6DLVezo,https://www.youtube.com/watch?v=wgbV6DLVezo,https://www.youtubekids.com/watch/wgbV6DLVezo,kids coding tutorial English 2018,2018,english_search_candidate,passed_unauthenticated_metadata_format_check,2026-09-20T12:51:56+00:00
youtube_kids,kids_candidate,coding,LEDs & Breadboards With Arduino in Tinkercad,Autodesk Tinkercad,283,MojSo7OtF9w,https://www.youtube.com/watch?v=MojSo7OtF9w,https://www.youtubekids.com/watch/MojSo7OtF9w,kids coding tutorial English 2018,2018,en,passed_unauthenticated_metadata_format_check,2026-09-20T12:51:59+00:00
youtube_kids,kids_candidate,cooking,Extreme Baking Championship - SNL,Saturday Night Live,314,CniGk7Dyp1c,https://www.youtube.com/watch?v=CniGk7Dyp1c,https://www.youtubekids.com/watch/CniGk7Dyp1c,kids cooking video English 2018,2018,english_search_candidate,passed_unauthenticated_metadata_format_check,2026-09-20T12:52:05+00:00
youtube_kids,kids_candidate,cooking,How to make Chocolate Brownies | Jamie Oliver,Jamie Oliver,308,KETPZPm6148,https://www.youtube.com/watch?v=KETPZPm6148,https://www.youtubekids.com/watch/KETPZPm6148,kids cooking video English 2018,2018,en-gb,passed_unauthenticated_metadata_format_check,2026-09-20T12:52:08+00:00
youtube_kids,kids_candidate,engineering,The Young Codemaster: Raising a Computer Prodigy | On The Red Dot | CNA Insider,CNA Insider,274,3FvSLA-Kvvs,https://www.youtube.com/watch?v=3FvSLA-Kvvs,https://www.youtubekids.com/watch/3FvSLA-Kvvs,kids engineering science English 2018,2018,en,passed_unauthenticated_metadata_format_check,2026-09-20T12:52:12+00:00
youtube_kids,kids_candidate,science,5 Easy Summer Activities for Kids | Outdoor Science,TheDadLab,320,LN34TM1si1Q,https://www.youtube.com/watch?v=LN34TM1si1Q,https://www.youtubekids.com/watch/LN34TM1si1Q,kids science experiment English 2019,2019,english_search_candidate,passed_unauthenticated_metadata_format_check,2026-09-20T12:52:26+00:00
youtube_kids,kids_candidate,geography,Sharks 101 | National Geographic,National Geographic,316,4HGNqFdaD34,https://www.youtube.com/watch?v=4HGNqFdaD34,https://www.youtubekids.com/watch/4HGNqFdaD34,kids geography lesson English 2019,2019,en-us,passed_unauthenticated_metadata_format_check,2026-09-20T12:52:32+00:00
youtube_kids,kids_candidate,engineering,GCSE Chemistry - Crude Oil and Fractional Distillation,Cognito,330,CjmriZq5xRo,https://www.youtube.com/watch?v=CjmriZq5xRo,https://www.youtubekids.com/watch/CjmriZq5xRo,kids engineering science English 2019,2019,en-us,passed_unauthenticated_metadata_format_check,2026-09-20T12:52:44+00:00
youtube_kids,kids_candidate,history,A brief history of alcohol - Rod Phillips,TED-Ed,321,y5XEwTDlriE,https://www.youtube.com/watch?v=y5XEwTDlriE,https://www.youtubekids.com/watch/y5XEwTDlriE,kids history lesson English 2020,2020,english_search_candidate,passed_unauthenticated_metadata_format_check,2026-09-20T12:52:53+00:00
youtube_kids,kids_candidate,history,The mysterious life and death of Rasputin - Eden Girma,TED-Ed,313,4dEf1ep3O9I,https://www.youtube.com/watch?v=4dEf1ep3O9I,https://www.youtubekids.com/watch/4dEf1ep3O9I,kids history lesson English 2020,2020,english_search_candidate,passed_unauthenticated_metadata_format_check,2026-09-20T12:52:57+00:00
youtube_kids,kids_candidate,coding,How to Make a Jumping Game in Scratch | Tutorial,Scratch Team,304,1jHvXakt1qw,https://www.youtube.com/watch?v=1jHvXakt1qw,https://www.youtubekids.com/watch/1jHvXakt1qw,kids coding tutorial English 2020,2020,en,passed_unauthenticated_metadata_format_check,2026-09-20T12:52:59+00:00
youtube_kids,kids_candidate,movement,"Rumi Dance Yoga | Move, Freeze, and Stretch! | Fun Yoga for Everyone",Yoga For Everyone,286,I6E3PgyesF0,https://www.youtube.com/watch?v=I6E3PgyesF0,https://www.youtubekids.com/watch/I6E3PgyesF0,kids dance movement yoga English 2020,2020,en,passed_unauthenticated_metadata_format_check,2026-09-20T12:53:02+00:00
youtube_kids,kids_candidate,engineering,GM Crops | Genetics | Biology | FuseSchool,FuseSchool - Global Education,270,kZIYkYNpnP0,https://www.youtube.com/watch?v=kZIYkYNpnP0,https://www.youtubekids.com/watch/kZIYkYNpnP0,kids engineering science English 2020,2020,en-gb,passed_unauthenticated_metadata_format_check,2026-09-20T12:53:10+00:00
youtube_kids,kids_candidate,science,7 EASY SCIENCE EXPERIMENTS WITH SALT / SALT TRICKS,Fun Science,292,lK0_PhRAP0Q,https://www.youtube.com/watch?v=lK0_PhRAP0Q,https://www.youtubekids.com/watch/lK0_PhRAP0Q,kids science experiment English 2021,2021,english_search_candidate,passed_unauthenticated_metadata_format_check,2026-09-20T12:53:20+00:00
youtube_kids,kids_candidate,history,A brief history of toilets - Francis de los Reyes,TED-Ed,322,0dYk99S98Jc,https://www.youtube.com/watch?v=0dYk99S98Jc,https://www.youtubekids.com/watch/0dYk99S98Jc,kids history lesson English 2021,2021,en,passed_unauthenticated_metadata_format_check,2026-09-20T12:53:26+00:00
youtube_kids,kids_candidate,craft,How to Crochet: Best Magic Ring Tutorial - Easiest for Amigurumi Beginners,A Menagerie of Stitches,278,8aK_OSjwECU,https://www.youtube.com/watch?v=8aK_OSjwECU,https://www.youtubekids.com/watch/8aK_OSjwECU,kids crafts tutorial English 2022,2022,english_search_candidate,passed_unauthenticated_metadata_format_check,2026-09-20T12:53:55+00:00
youtube_kids,kids_candidate,reading,Year 1 KS1 Phonics Lesson Observation: The 'ow' Sound,Mediamerge: Video Learning Resources,294,IKhzG5R4jc8,https://www.youtube.com/watch?v=IKhzG5R4jc8,https://www.youtubekids.com/watch/IKhzG5R4jc8,phonics reading lesson English kids 2022,2022,en-us,passed_unauthenticated_metadata_format_check,2026-09-20T12:54:02+00:00
youtube_kids,kids_candidate,coding,Traffic Has a Perfect Solution. Humans Are the Problem.,CGP Grey,270,iHzzSao6ypE,https://www.youtube.com/watch?v=iHzzSao6ypE,https://www.youtubekids.com/watch/iHzzSao6ypE,kids coding tutorial English 2023,2023,en-us,passed_unauthenticated_metadata_format_check,2026-09-20T12:54:24+00:00
youtube_kids,kids_candidate,history,I SUED THE SCHOOL SYSTEM (2026),Prince Ea,324,dqTTojTija8,https://www.youtube.com/watch?v=dqTTojTija8,https://www.youtubekids.com/watch/dqTTojTija8,kids history lesson English 2024,2024,en-us,passed_unauthenticated_metadata_format_check,2026-09-20T12:54:37+00:00
youtube_kids,kids_candidate,history,"The epic of Gilgamesh, the king who tried to conquer death - Soraya Field Fiorio",TED-Ed,327,BV9t3Cp18Rc,https://www.youtube.com/watch?v=BV9t3Cp18Rc,https://www.youtubekids.com/watch/BV9t3Cp18Rc,kids history lesson English 2024,2024,en,passed_unauthenticated_metadata_format_check,2026-09-20T12:54:39+00:00
youtube_kids,kids_candidate,craft,DIY ORIGAMI MAGIC CUBE EASY FOLDING | MAGIC CUBE ORIGAMI TUTORIAL | UNFOLD THE MYSTERY PAPER CRAFT,Origami World,277,RkCyffK2G5I,https://www.youtube.com/watch?v=RkCyffK2G5I,https://www.youtubekids.com/watch/RkCyffK2G5I,kids crafts tutorial English 2024,2024,en,passed_unauthenticated_metadata_format_check,2026-09-20T12:54:41+00:00
youtube,normal_youtube,vlog_daily,"The Daily Vlog, 03/14/07: How to survive a zombie outbreak",dailyvlog,330,gQbQ8jR6F6s,https://www.youtube.com/watch?v=gQbQ8jR6F6s,,English daily vlog 2008,2008,en,passed_unauthenticated_metadata_format_check,2026-09-20T12:55:00+00:00
youtube,normal_youtube,vlog_travel,Empire Of The Sun - We Are The People (Official Music Video),Empire Of The Sun,312,hN5X4kGhAtU,https://www.youtube.com/watch?v=hN5X4kGhAtU,,English travel vlog 2008,2008,english_search_candidate,passed_unauthenticated_metadata_format_check,2026-09-20T12:55:05+00:00
youtube,normal_youtube,vlog_travel,The Black Eyed Peas - Meet Me Halfway (Official Music Video),Black Eyed Peas,289,I7HahVwYpwo,https://www.youtube.com/watch?v=I7HahVwYpwo,,English travel vlog 2008,2008,english_search_candidate,passed_unauthenticated_metadata_format_check,2026-09-20T12:55:07+00:00
youtube,normal_youtube,documentary_science,Time Is But a Stubborn Illusion - Sneak Peek | Genius,National Geographic,274,ZyYqyYAKGC0,https://www.youtube.com/watch?v=ZyYqyYAKGC0,,short science documentary English 2008,2008,en-us,passed_unauthenticated_metadata_format_check,2026-09-20T12:55:09+00:00
youtube,normal_youtube,documentary_science,The surprisingly long history of electric cars - Daniel Sperling and Gil Tal,TED-Ed,320,-EG6rqA2vvA,https://www.youtube.com/watch?v=-EG6rqA2vvA,,short science documentary English 2008,2008,english_search_candidate,passed_unauthenticated_metadata_format_check,2026-09-20T12:55:11+00:00
youtube,normal_youtube,documentary_science,Plato’s Allegory of the Cave - Alex Gendler,TED-Ed,273,1RWOpQXTltA,https://www.youtube.com/watch?v=1RWOpQXTltA,,short science documentary English 2008,2008,english_search_candidate,passed_unauthenticated_metadata_format_check,2026-09-20T12:55:13+00:00
youtube,normal_youtube,documentary_science,The Milgram Experiment: Obedience to Authority,Sprouts,312,vuMt8b4UrcI,https://www.youtube.com/watch?v=vuMt8b4UrcI,,short science documentary English 2008,2008,en-us,passed_unauthenticated_metadata_format_check,2026-09-20T12:55:15+00:00
youtube,normal_youtube,documentary_culture,Identity SHORT FILM (Award Winning Inspirational Short),Kj Adames (PUSH:FUTURE),318,ikGVWEvUzNM,https://www.youtube.com/watch?v=ikGVWEvUzNM,,short culture documentary English 2008,2008,english_search_candidate,passed_unauthenticated_metadata_format_check,2026-09-20T12:55:17+00:00
youtube,normal_youtube,documentary_culture,Why is it so hard to escape poverty? - Ann-Helén Bay,TED-Ed,285,D9N7QaIOkG8,https://www.youtube.com/watch?v=D9N7QaIOkG8,,short culture documentary English 2008,2008,en,passed_unauthenticated_metadata_format_check,2026-09-20T12:55:20+00:00
youtube,normal_youtube,documentary_culture,THE BIG SHORT MOVIE EXPLAINED ANIMIATED,ViralWhirl,303,UFlHwkiAmyU,https://www.youtube.com/watch?v=UFlHwkiAmyU,,short culture documentary English 2008,2008,en-us,passed_unauthenticated_metadata_format_check,2026-09-20T12:55:22+00:00
youtube,normal_youtube,interview,ShockHound Interview: Tokio Hotel,Shock Hound,273,HhxPWTGYX2I,https://www.youtube.com/watch?v=HhxPWTGYX2I,,English interview conversation 2008,2008,english_search_candidate,passed_unauthenticated_metadata_format_check,2026-09-20T12:55:23+00:00
youtube,normal_youtube,interview,Why Warren Buffett Said No to Lehman and AIG in 2008,The Wall Street Journal,302,1QeUcfqkUzc,https://www.youtube.com/watch?v=1QeUcfqkUzc,,English interview conversation 2008,2008,en,passed_unauthenticated_metadata_format_check,2026-09-20T12:55:25+00:00
youtube,normal_youtube,education,6 Types of Eating Disorders,Psych2Go,296,0SRmccgFIs8,https://www.youtube.com/watch?v=0SRmccgFIs8,,educational explainer English 2008,2008,en,passed_unauthenticated_metadata_format_check,2026-09-20T12:55:27+00:00
youtube,normal_youtube,news,People and Politics | Struggling with the Financial Crisis â Europe Seeks a Solution,DW News,285,uetUCVmXGFU,https://www.youtube.com/watch?v=uetUCVmXGFU,,news explainer English 2008,2008,en,passed_unauthenticated_metadata_format_check,2026-09-20T12:55:29+00:00
youtube,normal_youtube,news,Alderney UFO sighting explained | Why it's one of the most incredible ever recorded | This Is Why,7NEWS Australia,310,Ovb2uMYstwY,https://www.youtube.com/watch?v=Ovb2uMYstwY,,news explainer English 2008,2008,english_search_candidate,passed_unauthenticated_metadata_format_check,2026-09-20T12:55:31+00:00
youtube,normal_youtube,news,Euro Crisis explained (explainity® explainer video),explainitychannel,291,ttuXQWV_dtQ,https://www.youtube.com/watch?v=ttuXQWV_dtQ,,news explainer English 2008,2008,en-us,passed_unauthenticated_metadata_format_check,2026-09-20T12:55:36+00:00
youtube,normal_youtube,comedy,Dateline: The Mystery of the Chopped Up Guy - SNL,Saturday Night Live,307,K5Lv6t0moFY,https://www.youtube.com/watch?v=K5Lv6t0moFY,,English comedy sketch 2008,2008,english_search_candidate,passed_unauthenticated_metadata_format_check,2026-09-20T12:55:38+00:00
youtube,normal_youtube,comedy,Short Term Memory Loss Theater - SNL,Saturday Night Live,297,M4ilv14csd4,https://www.youtube.com/watch?v=M4ilv14csd4,,English comedy sketch 2008,2008,english_search_candidate,passed_unauthenticated_metadata_format_check,2026-09-20T12:55:40+00:00
youtube,normal_youtube,music,U2 - With Or Without You (Official Music Video),U2,292,ujNeHIo7oTE,https://www.youtube.com/watch?v=ujNeHIo7oTE,,music lesson English 2008,2008,english_search_candidate,passed_unauthenticated_metadata_format_check,2026-09-20T12:55:42+00:00
youtube,normal_youtube,music,Foreigner - I Want To Know What Love Is (Official Music Video),RHINO,301,r3Pr1_v7hsw,https://www.youtube.com/watch?v=r3Pr1_v7hsw,,music lesson English 2008,2008,en,passed_unauthenticated_metadata_format_check,2026-09-20T12:55:44+00:00
youtube,normal_youtube,music,The Black Eyed Peas - I Gotta Feeling (Official Music Video),Black Eyed Peas,291,uSD4vsh1zDA,https://www.youtube.com/watch?v=uSD4vsh1zDA,,music lesson English 2008,2008,english_search_candidate,passed_unauthenticated_metadata_format_check,2026-09-20T12:55:46+00:00
youtube,normal_youtube,diy,How to Cut Shirts Like Ed Hardy : Shirt Modifications,eHowArtsAndCrafts,270,zQDyu7O9O5g,https://www.youtube.com/watch?v=zQDyu7O9O5g,,DIY tutorial English 2008,2008,en-us,passed_unauthenticated_metadata_format_check,2026-09-20T12:55:48+00:00
youtube,normal_youtube,diy,How to install ambient lighting in any car at home,THE_JOURNEY,273,vszjoGkST14,https://www.youtube.com/watch?v=vszjoGkST14,,DIY tutorial English 2008,2008,en,passed_unauthenticated_metadata_format_check,2026-09-20T12:55:50+00:00
youtube,normal_youtube,diy,NICEST Car Horn Ever- DIY,Mark Rober,292,lv8wqnk_TsA,https://www.youtube.com/watch?v=lv8wqnk_TsA,,DIY tutorial English 2008,2008,en-us,passed_unauthenticated_metadata_format_check,2026-09-20T12:55:53+00:00
youtube,normal_youtube,diy,How to Replace and Install a Toilet,Lowe's Home Improvement,298,YHhAsSoP04c,https://www.youtube.com/watch?v=YHhAsSoP04c,,DIY tutorial English 2008,2008,en-us,passed_unauthenticated_metadata_format_check,2026-09-20T12:55:55+00:00
youtube,normal_youtube,gaming,In Full! Manchester United's Dramatic Penalty Shootout Win Over Chelsea | Champions League Final,TNT Sports Football,279,z-QliFMvpqI,https://www.youtube.com/watch?v=z-QliFMvpqI,,English gaming commentary 2008,2008,en,passed_unauthenticated_metadata_format_check,2026-09-20T12:55:57+00:00
youtube,normal_youtube,lifestyle,Ne-Yo - Miss Independent [Official Video],NE-YO,277,k6M5C-oKw9k,https://www.youtube.com/watch?v=k6M5C-oKw9k,,English lifestyle video 2008,2008,english_search_candidate,passed_unauthenticated_metadata_format_check,2026-09-20T12:55:59+00:00
youtube,normal_youtube,lifestyle,Nelly - Dilemma (Official Music Video) ft. Kelly Rowland,Nelly,281,8WYHDfJDPDc,https://www.youtube.com/watch?v=8WYHDfJDPDc,,English lifestyle video 2008,2008,english_search_candidate,passed_unauthenticated_metadata_format_check,2026-09-20T12:56:01+00:00
youtube,normal_youtube,lifestyle,Alicia Keys - Try Sleeping with a Broken Heart (Official Video),Alicia Keys,279,srMBZiqNMaM,https://www.youtube.com/watch?v=srMBZiqNMaM,,English lifestyle video 2008,2008,english_search_candidate,passed_unauthenticated_metadata_format_check,2026-09-20T12:56:03+00:00
youtube,normal_youtube,lifestyle,The Verve - Bitter Sweet Symphony,The Verve,275,1lyu1KKwC74,https://www.youtube.com/watch?v=1lyu1KKwC74,,English lifestyle video 2008,2008,english_search_candidate,passed_unauthenticated_metadata_format_check,2026-09-20T12:56:05+00:00
youtube,normal_youtube,business,The Financial Crisis: What Did We Learn? | People & Politics,DW News,318,1tblrdU9M5g,https://www.youtube.com/watch?v=1tblrdU9M5g,,business explainer English 2008,2008,en,passed_unauthenticated_metadata_format_check,2026-09-20T12:56:07+00:00
youtube,normal_youtube,vlog_travel,Little Europe: San Marino - Rick Steves’ Europe Travel Guide - Travel Bite,Rick Steves' Europe,303,eSqoEhWd9cM,https://www.youtube.com/watch?v=eSqoEhWd9cM,,English travel vlog 2009,2009,en,passed_unauthenticated_metadata_format_check,2026-09-20T12:56:09+00:00
youtube,normal_youtube,vlog_travel,Sting - Desert Rose,Sting,284,C3lWwBslWqg,https://www.youtube.com/watch?v=C3lWwBslWqg,,English travel vlog 2009,2009,english_search_candidate,passed_unauthenticated_metadata_format_check,2026-09-20T12:56:11+00:00
youtube,normal_youtube,vlog_travel,Savage Garden - To The Moon & Back (Extended Version),Savage Garden,287,HCm6gRHINqA,https://www.youtube.com/watch?v=HCm6gRHINqA,,English travel vlog 2009,2009,english_search_candidate,passed_unauthenticated_metadata_format_check,2026-09-20T12:56:13+00:00
youtube,normal_youtube,vlog_travel,Coldplay - Trouble (Official video),Coldplay,291,kcASPx3-HuI,https://www.youtube.com/watch?v=kcASPx3-HuI,,English travel vlog 2009,2009,english_search_candidate,passed_unauthenticated_metadata_format_check,2026-09-20T12:56:15+00:00
youtube,normal_youtube,vlog_study,IKI- 2009.,maripnc,270,1Vxp6pWSrhk,https://www.youtube.com/watch?v=1Vxp6pWSrhk,,English study vlog 2009,2009,english_search_candidate,passed_unauthenticated_metadata_format_check,2026-09-20T12:56:17+00:00
youtube,normal_youtube,vlog_cooking,Robin Williams & Martha Stewart Can't Stop Laughing While Cooking Tacos,Martha Stewart,317,eZW5j_dW6QM,https://www.youtube.com/watch?v=eZW5j_dW6QM,,English cooking vlog 2009,2009,en-us,passed_unauthenticated_metadata_format_check,2026-09-20T12:56:19+00:00
youtube,normal_youtube,vlog_cooking,"Final of T20 WorldCup, 2009 #YouTube #vlog #music #gaming #funny#beauty#food #travel #fitness #fyp",The Authentic Archives,326,-ExSPX1STPI,https://www.youtube.com/watch?v=-ExSPX1STPI,,English cooking vlog 2009,2009,english_search_candidate,passed_unauthenticated_metadata_format_check,2026-09-20T12:56:21+00:00
youtube,normal_youtube,vlog_cooking,"Food Trip!, Vlog#3",Rene Enriquez | Artwalk,329,6Z6pIuEPdtA,https://www.youtube.com/watch?v=6Z6pIuEPdtA,,English cooking vlog 2009,2009,en,passed_unauthenticated_metadata_format_check,2026-09-20T12:56:24+00:00
youtube,normal_youtube,documentary_nature,Siberia's Stripes of Death | Nat Geo Wild,Nat Geo Animals,292,ifErUXPdw8Y,https://www.youtube.com/watch?v=ifErUXPdw8Y,,short nature documentary English 2009,2009,en,passed_unauthenticated_metadata_format_check,2026-09-20T12:56:26+00:00
youtube,normal_youtube,documentary_nature,Theory of Evolution: How did Darwin come up with it? - BBC News,BBC News,323,JOk_0mUT_JU,https://www.youtube.com/watch?v=JOk_0mUT_JU,,short nature documentary English 2009,2009,en,passed_unauthenticated_metadata_format_check,2026-09-20T12:56:28+00:00
youtube,normal_youtube,documentary_nature,Emperor penguin chicks jump off a 50-foot cliff in Antarctica NEVER-BEFORE-FILMED FOR TV | Nat Geo,National Geographic,272,4PwDFddpo4c,https://www.youtube.com/watch?v=4PwDFddpo4c,,short nature documentary English 2009,2009,english_search_candidate,passed_unauthenticated_metadata_format_check,2026-09-20T12:56:30+00:00
youtube,normal_youtube,documentary_science,9/11 Impact Anatomy | National Geographic,National Geographic,298,_FVAzn1Yuz8,https://www.youtube.com/watch?v=_FVAzn1Yuz8,,short science documentary English 2009,2009,en-us,passed_unauthenticated_metadata_format_check,2026-09-20T12:56:32+00:00
youtube,normal_youtube,documentary_culture,What Is Code-Switching? | Between The Lines,HuffPost,313,QNbdn0yuUw8,https://www.youtube.com/watch?v=QNbdn0yuUw8,,short culture documentary English 2009,2009,en,passed_unauthenticated_metadata_format_check,2026-09-20T12:56:34+00:00
youtube,normal_youtube,interview,Tupac Talks Donald Trump & Greed in America in 1992 Interview | MTV News,MTV News,295,GL-ZoNhUFmc,https://www.youtube.com/watch?v=GL-ZoNhUFmc,,English interview conversation 2009,2009,en-us,passed_unauthenticated_metadata_format_check,2026-09-20T12:56:36+00:00
youtube,normal_youtube,podcast,Norm Macdonald's Turtle Joke | Late Night with Conan O’Brien,Conan O'Brien,279,DIsgBAXQxR4,https://www.youtube.com/watch?v=DIsgBAXQxR4,,English podcast conversation 2009,2009,en-us,passed_unauthenticated_metadata_format_check,2026-09-20T12:56:38+00:00
youtube,normal_youtube,education,What Happened on 9/11 | 5 Minute Video,PragerU,319,QGXrZsX_1fU,https://www.youtube.com/watch?v=QGXrZsX_1fU,,educational explainer English 2009,2009,english_search_candidate,passed_unauthenticated_metadata_format_check,2026-09-20T12:56:40+00:00
youtube,normal_youtube,education,How does the EU work (and why is it so complex)? | DW News,DW News,309,8RkwIlr912A,https://www.youtube.com/watch?v=8RkwIlr912A,,educational explainer English 2009,2009,en,passed_unauthenticated_metadata_format_check,2026-09-20T12:56:42+00:00
youtube,normal_youtube,news,India’s caste system: What it means to be a Dalit woman? – BBC News,BBC News,294,in5gjuWPAvg,https://www.youtube.com/watch?v=in5gjuWPAvg,,news explainer English 2009,2009,en,passed_unauthenticated_metadata_format_check,2026-09-20T12:56:44+00:00
youtube,normal_youtube,comedy,Stewart Lee's Apple Shop Sketch,kirkfnw,293,4yQP3frvrA0,https://www.youtube.com/watch?v=4yQP3frvrA0,,English comedy sketch 2009,2009,en,passed_unauthenticated_metadata_format_check,2026-09-20T12:56:46+00:00
youtube,normal_youtube,comedy,Best Stand up comedy sketch ever!,Aiysha Jebali,300,Kuqrj8uBZ5U,https://www.youtube.com/watch?v=Kuqrj8uBZ5U,,English comedy sketch 2009,2009,en,passed_unauthenticated_metadata_format_check,2026-09-20T12:56:48+00:00
youtube,normal_youtube,comedy,Monty Python's Ministry of Silly Walks (Full Sketch),bakalai,293,iV2ViNJFZC8,https://www.youtube.com/watch?v=iV2ViNJFZC8,,English comedy sketch 2009,2009,english_search_candidate,passed_unauthenticated_metadata_format_check,2026-09-20T12:56:50+00:00
youtube,normal_youtube,sports,What is a False Nine?,Tifo Football by The Athletic,302,t8jPSUQzyBE,https://www.youtube.com/watch?v=t8jPSUQzyBE,,sports analysis English 2009,2009,en,passed_unauthenticated_metadata_format_check,2026-09-20T12:56:52+00:00
youtube,normal_youtube,music,Fleetwood Mac - The Chain (Official Audio),Fleetwood Mac,271,xwTPvcPYaOo,https://www.youtube.com/watch?v=xwTPvcPYaOo,,music lesson English 2009,2009,english_search_candidate,passed_unauthenticated_metadata_format_check,2026-09-20T12:56:54+00:00
youtube,normal_youtube,music,Nirvana - Smells Like Teen Spirit (Official Music Video),Nirvana,278,hTWKbfoikeg,https://www.youtube.com/watch?v=hTWKbfoikeg,,music lesson English 2009,2009,english_search_candidate,passed_unauthenticated_metadata_format_check,2026-09-20T12:56:57+00:00
youtube,normal_youtube,music,AC/DC - Thunderstruck (Official Video),AC/DC,293,v2AC41dglnM,https://www.youtube.com/watch?v=v2AC41dglnM,,music lesson English 2009,2009,english_search_candidate,passed_unauthenticated_metadata_format_check,2026-09-20T12:56:59+00:00
youtube,normal_youtube,music,Lady Antebellum - Need You Now,Lady A,271,eM213aMKTHg,https://www.youtube.com/watch?v=eM213aMKTHg,,music lesson English 2009,2009,english_search_candidate,passed_unauthenticated_metadata_format_check,2026-09-20T12:57:01+00:00
youtube,normal_youtube,music,Bullet For My Valentine - Tears Don't Fall (Official Video),Bullet For My Valentine,277,9sTQ0QdkN3Q,https://www.youtube.com/watch?v=9sTQ0QdkN3Q,,music lesson English 2009,2009,english_search_candidate,passed_unauthenticated_metadata_format_check,2026-09-20T12:57:03+00:00
youtube,normal_youtube,gaming,"The greatest last lap in MotoGP history | Valentino Rossi vs Jorge Lorenzo, 2009",TNT Sports Football,277,5VqufZiFllo,https://www.youtube.com/watch?v=5VqufZiFllo,,English gaming commentary 2009,2009,en,passed_unauthenticated_metadata_format_check,2026-09-20T12:57:05+00:00
youtube,normal_youtube,gaming,Liverpool 4-0 Real Madrid (2009) | UEFA Champions League classic matches,TNT Sports Football,276,cZihmu9bRDo,https://www.youtube.com/watch?v=cZihmu9bRDo,,English gaming commentary 2009,2009,en,passed_unauthenticated_metadata_format_check,2026-09-20T12:57:07+00:00
youtube,normal_youtube,lifestyle,English Culture Video Nicholas 9A,qabros,271,NAClV-OLIQs,https://www.youtube.com/watch?v=NAClV-OLIQs,,English lifestyle video 2009,2009,en,passed_unauthenticated_metadata_format_check,2026-09-20T12:57:09+00:00
youtube,normal_youtube,lifestyle,Chris Brown - Forever (Official HD Video),Chris Brown,279,5sMKX22BHeE,https://www.youtube.com/watch?v=5sMKX22BHeE,,English lifestyle video 2009,2009,english_search_candidate,passed_unauthenticated_metadata_format_check,2026-09-20T12:57:11+00:00
youtube,normal_youtube,lifestyle,Sean Paul - I'm Still In Love With You (Official Video),Atlantic Records,275,AQ4TW5Z8eu0,https://www.youtube.com/watch?v=AQ4TW5Z8eu0,,English lifestyle video 2009,2009,en,passed_unauthenticated_metadata_format_check,2026-09-20T12:57:14+00:00
youtube,normal_youtube,lifestyle,George Michael - Careless Whisper (Official Video),George Michael,301,izGwDsrQ1eQ,https://www.youtube.com/watch?v=izGwDsrQ1eQ,,English lifestyle video 2009,2009,english_search_candidate,passed_unauthenticated_metadata_format_check,2026-09-20T12:57:16+00:00
youtube,normal_youtube,vlog_travel,Avicii - Wake Me Up (Official Video),Avicii,273,IcrbM1l_BoI,https://www.youtube.com/watch?v=IcrbM1l_BoI,,English travel vlog 2010,2010,english_search_candidate,passed_unauthenticated_metadata_format_check,2026-09-20T12:57:18+00:00
youtube,normal_youtube,vlog_travel,Katy Perry - The One That Got Away (Official Music Video),Katy Perry,290,Ahha3Cqe_fk,https://www.youtube.com/watch?v=Ahha3Cqe_fk,,English travel vlog 2010,2010,english_search_candidate,passed_unauthenticated_metadata_format_check,2026-09-20T12:57:20+00:00
youtube,normal_youtube,vlog_travel,Ed Sheeran - Thinking Out Loud (Official Music Video),Ed Sheeran,289,lp-EO5I60KA,https://www.youtube.com/watch?v=lp-EO5I60KA,,English travel vlog 2010,2010,en,passed_unauthenticated_metadata_format_check,2026-09-20T12:57:23+00:00
youtube,normal_youtube,vlog_travel,Justin Bieber - Beauty And A Beat (Official Music Video) ft. Nicki Minaj,Justin Bieber,293,Ys7-6_t7OEQ,https://www.youtube.com/watch?v=Ys7-6_t7OEQ,,English travel vlog 2010,2010,english_search_candidate,passed_unauthenticated_metadata_format_check,2026-09-20T12:57:25+00:00
youtube,normal_youtube,vlog_cooking,Kylie Jealous Of Kendall | Season 4 | Keeping Up With The Kardashians,Hayu,306,3r3OgTR-7TA,https://www.youtube.com/watch?v=3r3OgTR-7TA,,English cooking vlog 2010,2010,en,passed_unauthenticated_metadata_format_check,2026-09-20T12:57:29+00:00
youtube,normal_youtube,documentary_nature,Earthquakes 101 | National Geographic,National Geographic,301,_r_nFT2m-Vg,https://www.youtube.com/watch?v=_r_nFT2m-Vg,,short nature documentary English 2010,2010,en-us,passed_unauthenticated_metadata_format_check,2026-09-20T12:57:31+00:00
youtube,normal_youtube,documentary_nature,"5 Years After Katrina, Ruins - And a Natural Wonder - Remain | National Geographic",National Geographic,307,8JaSpFpWJ3U,https://www.youtube.com/watch?v=8JaSpFpWJ3U,,short nature documentary English 2010,2010,en-us,passed_unauthenticated_metadata_format_check,2026-09-20T12:57:34+00:00
youtube,normal_youtube,documentary_science,"Apollo 11’s journey to the moon, annotated",Vox,314,OCjhCL2iqlQ,https://www.youtube.com/watch?v=OCjhCL2iqlQ,,short science documentary English 2010,2010,en,passed_unauthenticated_metadata_format_check,2026-09-20T12:57:37+00:00
youtube,normal_youtube,documentary_science,What is the Fibonacci Sequence & the Golden Ratio? Simple Explanation and Examples in Everyday Life,Science ABC,301,2tv6Ej6JVho,https://www.youtube.com/watch?v=2tv6Ej6JVho,,short science documentary English 2010,2010,en-us,passed_unauthenticated_metadata_format_check,2026-09-20T12:57:39+00:00
youtube,normal_youtube,documentary_science,Past and Present | Technology Then and Now,Astrolabe,309,DENG7Q7VRgo,https://www.youtube.com/watch?v=DENG7Q7VRgo,,short science documentary English 2010,2010,en-us,passed_unauthenticated_metadata_format_check,2026-09-20T12:57:41+00:00
youtube,normal_youtube,documentary_science,Asch’s Conformity Experiment on Groupthink,Sprouts,325,WkK5eA_qhFk,https://www.youtube.com/watch?v=WkK5eA_qhFk,,short science documentary English 2010,2010,en-us,passed_unauthenticated_metadata_format_check,2026-09-20T12:57:43+00:00
youtube,normal_youtube,interview,Max 60 Seconds: Jake Gyllenhal (Love & Other Drugs) (Cinemax),Cinemax,275,Hd0bHo5QDk4,https://www.youtube.com/watch?v=Hd0bHo5QDk4,,English interview conversation 2010,2010,en-us,passed_unauthenticated_metadata_format_check,2026-09-20T12:57:45+00:00
youtube,normal_youtube,podcast,DACA Podcast English 2010,Nahuel Tulian,301,VvXsXzJxCU4,https://www.youtube.com/watch?v=VvXsXzJxCU4,,English podcast conversation 2010,2010,en,passed_unauthenticated_metadata_format_check,2026-09-20T12:57:47+00:00
youtube,normal_youtube,technology,Every Computer Generation Explained in 4 Minutes,Byte Sized Explainer,295,75z6HRmo_CU,https://www.youtube.com/watch?v=75z6HRmo_CU,,technology explainer English 2010,2010,en,passed_unauthenticated_metadata_format_check,2026-09-20T12:57:49+00:00
youtube,normal_youtube,technology,Every Computer Component Explained in 4 Minutes,Byte Sized Explainer,271,YxcTBB6_bws,https://www.youtube.com/watch?v=YxcTBB6_bws,,technology explainer English 2010,2010,en,passed_unauthenticated_metadata_format_check,2026-09-20T12:57:51+00:00
youtube,normal_youtube,education,Inception - Explaining the dream world,Orkhan Umudlu,273,V3-a58Wt2tk,https://www.youtube.com/watch?v=V3-a58Wt2tk,,educational explainer English 2010,2010,en,passed_unauthenticated_metadata_format_check,2026-09-20T12:57:53+00:00
youtube,normal_youtube,education,Incoterms for beginners | Global Trade Explained,TEXIN INDUSTRIES,276,4LuSSdzK6aM,https://www.youtube.com/watch?v=4LuSSdzK6aM,,educational explainer English 2010,2010,en,passed_unauthenticated_metadata_format_check,2026-09-20T12:57:55+00:00
youtube,normal_youtube,news,The war in Syria explained in five minutes,The Guardian,328,K5H5w3_QTG0,https://www.youtube.com/watch?v=K5H5w3_QTG0,,news explainer English 2010,2010,en,passed_unauthenticated_metadata_format_check,2026-09-20T12:57:57+00:00
youtube,normal_youtube,news,The My Lai Massacre | History,HISTORY,321,OnvTyMptOt8,https://www.youtube.com/watch?v=OnvTyMptOt8,,news explainer English 2010,2010,en-us,passed_unauthenticated_metadata_format_check,2026-09-20T12:58:00+00:00
youtube,normal_youtube,comedy,The Best Sketch Comedy Shows of the 2010s,Paste Magazine,282,Qd0QAUcbuJc,https://www.youtube.com/watch?v=Qd0QAUcbuJc,,English comedy sketch 2010,2010,en,passed_unauthenticated_metadata_format_check,2026-09-20T12:58:02+00:00
youtube,normal_youtube,sports,Even the BEST Make Mistakes 😩 Top 10 Goalkeeper Bloopers Since 2010,Bundesliga,272,KMS36VyuY1A,https://www.youtube.com/watch?v=KMS36VyuY1A,,sports analysis English 2010,2010,en,passed_unauthenticated_metadata_format_check,2026-09-20T12:58:04+00:00
youtube,normal_youtube,music,"Enrique Iglesias - Bailando ft. Sean Paul, Descemer Bueno, Gente De Zona",Enrique Iglesias,272,b8I-7Wk_Vbc,https://www.youtube.com/watch?v=b8I-7Wk_Vbc,,music lesson English 2010,2010,english_search_candidate,passed_unauthenticated_metadata_format_check,2026-09-20T12:58:05+00:00
youtube,normal_youtube,music,Adele - Someone Like You (Official Music Video),Adele,285,hLQl3WQQoQ0,https://www.youtube.com/watch?v=hLQl3WQQoQ0,,music lesson English 2010,2010,en,passed_unauthenticated_metadata_format_check,2026-09-20T12:58:08+00:00
youtube,normal_youtube,music,OneRepublic - Counting Stars,OneRepublic,283,hT_nvWreIhg,https://www.youtube.com/watch?v=hT_nvWreIhg,,music lesson English 2010,2010,english_search_candidate,passed_unauthenticated_metadata_format_check,2026-09-20T12:58:09+00:00
youtube,normal_youtube,gaming,Portugal v Korea DPR | 2010 FIFA World Cup | Match Highlights,FIFA,305,3NxAB8hm_eo,https://www.youtube.com/watch?v=3NxAB8hm_eo,,English gaming commentary 2010,2010,en,passed_unauthenticated_metadata_format_check,2026-09-20T12:58:11+00:00
youtube,normal_youtube,gaming,FC BARCELONA 6-1 PSG | Match highlights,FC Barcelona,296,h4m68r8kWAc,https://www.youtube.com/watch?v=h4m68r8kWAc,,English gaming commentary 2010,2010,en,passed_unauthenticated_metadata_format_check,2026-09-20T12:58:14+00:00
youtube,normal_youtube,gaming,South Africa v Mexico | 2010 FIFA World Cup | Match Highlights,FIFA,270,8K-mI94l7bY,https://www.youtube.com/watch?v=8K-mI94l7bY,,English gaming commentary 2010,2010,en,passed_unauthenticated_metadata_format_check,2026-09-20T12:58:15+00:00
youtube,normal_youtube,lifestyle,Clemson English 103 Multimedia Project-The Lifestyles at Clemson,logandavis10,295,h-ip8fFNJ2I,https://www.youtube.com/watch?v=h-ip8fFNJ2I,,English lifestyle video 2010,2010,english_search_candidate,passed_unauthenticated_metadata_format_check,2026-09-20T12:58:17+00:00
youtube,normal_youtube,vlog_daily,A Huge Surprise for Justin Bieber's Superfan!,TheEllenShow,280,Tmvk7kRC7VU,https://www.youtube.com/watch?v=Tmvk7kRC7VU,,English daily vlog 2011,2011,en,passed_unauthenticated_metadata_format_check,2026-09-20T12:58:21+00:00
youtube,normal_youtube,vlog_daily,Francisco Lachowski revealed: The full interview,Dolce&Gabbana,279,vZa596g4HGs,https://www.youtube.com/watch?v=vZa596g4HGs,,English daily vlog 2011,2011,en,passed_unauthenticated_metadata_format_check,2026-09-20T12:58:23+00:00
youtube,normal_youtube,vlog_study,UHWL Vlog #4: Tongue Twisters for Pronunciation Practice,Gordon Scruton,314,SRM2OevZTKk,https://www.youtube.com/watch?v=SRM2OevZTKk,,English study vlog 2011,2011,en,passed_unauthenticated_metadata_format_check,2026-09-20T12:58:28+00:00
youtube,normal_youtube,vlog_study,Simple Present Tense,LANGUAGE PLANET TOLUCA,294,X9QluYxyV00,https://www.youtube.com/watch?v=X9QluYxyV00,,English study vlog 2011,2011,en,passed_unauthenticated_metadata_format_check,2026-09-20T12:58:29+00:00
youtube,normal_youtube,vlog_fitness,Gym Vlog 2011 Best Bits!,Parkour Journeys,279,2en9PW5i770,https://www.youtube.com/watch?v=2en9PW5i770,,English fitness vlog 2011,2011,en,passed_unauthenticated_metadata_format_check,2026-09-20T12:58:31+00:00
youtube,normal_youtube,documentary_science,An Animated Introduction to Social Science,Soomo,275,DSIdaTSG2Gg,https://www.youtube.com/watch?v=DSIdaTSG2Gg,,short science documentary English 2011,2011,en-us,passed_unauthenticated_metadata_format_check,2026-09-20T12:58:35+00:00
youtube,normal_youtube,documentary_culture,What are the universal human rights? - Benedetta Berti,TED-Ed,286,nDgIVseTkuE,https://www.youtube.com/watch?v=nDgIVseTkuE,,short culture documentary English 2011,2011,en,passed_unauthenticated_metadata_format_check,2026-09-20T12:58:37+00:00
youtube,normal_youtube,technology,PD Simplified | Honda iVTEC Explained,PowerDrift,272,-ipymazQ0SY,https://www.youtube.com/watch?v=-ipymazQ0SY,,technology explainer English 2011,2011,en-us,passed_unauthenticated_metadata_format_check,2026-09-20T12:58:39+00:00
youtube,normal_youtube,software,Teacher Training in London - Teach English as a Foreign Language at IH London,International House London,324,xrJejrr3vGY,https://www.youtube.com/watch?v=xrJejrr3vGY,,software tutorial English 2011,2011,en-us,passed_unauthenticated_metadata_format_check,2026-09-20T12:58:42+00:00
youtube,normal_youtube,music,U2 - With Or Without You | U2 At The BBC,BBC Music,299,6DeDzsCGbsQ,https://www.youtube.com/watch?v=6DeDzsCGbsQ,,music lesson English 2011,2011,english_search_candidate,passed_unauthenticated_metadata_format_check,2026-09-20T12:58:45+00:00
youtube,normal_youtube,music,Billy Idol - Eyes Without A Face,Billy Idol,295,9OFpfTd0EIs,https://www.youtube.com/watch?v=9OFpfTd0EIs,,music lesson English 2011,2011,english_search_candidate,passed_unauthenticated_metadata_format_check,2026-09-20T12:58:47+00:00
youtube,normal_youtube,music,Coldplay - Fix You (Official Video),Coldplay,294,k4V3Mo61fJM,https://www.youtube.com/watch?v=k4V3Mo61fJM,,music lesson English 2011,2011,english_search_candidate,passed_unauthenticated_metadata_format_check,2026-09-20T12:58:49+00:00
youtube,normal_youtube,diy,Dulux Academy: How to Hang Wallpaper - A Practical Guide,DuluxTrade UK,301,O42kfxJxZCU,https://www.youtube.com/watch?v=O42kfxJxZCU,,DIY tutorial English 2011,2011,en,passed_unauthenticated_metadata_format_check,2026-09-20T12:58:51+00:00
youtube,normal_youtube,diy,Lana Del Rey - Born To Die,Lana Del Rey,287,Bag1gUxuU0g,https://www.youtube.com/watch?v=Bag1gUxuU0g,,DIY tutorial English 2011,2011,english_search_candidate,passed_unauthenticated_metadata_format_check,2026-09-20T12:58:53+00:00
youtube,normal_youtube,lifestyle,The British Kicks - The Finest Example Of Living (Acoustic),thebritishkicks,287,61BqRW5SbaE,https://www.youtube.com/watch?v=61BqRW5SbaE,,English lifestyle video 2011,2011,english_search_candidate,passed_unauthenticated_metadata_format_check,2026-09-20T12:58:57+00:00
youtube,normal_youtube,vlog_daily,A$AP Rocky - Fashion Killa (Explicit - Official Video),ASAPROCKYUPTOWN,286,F6VfsJ7LAlE,https://www.youtube.com/watch?v=F6VfsJ7LAlE,,English daily vlog 2012,2012,english_search_candidate,passed_unauthenticated_metadata_format_check,2026-09-20T12:58:59+00:00
youtube,normal_youtube,vlog_daily,Calvin Harris - Thinking About You ft. Ayah Marar,Calvin Harris,277,cl3b7dDBLpo,https://www.youtube.com/watch?v=cl3b7dDBLpo,,English daily vlog 2012,2012,english_search_candidate,passed_unauthenticated_metadata_format_check,2026-09-20T12:59:01+00:00
youtube,normal_youtube,vlog_travel,Coldplay - Adventure Of A Lifetime (Official Video),Coldplay,316,QtXby3twMmI,https://www.youtube.com/watch?v=QtXby3twMmI,,English travel vlog 2012,2012,en,passed_unauthenticated_metadata_format_check,2026-09-20T12:59:03+00:00
youtube,normal_youtube,vlog_cooking,How to Cook Perfect Roast Beef | Jamie Oliver,Jamie Oliver,316,rApdDLwp_gM,https://www.youtube.com/watch?v=rApdDLwp_gM,,English cooking vlog 2012,2012,en-gb,passed_unauthenticated_metadata_format_check,2026-09-20T12:59:06+00:00
youtube,normal_youtube,vlog_cooking,Lentils with Sausage & Nonna - Laura Vitale - Laura in the Kitchen Episode 475,Laura in the Kitchen,319,4evwvKWRukE,https://www.youtube.com/watch?v=4evwvKWRukE,,English cooking vlog 2012,2012,en,passed_unauthenticated_metadata_format_check,2026-09-20T12:59:08+00:00
youtube,normal_youtube,vlog_fitness,Manuel Neuer's impressive training at Lake Tegernsee | FC Bayern,FC Bayern Munich,317,2SnX-lRiZzc,https://www.youtube.com/watch?v=2SnX-lRiZzc,,English fitness vlog 2012,2012,english_search_candidate,passed_unauthenticated_metadata_format_check,2026-09-20T12:59:10+00:00
youtube,normal_youtube,documentary_science,The Amazing World Of Earthworms In The UK - Springwatch - BBC,BBC,278,9ZHTerOJYMA,https://www.youtube.com/watch?v=9ZHTerOJYMA,,short science documentary English 2012,2012,en,passed_unauthenticated_metadata_format_check,2026-09-20T12:59:11+00:00
youtube,normal_youtube,documentary_science,The True Science of Parallel Universes,minutephysics,296,Ywn2Lz5zmYg,https://www.youtube.com/watch?v=Ywn2Lz5zmYg,,short science documentary English 2012,2012,en,passed_unauthenticated_metadata_format_check,2026-09-20T12:59:13+00:00
youtube,normal_youtube,documentary_science,What Is Light?,Kurzgesagt – In a Nutshell,279,IXxZRZxafEQ,https://www.youtube.com/watch?v=IXxZRZxafEQ,,short science documentary English 2012,2012,en,passed_unauthenticated_metadata_format_check,2026-09-20T12:59:16+00:00
youtube,normal_youtube,documentary_science,What in the World is a Dugong? | National Geographic,National Geographic,292,YProaycNpHE,https://www.youtube.com/watch?v=YProaycNpHE,,short science documentary English 2012,2012,en-us,passed_unauthenticated_metadata_format_check,2026-09-20T12:59:18+00:00
youtube,normal_youtube,documentary_culture,What makes a hero? - Matthew Winkler,TED-Ed,274,Hhk4N9A0oCA,https://www.youtube.com/watch?v=Hhk4N9A0oCA,,short culture documentary English 2012,2012,en,passed_unauthenticated_metadata_format_check,2026-09-20T12:59:20+00:00
youtube,normal_youtube,documentary_culture,A day in the life of an ancient Athenian - Robert Garland,TED-Ed,302,ar8S6virCwM,https://www.youtube.com/watch?v=ar8S6virCwM,,short culture documentary English 2012,2012,en,passed_unauthenticated_metadata_format_check,2026-09-20T12:59:22+00:00
youtube,normal_youtube,documentary_culture,A 16-Year-Old Girl’s Solo Sail Around the World | Short Film Showcase,National Geographic,294,n1oF0B3PI64,https://www.youtube.com/watch?v=n1oF0B3PI64,,short culture documentary English 2012,2012,en-us,passed_unauthenticated_metadata_format_check,2026-09-20T12:59:24+00:00
youtube,normal_youtube,podcast,opti ´12 - Daily Podcast - 15.1.2012 (English),opti,287,spqOYjxO6NQ,https://www.youtube.com/watch?v=spqOYjxO6NQ,,English podcast conversation 2012,2012,english_search_candidate,passed_unauthenticated_metadata_format_check,2026-09-20T12:59:26+00:00
youtube,normal_youtube,education,Higgs Boson (The God Particle) and Higgs Field Explained in Simple Words,Science ABC,289,BiR1cPisge8,https://www.youtube.com/watch?v=BiR1cPisge8,,educational explainer English 2012,2012,en-us,passed_unauthenticated_metadata_format_check,2026-09-20T12:59:28+00:00
youtube,normal_youtube,news,Obama's Anger Management Translator Speaks the Truth,ABC News,293,6OQAHcB72dg,https://www.youtube.com/watch?v=6OQAHcB72dg,,news explainer English 2012,2012,en,passed_unauthenticated_metadata_format_check,2026-09-20T12:59:30+00:00
youtube,normal_youtube,news,CLIP: President Obama's Anger Translator (C-SPAN),C-SPAN,311,HkAK9QRe4ds,https://www.youtube.com/watch?v=HkAK9QRe4ds,,news explainer English 2012,2012,en,passed_unauthenticated_metadata_format_check,2026-09-20T12:59:33+00:00
youtube,normal_youtube,news,Growing up mixed-race in the UK: EXTENDED Report: | 5 News,5 News,318,HZ5MVBnHExE,https://www.youtube.com/watch?v=HZ5MVBnHExE,,news explainer English 2012,2012,en,passed_unauthenticated_metadata_format_check,2026-09-20T12:59:35+00:00
youtube,normal_youtube,sports,THE CRAZIEST MATCH EVER! | Reading 5-7 Arsenal | Classic highlights | 2012,Arsenal,313,NH0yAGhBOfw,https://www.youtube.com/watch?v=NH0yAGhBOfw,,sports analysis English 2012,2012,en,passed_unauthenticated_metadata_format_check,2026-09-20T12:59:37+00:00
youtube,normal_youtube,sports,Florent Manaudou Wins Men's 50m Freestyle Gold -- London 2012 Olympics,Olympic Games,298,8lt167-csds,https://www.youtube.com/watch?v=8lt167-csds,,sports analysis English 2012,2012,english_search_candidate,passed_unauthenticated_metadata_format_check,2026-09-20T12:59:38+00:00
youtube,normal_youtube,sports,Wimbledon 2012: Richard Williams talks about Serena and Venus,Wimbledon,285,ye27S839pfM,https://www.youtube.com/watch?v=ye27S839pfM,,sports analysis English 2012,2012,en,passed_unauthenticated_metadata_format_check,2026-09-20T12:59:40+00:00
youtube,normal_youtube,music,twenty one pilots - Chlorine (Official Video),twenty one pilots,323,eJnQBXmZ7Ek,https://www.youtube.com/watch?v=eJnQBXmZ7Ek,,music lesson English 2012,2012,english_search_candidate,passed_unauthenticated_metadata_format_check,2026-09-20T12:59:44+00:00
youtube,normal_youtube,diy,Adele - Skyfall (Official Lyric Video),Adele,289,DeumyOzKqgI,https://www.youtube.com/watch?v=DeumyOzKqgI,,DIY tutorial English 2012,2012,english_search_candidate,passed_unauthenticated_metadata_format_check,2026-09-20T12:59:46+00:00
youtube,normal_youtube,lifestyle,A LITTLE BIT OF BRITISH CULTURE.wmv,kefirdestrawberry,330,An46XxAFM5Y,https://www.youtube.com/watch?v=An46XxAFM5Y,,English lifestyle video 2012,2012,en,passed_unauthenticated_metadata_format_check,2026-09-20T12:59:47+00:00
youtube,normal_youtube,vlog_cooking,How To Cook Eggs Benedict | Gordon Ramsay,Gordon Ramsay,274,gBJjRYk0yC0,https://www.youtube.com/watch?v=gBJjRYk0yC0,,English cooking vlog 2013,2013,en-us,passed_unauthenticated_metadata_format_check,2026-09-20T12:59:49+00:00
youtube,normal_youtube,vlog_cooking,Tiramisu Recipe | How to Make Tiramisu,The Cooking Foodie,295,7VTtenyKRg4,https://www.youtube.com/watch?v=7VTtenyKRg4,,English cooking vlog 2013,2013,english_search_candidate,passed_unauthenticated_metadata_format_check,2026-09-20T12:59:51+00:00
youtube,normal_youtube,vlog_cooking,Homemade Chocolate Chip Cookies,CookieSwirlC,304,HMNoC-EMzw8,https://www.youtube.com/watch?v=HMNoC-EMzw8,,English cooking vlog 2013,2013,en,passed_unauthenticated_metadata_format_check,2026-09-20T12:59:53+00:00
youtube,normal_youtube,documentary_science,From DNA to Silly Putty: The diverse world of polymers - Jan Mattingly,TED-Ed,300,UwRVj9rz2QQ,https://www.youtube.com/watch?v=UwRVj9rz2QQ,,short science documentary English 2013,2013,en,passed_unauthenticated_metadata_format_check,2026-09-20T12:59:55+00:00
youtube,normal_youtube,interview,"""American Sniper"" Chris Kyle Interview | CONAN on TBS",Team Coco,289,IiVDtNjORbY,https://www.youtube.com/watch?v=IiVDtNjORbY,,English interview conversation 2013,2013,en,passed_unauthenticated_metadata_format_check,2026-09-20T12:59:57+00:00
youtube,normal_youtube,news,"'Seven of us went to Kedarnath, only I returned' | I remember the Kedarnath floods | BBC News India",BBC News India,283,Xxz1hrG6F-I,https://www.youtube.com/watch?v=Xxz1hrG6F-I,,news explainer English 2013,2013,english_search_candidate,passed_unauthenticated_metadata_format_check,2026-09-20T12:59:59+00:00
youtube,normal_youtube,sports,Calls For Pay Equality In Sport,Studio 10,290,LzNsDvNfTZs,https://www.youtube.com/watch?v=LzNsDvNfTZs,,sports analysis English 2013,2013,english_search_candidate,passed_unauthenticated_metadata_format_check,2026-09-20T13:00:04+00:00
youtube,normal_youtube,sports,"Suarez cries on pitch, and Jamie Carragher slates Liverpool's defence",Sky Sports Premier League,300,ptF89E-MEAs,https://www.youtube.com/watch?v=ptF89E-MEAs,,sports analysis English 2013,2013,en,passed_unauthenticated_metadata_format_check,2026-09-20T13:00:06+00:00
youtube,normal_youtube,sports,Every Mitchell Johnson wicket from the 2013-14 Ashes,cricket.com.au,291,EdGAgjKNSwg,https://www.youtube.com/watch?v=EdGAgjKNSwg,,sports analysis English 2013,2013,en,passed_unauthenticated_metadata_format_check,2026-09-20T13:00:08+00:00
youtube,normal_youtube,music,How to read music - Tim Hansen,TED-Ed,324,ZN41d7Txcq0,https://www.youtube.com/watch?v=ZN41d7Txcq0,,music lesson English 2013,2013,en,passed_unauthenticated_metadata_format_check,2026-09-20T13:00:10+00:00
youtube,normal_youtube,music,David Bowie - The Hearts Filthy Lesson (Official Music Video) [HD],David Bowie,299,yB-ztKj0cwg,https://www.youtube.com/watch?v=yB-ztKj0cwg,,music lesson English 2013,2013,en,passed_unauthenticated_metadata_format_check,2026-09-20T13:00:12+00:00
youtube,normal_youtube,diy,Demi Lovato - Made in the USA (Official Video),Demi Lovato,285,z3zdIHDTbg0,https://www.youtube.com/watch?v=z3zdIHDTbg0,,DIY tutorial English 2013,2013,english_search_candidate,passed_unauthenticated_metadata_format_check,2026-09-20T13:00:16+00:00
youtube,normal_youtube,diy,How to Use an OBD-II Scan Tool,Car and Driver,283,h9-6dkjMmQ4,https://www.youtube.com/watch?v=h9-6dkjMmQ4,,DIY tutorial English 2013,2013,en,passed_unauthenticated_metadata_format_check,2026-09-20T13:00:19+00:00
youtube,normal_youtube,gaming,An American Coach in London: NBC Sports Premier League Film featuring Jason Sudeikis,NBCSportsNetwork,281,6KeG_i8CWE8,https://www.youtube.com/watch?v=6KeG_i8CWE8,,English gaming commentary 2013,2013,en-us,passed_unauthenticated_metadata_format_check,2026-09-20T13:00:21+00:00
youtube,normal_youtube,lifestyle,British Youth Culture- Style of today.,Johanna1618,300,J3oPkcVjqjM,https://www.youtube.com/watch?v=J3oPkcVjqjM,,English lifestyle video 2013,2013,english_search_candidate,passed_unauthenticated_metadata_format_check,2026-09-20T13:00:22+00:00
youtube,normal_youtube,lifestyle,EPK Living The Dream ... english,Lou Demontis,303,oi_sMWg_ilM,https://www.youtube.com/watch?v=oi_sMWg_ilM,,English lifestyle video 2013,2013,en,passed_unauthenticated_metadata_format_check,2026-09-20T13:00:24+00:00
youtube,normal_youtube,lifestyle,Wimbledon (British Culture - Intermediate Level),Virtually Fluent,290,EzZZhMUyK34,https://www.youtube.com/watch?v=EzZZhMUyK34,,English lifestyle video 2013,2013,english_search_candidate,passed_unauthenticated_metadata_format_check,2026-09-20T13:00:26+00:00
youtube,normal_youtube,lifestyle,English Pop Culture Video,Savannah Schauer,277,1H9EBXr64Q4,https://www.youtube.com/watch?v=1H9EBXr64Q4,,English lifestyle video 2013,2013,en,passed_unauthenticated_metadata_format_check,2026-09-20T13:00:28+00:00
youtube,normal_youtube,vlog_daily,Talking to people in London | Easy English 4,Easy Languages,291,DDjWTWHHkpk,https://www.youtube.com/watch?v=DDjWTWHHkpk,,English daily vlog 2014,2014,en,passed_unauthenticated_metadata_format_check,2026-09-20T13:00:31+00:00
youtube,normal_youtube,vlog_daily,The Best Way to Improve Your English Vocabulary,EngFluent,291,awIXN5LgWKY,https://www.youtube.com/watch?v=awIXN5LgWKY,,English daily vlog 2014,2014,en-us,passed_unauthenticated_metadata_format_check,2026-09-20T13:00:33+00:00
youtube,normal_youtube,vlog_daily,A Day in the Life of Kendall Jenner at Chanel during Fashion Week | Vogue Paris,Vogue France,282,TBP4QKx38Gc,https://www.youtube.com/watch?v=TBP4QKx38Gc,,English daily vlog 2014,2014,en,passed_unauthenticated_metadata_format_check,2026-09-20T13:00:35+00:00
youtube,normal_youtube,vlog_cooking,Mary Berry Chocolate Cake Masterclass with Lakeland,Lakeland,321,_kp6LsH-rmk,https://www.youtube.com/watch?v=_kp6LsH-rmk,,English cooking vlog 2014,2014,en,passed_unauthenticated_metadata_format_check,2026-09-20T13:00:37+00:00
youtube,normal_youtube,vlog_fitness,Fitness Vlog 1 - Foodie Fitness,MusicNeverSleeps,270,DMjwIH9eBi4,https://www.youtube.com/watch?v=DMjwIH9eBi4,,English fitness vlog 2014,2014,en,passed_unauthenticated_metadata_format_check,2026-09-20T13:00:39+00:00
youtube,normal_youtube,vlog_fitness,Nicki Minaj - Anaconda,Nicki Minaj,290,LDZX4ooRsWs,https://www.youtube.com/watch?v=LDZX4ooRsWs,,English fitness vlog 2014,2014,english_search_candidate,passed_unauthenticated_metadata_format_check,2026-09-20T13:00:41+00:00
youtube,normal_youtube,vlog_fitness,Training Vlog 10 Cambridge Fitness Weekend Day 1 Pt 1,Akesha,274,BXjyO3vzevE,https://www.youtube.com/watch?v=BXjyO3vzevE,,English fitness vlog 2014,2014,en,passed_unauthenticated_metadata_format_check,2026-09-20T13:00:43+00:00
youtube,normal_youtube,documentary_science,Schrödinger's cat: A thought experiment in quantum mechanics - Chad Orzel,TED-Ed,278,UjaAxUO6-Uw,https://www.youtube.com/watch?v=UjaAxUO6-Uw,,short science documentary English 2014,2014,en,passed_unauthenticated_metadata_format_check,2026-09-20T13:00:45+00:00
youtube,normal_youtube,documentary_science,Is telekinesis real? - Emma Bryce,TED-Ed,323,Jq9D_HkQhAA,https://www.youtube.com/watch?v=Jq9D_HkQhAA,,short science documentary English 2014,2014,english_search_candidate,passed_unauthenticated_metadata_format_check,2026-09-20T13:00:47+00:00
youtube,normal_youtube,documentary_science,How Crayons are Made | How It's Made,Discovery UK,318,lmiRjmbnn8Q,https://www.youtube.com/watch?v=lmiRjmbnn8Q,,short science documentary English 2014,2014,en-us,passed_unauthenticated_metadata_format_check,2026-09-20T13:00:49+00:00
youtube,normal_youtube,documentary_culture,Scottish independence referendum 2014 explained | Guardian Animations,The Guardian,305,zIeVmqVB9pQ,https://www.youtube.com/watch?v=zIeVmqVB9pQ,,short culture documentary English 2014,2014,en,passed_unauthenticated_metadata_format_check,2026-09-20T13:00:51+00:00
youtube,normal_youtube,documentary_culture,Look Up | Gary Turk (Official Video),Gary Turk,299,Z7dLU6fk9QY,https://www.youtube.com/watch?v=Z7dLU6fk9QY,,short culture documentary English 2014,2014,en,passed_unauthenticated_metadata_format_check,2026-09-20T13:00:53+00:00
youtube,normal_youtube,documentary_culture,The psychology of narcissism - W. Keith Campbell,TED-Ed,309,arJLy3hX1E8,https://www.youtube.com/watch?v=arJLy3hX1E8,,short culture documentary English 2014,2014,en,passed_unauthenticated_metadata_format_check,2026-09-20T13:00:56+00:00
youtube,normal_youtube,technology,Bittrex Global Explainers: RealFevr (FEVR),Bittrex Global,310,ZMcQezJBIok,https://www.youtube.com/watch?v=ZMcQezJBIok,,technology explainer English 2014,2014,en,passed_unauthenticated_metadata_format_check,2026-09-20T13:00:58+00:00
youtube,normal_youtube,software,April English Program,CHUNGDAHM Learning,319,rvUteWwTYIs,https://www.youtube.com/watch?v=rvUteWwTYIs,,software tutorial English 2014,2014,en,passed_unauthenticated_metadata_format_check,2026-09-20T13:01:00+00:00
youtube,normal_youtube,education,This tool will help improve your critical thinking - Erick Wilberding,TED-Ed,319,vNDYUlxNIAA,https://www.youtube.com/watch?v=vNDYUlxNIAA,,educational explainer English 2014,2014,english_search_candidate,passed_unauthenticated_metadata_format_check,2026-09-20T13:01:02+00:00
youtube,normal_youtube,news,How to choose your news - Damon Brown,TED-Ed,288,q-Y-z6HmRgI,https://www.youtube.com/watch?v=q-Y-z6HmRgI,,news explainer English 2014,2014,en,passed_unauthenticated_metadata_format_check,2026-09-20T13:01:04+00:00
youtube,normal_youtube,comedy,Monty Python- Cheese Shop,Andrew Boynton,329,Hz1JWzyvv8A,https://www.youtube.com/watch?v=Hz1JWzyvv8A,,English comedy sketch 2014,2014,english_search_candidate,passed_unauthenticated_metadata_format_check,2026-09-20T13:01:06+00:00
youtube,normal_youtube,comedy,Monty Python Live (mostly) - Argument clinic [Sub-ITA],Iretnac,288,JZvlma8ksmc,https://www.youtube.com/watch?v=JZvlma8ksmc,,English comedy sketch 2014,2014,english_search_candidate,passed_unauthenticated_metadata_format_check,2026-09-20T13:01:08+00:00
youtube,normal_youtube,sports,Gary Neville & Jamie Carragher's hilarious analysis of their own performances at Kompany testimonial,Sky Sports Premier League,318,AV-jSwdYJS4,https://www.youtube.com/watch?v=AV-jSwdYJS4,,sports analysis English 2014,2014,en,passed_unauthenticated_metadata_format_check,2026-09-20T13:01:10+00:00
youtube,normal_youtube,music,Learning Language Through Music,WORDS with JENN,276,EiuEnuLKsKw,https://www.youtube.com/watch?v=EiuEnuLKsKw,,music lesson English 2014,2014,en,passed_unauthenticated_metadata_format_check,2026-09-20T13:01:12+00:00
youtube,normal_youtube,music,Ed Sheeran - Perfect (Official Music Video),Ed Sheeran,282,2Vv-BfVoq4g,https://www.youtube.com/watch?v=2Vv-BfVoq4g,,music lesson English 2014,2014,en,passed_unauthenticated_metadata_format_check,2026-09-20T13:01:14+00:00
youtube,normal_youtube,music,Aerosmith - I Don't Want to Miss a Thing (Official HD Video),Aerosmith,293,JkK8g6FMEXE,https://www.youtube.com/watch?v=JkK8g6FMEXE,,music lesson English 2014,2014,english_search_candidate,passed_unauthenticated_metadata_format_check,2026-09-20T13:01:17+00:00
youtube,normal_youtube,music,Pink Floyd - Learning To Fly (Official Music Video HD),Pink Floyd,270,nVhNCTH8pDs,https://www.youtube.com/watch?v=nVhNCTH8pDs,,music lesson English 2014,2014,english_search_candidate,passed_unauthenticated_metadata_format_check,2026-09-20T13:01:19+00:00
youtube,normal_youtube,gaming,Cristiano Ronaldo wins FIFA Ballon d'Or 2014,FIFA,277,3kJwVazTitg,https://www.youtube.com/watch?v=3kJwVazTitg,,English gaming commentary 2014,2014,en,passed_unauthenticated_metadata_format_check,2026-09-20T13:01:21+00:00
youtube,normal_youtube,business,Explainer Video I Animated Video - Client showcase - BCA Academy - Chn with subtitle,QweekyApp,298,eFDFHE3iqTs,https://www.youtube.com/watch?v=eFDFHE3iqTs,,business explainer English 2014,2014,english_search_candidate,passed_unauthenticated_metadata_format_check,2026-09-20T13:01:23+00:00
youtube,normal_youtube,vlog_study,The benefits of a bilingual brain - Mia Nacamulli,TED-Ed,304,MMmOLN5zBLY,https://www.youtube.com/watch?v=MMmOLN5zBLY,,English study vlog 2015,2015,en,passed_unauthenticated_metadata_format_check,2026-09-20T13:01:25+00:00
youtube,normal_youtube,vlog_cooking,How To Make A Sandwich,Lilly Singh,290,YeEe8QasV5s,https://www.youtube.com/watch?v=YeEe8QasV5s,,English cooking vlog 2015,2015,en,passed_unauthenticated_metadata_format_check,2026-09-20T13:01:27+00:00
youtube,normal_youtube,vlog_fitness,I WILL RETAKE MY TITLE 🥇 JEREMY BUENDIA - MOTIVATION,Motivathlete,316,Z-sivgSepVg,https://www.youtube.com/watch?v=Z-sivgSepVg,,English fitness vlog 2015,2015,en,passed_unauthenticated_metadata_format_check,2026-09-20T13:01:29+00:00
youtube,normal_youtube,documentary_history,Where did English come from? - Claire Bowern,TED-Ed,293,YEaSxhcns7Y,https://www.youtube.com/watch?v=YEaSxhcns7Y,,short history documentary English 2015,2015,en,passed_unauthenticated_metadata_format_check,2026-09-20T13:01:31+00:00
youtube,normal_youtube,documentary_history,A Super Quick History of Norway,Mr History,270,0qajHK4AsFY,https://www.youtube.com/watch?v=0qajHK4AsFY,,short history documentary English 2015,2015,en-us,passed_unauthenticated_metadata_format_check,2026-09-20T13:01:34+00:00
youtube,normal_youtube,documentary_history,Where did Russia come from? - Alex Gendler,TED-Ed,319,lfe1wEQzSzM,https://www.youtube.com/watch?v=lfe1wEQzSzM,,short history documentary English 2015,2015,en,passed_unauthenticated_metadata_format_check,2026-09-20T13:01:37+00:00
youtube,normal_youtube,documentary_nature,Capybara: The Gentle Giants of South America | Incredible Wildlife 4K Documentary,WILD WONDERS,318,US6pPXQUl3w,https://www.youtube.com/watch?v=US6pPXQUl3w,,short nature documentary English 2015,2015,en-us,passed_unauthenticated_metadata_format_check,2026-09-20T13:01:39+00:00
youtube,normal_youtube,documentary_nature,Lions 101 | Nat Geo Wild,Nat Geo Animals,270,OMkEVX23BdM,https://www.youtube.com/watch?v=OMkEVX23BdM,,short nature documentary English 2015,2015,en,passed_unauthenticated_metadata_format_check,2026-09-20T13:01:41+00:00
youtube,normal_youtube,documentary_science,This Is What Happens to Your Brain on Opioids | Short Film Showcase,National Geographic,278,NDVV_M__CSI,https://www.youtube.com/watch?v=NDVV_M__CSI,,short science documentary English 2015,2015,en-us,passed_unauthenticated_metadata_format_check,2026-09-20T13:01:43+00:00
youtube,normal_youtube,documentary_science,"The science behind the myth: Homer's ""Odyssey"" - Matt Kaplan",TED-Ed,272,CVo225pUaSA,https://www.youtube.com/watch?v=CVo225pUaSA,,short science documentary English 2015,2015,en,passed_unauthenticated_metadata_format_check,2026-09-20T13:01:45+00:00
youtube,normal_youtube,documentary_science,Solar Eclipse 101 | National Geographic,National Geographic,298,cxrLRbkOwKs,https://www.youtube.com/watch?v=cxrLRbkOwKs,,short science documentary English 2015,2015,en-us,passed_unauthenticated_metadata_format_check,2026-09-20T13:01:47+00:00
youtube,normal_youtube,documentary_science,Nuclear Energy Explained: How does it work? 1/3,Kurzgesagt – In a Nutshell,284,rcOFV4y5z8c,https://www.youtube.com/watch?v=rcOFV4y5z8c,,short science documentary English 2015,2015,en,passed_unauthenticated_metadata_format_check,2026-09-20T13:01:49+00:00
youtube,normal_youtube,documentary_science,The philosophy of Stoicism - Massimo Pigliucci,TED-Ed,329,R9OCA6UFE-0,https://www.youtube.com/watch?v=R9OCA6UFE-0,,short science documentary English 2015,2015,en,passed_unauthenticated_metadata_format_check,2026-09-20T13:01:52+00:00
youtube,normal_youtube,documentary_science,Why do blood types matter? - Natalie S. Hodge,TED-Ed,281,xfZhb6lmxjk,https://www.youtube.com/watch?v=xfZhb6lmxjk,,short science documentary English 2015,2015,en,passed_unauthenticated_metadata_format_check,2026-09-20T13:01:54+00:00
youtube,normal_youtube,interview,Tokio Hotel - Bill & Tom: YES or NO twin interview – Fan Questions,Tokio Hotel,328,i0mIDswr2J8,https://www.youtube.com/watch?v=i0mIDswr2J8,,English interview conversation 2015,2015,en,passed_unauthenticated_metadata_format_check,2026-09-20T13:01:58+00:00
youtube,normal_youtube,software,"HYBRID Software at KEDAWO, English",HYBRID Software,284,VmddtVvM0eU,https://www.youtube.com/watch?v=VmddtVvM0eU,,software tutorial English 2015,2015,en,passed_unauthenticated_metadata_format_check,2026-09-20T13:02:00+00:00
youtube,normal_youtube,education,What happens to your body at the top of Mount Everest - Andrew Lovering,TED-Ed,311,daV-tMnZeIw,https://www.youtube.com/watch?v=daV-tMnZeIw,,educational explainer English 2015,2015,english_search_candidate,passed_unauthenticated_metadata_format_check,2026-09-20T13:02:02+00:00
youtube,normal_youtube,sports,Barcelona vs. Liverpool post-match analysis: Lionel Messi was everything | Champions League,ESPN FC,313,pf6qqO-5uYM,https://www.youtube.com/watch?v=pf6qqO-5uYM,,sports analysis English 2015,2015,en-us,passed_unauthenticated_metadata_format_check,2026-09-20T13:02:04+00:00
youtube,normal_youtube,music,Tears For Fears - Everybody Wants To Rule The World (Official Music Video),Tears For Fears,291,aGCdLKXNF3w,https://www.youtube.com/watch?v=aGCdLKXNF3w,,music lesson English 2015,2015,english_search_candidate,passed_unauthenticated_metadata_format_check,2026-09-20T13:02:07+00:00
youtube,normal_youtube,gaming,5 Goals in 9 Minutes – The Legendary Lewandowski Show | Bayern München vs. VfL Wolfsburg,Bundesliga,291,TthnLjCrMTg,https://www.youtube.com/watch?v=TthnLjCrMTg,,English gaming commentary 2015,2015,en,passed_unauthenticated_metadata_format_check,2026-09-20T13:02:10+00:00
youtube,normal_youtube,lifestyle,English lesson B2 - Vocabulary to talk about living in cities - palabras en inglés,Your English Web: Weekly English video lessons,325,ouzZsrYlb94,https://www.youtube.com/watch?v=ouzZsrYlb94,,English lifestyle video 2015,2015,en,passed_unauthenticated_metadata_format_check,2026-09-20T13:02:12+00:00
youtube,normal_youtube,lifestyle,HaitianPromo Lifestyle Video English,Lisa Nicole Cloud,309,k9U0blG8iys,https://www.youtube.com/watch?v=k9U0blG8iys,,English lifestyle video 2015,2015,en,passed_unauthenticated_metadata_format_check,2026-09-20T13:02:14+00:00
youtube,normal_youtube,lifestyle,Simply English Living and Working in Moscow,Simply English,285,ZVtER5W7-X4,https://www.youtube.com/watch?v=ZVtER5W7-X4,,English lifestyle video 2015,2015,en,passed_unauthenticated_metadata_format_check,2026-09-20T13:02:17+00:00
youtube,normal_youtube,documentary_history,Life Aboard a Slave Ship | History,HISTORY,300,PmQvofAiZGA,https://www.youtube.com/watch?v=PmQvofAiZGA,,short history documentary English 2016,2016,en-us,passed_unauthenticated_metadata_format_check,2026-09-20T13:02:20+00:00
youtube,normal_youtube,documentary_nature,The Extreme Life Of A Sloth,Insider Science,276,DpV4k3Edr-I,https://www.youtube.com/watch?v=DpV4k3Edr-I,,short nature documentary English 2016,2016,en-us,passed_unauthenticated_metadata_format_check,2026-09-20T13:02:22+00:00
youtube,normal_youtube,documentary_nature,Forest Bathing | Shinrin-Yoku | Healing Forest | Short Documentary,Nitin Das,275,y-wHq6yY2CI,https://www.youtube.com/watch?v=y-wHq6yY2CI,,short nature documentary English 2016,2016,en,passed_unauthenticated_metadata_format_check,2026-09-20T13:02:24+00:00
youtube,normal_youtube,documentary_nature,5 Mins Documentary on Zebras | Wildlife Documentary,Animal World,286,aWXuobbczCk,https://www.youtube.com/watch?v=aWXuobbczCk,,short nature documentary English 2016,2016,en-us,passed_unauthenticated_metadata_format_check,2026-09-20T13:02:26+00:00
youtube,normal_youtube,documentary_science,How do solar panels work? - Richard Komp,TED-Ed,299,xKxrkht7CpY,https://www.youtube.com/watch?v=xKxrkht7CpY,,short science documentary English 2016,2016,en,passed_unauthenticated_metadata_format_check,2026-09-20T13:02:28+00:00
youtube,normal_youtube,documentary_science,Why the metric system matters - Matt Anticole,TED-Ed,307,7bUVjJWA6Vw,https://www.youtube.com/watch?v=7bUVjJWA6Vw,,short science documentary English 2016,2016,en,passed_unauthenticated_metadata_format_check,2026-09-20T13:02:30+00:00
youtube,normal_youtube,documentary_science,What causes cavities? - Mel Rosenberg,TED-Ed,300,zGoBFU1q4g0,https://www.youtube.com/watch?v=zGoBFU1q4g0,,short science documentary English 2016,2016,en,passed_unauthenticated_metadata_format_check,2026-09-20T13:02:32+00:00
youtube,normal_youtube,documentary_science,Kashfia Rahman Interview | Science Fair Documentary,Creators Faire,318,6bBQenEO3Fo,https://www.youtube.com/watch?v=6bBQenEO3Fo,,short science documentary English 2016,2016,en,passed_unauthenticated_metadata_format_check,2026-09-20T13:02:34+00:00
youtube,normal_youtube,documentary_culture,Is graffiti art? Or vandalism? - Kelly Wall,TED-Ed,271,4GNoUYZhrT0,https://www.youtube.com/watch?v=4GNoUYZhrT0,,short culture documentary English 2016,2016,en,passed_unauthenticated_metadata_format_check,2026-09-20T13:02:36+00:00
youtube,normal_youtube,documentary_culture,How miscommunication happens (and how to avoid it) - Katherine Hampsten,TED-Ed,273,gCfzeONu3Mo,https://www.youtube.com/watch?v=gCfzeONu3Mo,,short culture documentary English 2016,2016,en,passed_unauthenticated_metadata_format_check,2026-09-20T13:02:38+00:00
youtube,normal_youtube,technology,YouTube Launches BIG AI Update - It's a Good One!,vidIQ,322,dilqV_AGdEE,https://www.youtube.com/watch?v=dilqV_AGdEE,,technology explainer English 2016,2016,en-us,passed_unauthenticated_metadata_format_check,2026-09-20T13:02:41+00:00
youtube,normal_youtube,software,Word: Getting Started,LearnFree,281,j-ZAVHk5SaU,https://www.youtube.com/watch?v=j-ZAVHk5SaU,,software tutorial English 2016,2016,en,passed_unauthenticated_metadata_format_check,2026-09-20T13:02:43+00:00
youtube,normal_youtube,software,Software Licenses in Plain English Tech Tip July 2016,Kris Occhipinti,275,dQ6tzskt5Lw,https://www.youtube.com/watch?v=dQ6tzskt5Lw,,software tutorial English 2016,2016,en,passed_unauthenticated_metadata_format_check,2026-09-20T13:02:45+00:00
youtube,normal_youtube,education,Growth Mindset vs. Fixed Mindset,Sprouts,304,KUWn_TJTrnU,https://www.youtube.com/watch?v=KUWn_TJTrnU,,educational explainer English 2016,2016,en-us,passed_unauthenticated_metadata_format_check,2026-09-20T13:02:47+00:00
youtube,normal_youtube,education,Volcanoes 101 | National Geographic,National Geographic,299,VNGUdObDoLk,https://www.youtube.com/watch?v=VNGUdObDoLk,,educational explainer English 2016,2016,en-us,passed_unauthenticated_metadata_format_check,2026-09-20T13:02:49+00:00
youtube,normal_youtube,education,U.S. presidential election 2016/17 explained (explainity® explainer video),explainitychannel,324,4gseOeyS0NQ,https://www.youtube.com/watch?v=4gseOeyS0NQ,,educational explainer English 2016,2016,en-us,passed_unauthenticated_metadata_format_check,2026-09-20T13:02:52+00:00
youtube,normal_youtube,education,Digital Marketing In 5 Minutes | What Is Digital Marketing? | Learn Digital Marketing | Simplilearn,Simplilearn,324,bixR-KIJKYM,https://www.youtube.com/watch?v=bixR-KIJKYM,,educational explainer English 2016,2016,en-us,passed_unauthenticated_metadata_format_check,2026-09-20T13:02:54+00:00
youtube,normal_youtube,education,What are the Parts of Microsoft Word,Ron Tenorio,325,3uQTjsw0ABE,https://www.youtube.com/watch?v=3uQTjsw0ABE,,educational explainer English 2016,2016,en,passed_unauthenticated_metadata_format_check,2026-09-20T13:02:56+00:00
youtube,normal_youtube,news,Brexit explained: Boris Johnson's new trade deal with the EU,Channel 4 News,295,mFCKLBsmF_w,https://www.youtube.com/watch?v=mFCKLBsmF_w,,news explainer English 2016,2016,en,passed_unauthenticated_metadata_format_check,2026-09-20T13:02:58+00:00
youtube,normal_youtube,music,LP - Lost On You (Live),LP,308,wDjeBNv6ip0,https://www.youtube.com/watch?v=wDjeBNv6ip0,,music lesson English 2016,2016,en,passed_unauthenticated_metadata_format_check,2026-09-20T13:03:03+00:00
youtube,normal_youtube,music,Sting - Shape of My Heart (Official Music Video),Sting,281,NlwIDxCjL-8,https://www.youtube.com/watch?v=NlwIDxCjL-8,,music lesson English 2016,2016,english_search_candidate,passed_unauthenticated_metadata_format_check,2026-09-20T13:03:05+00:00
youtube,normal_youtube,diy,How to Sew an Invisible Zipper Step by Step | Sewing Tutorial with Angela Wolf,Craftsy,278,4XTCQsSLBFw,https://www.youtube.com/watch?v=4XTCQsSLBFw,,DIY tutorial English 2016,2016,en,passed_unauthenticated_metadata_format_check,2026-09-20T13:03:07+00:00
youtube,normal_youtube,diy,Realistic Miniature BACON & EGG BREAKFAST + CUP Tutorial! | DollHouse DIY ♥,DollHouse DIY ♥,290,gEcA4zXUiGs,https://www.youtube.com/watch?v=gEcA4zXUiGs,,DIY tutorial English 2016,2016,english_search_candidate,passed_unauthenticated_metadata_format_check,2026-09-20T13:03:09+00:00
youtube,normal_youtube,lifestyle,What Do Europeans Really Think About British culture?,BBC deepwatch,289,rRFkks3cFsY,https://www.youtube.com/watch?v=rRFkks3cFsY,,English lifestyle video 2016,2016,en,passed_unauthenticated_metadata_format_check,2026-09-20T13:03:11+00:00
youtube,normal_youtube,vlog_travel,Travel Vlog 2017 - Let's Explore Pakistan | Travel Documentary (English) by Asmar Hussain,Globe Travel Channel,301,XEv-olp95uI,https://www.youtube.com/watch?v=XEv-olp95uI,,English travel vlog 2017,2017,en,passed_unauthenticated_metadata_format_check,2026-09-20T13:03:13+00:00
youtube,normal_youtube,vlog_travel,Hollow Coves - These Memories (Official Music Video),Hollow Coves,313,j6Keg3XKKjM,https://www.youtube.com/watch?v=j6Keg3XKKjM,,English travel vlog 2017,2017,en,passed_unauthenticated_metadata_format_check,2026-09-20T13:03:16+00:00
youtube,normal_youtube,vlog_fitness,This Is Dove Cameron's Morning Routine | Waking Up With... | ELLE,ELLE,272,4tC2-rEzRSc,https://www.youtube.com/watch?v=4tC2-rEzRSc,,English fitness vlog 2017,2017,en,passed_unauthenticated_metadata_format_check,2026-09-20T13:03:20+00:00
youtube,normal_youtube,documentary_history,The history of tea - Shunan Teng,TED-Ed,298,LaLvVc1sS20,https://www.youtube.com/watch?v=LaLvVc1sS20,,short history documentary English 2017,2017,en,passed_unauthenticated_metadata_format_check,2026-09-20T13:03:22+00:00
youtube,normal_youtube,documentary_science,The myth of Prometheus - Iseult Gillespie,TED-Ed,287,U_u91SjrEOE,https://www.youtube.com/watch?v=U_u91SjrEOE,,short science documentary English 2017,2017,en,passed_unauthenticated_metadata_format_check,2026-09-20T13:03:25+00:00
youtube,normal_youtube,documentary_culture,How did Dracula become the world's most famous vampire? - Stanley Stepanic,TED-Ed,305,7uiyz3139tE,https://www.youtube.com/watch?v=7uiyz3139tE,,short culture documentary English 2017,2017,en,passed_unauthenticated_metadata_format_check,2026-09-20T13:03:27+00:00
youtube,normal_youtube,documentary_culture,The fascinating history of cemeteries - Keith Eggener,TED-Ed,319,8HegwRtbDSU,https://www.youtube.com/watch?v=8HegwRtbDSU,,short culture documentary English 2017,2017,en,passed_unauthenticated_metadata_format_check,2026-09-20T13:03:29+00:00
youtube,normal_youtube,education,"Everything you need to know to read Homer's ""Odyssey"" - Jill Dash",TED-Ed,296,8Z9FQxcCAZ0,https://www.youtube.com/watch?v=8Z9FQxcCAZ0,,educational explainer English 2017,2017,english_search_candidate,passed_unauthenticated_metadata_format_check,2026-09-20T13:03:31+00:00
youtube,normal_youtube,education,How your muscular system works - Emma Bryce,TED-Ed,285,VVL-8zr2hk4,https://www.youtube.com/watch?v=VVL-8zr2hk4,,educational explainer English 2017,2017,en,passed_unauthenticated_metadata_format_check,2026-09-20T13:03:34+00:00
youtube,normal_youtube,education,How your digestive system works - Emma Bryce,TED-Ed,297,Og5xAdC8EUI,https://www.youtube.com/watch?v=Og5xAdC8EUI,,educational explainer English 2017,2017,en,passed_unauthenticated_metadata_format_check,2026-09-20T13:03:36+00:00
youtube,normal_youtube,diy,Easy Mini Notebook from ONE sheet of Paper - NO GLUE - Mini Paper Book DIY - Easy Paper Crafts,Red Ted Art (Maggy Woodley),313,C8xJ2UzaQYU,https://www.youtube.com/watch?v=C8xJ2UzaQYU,,DIY tutorial English 2017,2017,en,passed_unauthenticated_metadata_format_check,2026-09-20T13:03:38+00:00
youtube,normal_youtube,diy,Homemade Onion Rings - Super Crispy Easy and Delicious,TheCooknShare,275,dcB5VU93AII,https://www.youtube.com/watch?v=dcB5VU93AII,,DIY tutorial English 2017,2017,en-us,passed_unauthenticated_metadata_format_check,2026-09-20T13:03:40+00:00
youtube,normal_youtube,diy,How To Make Bread | Jamie Oliver - AD,Jamie Oliver,279,VrUdtzXquWk,https://www.youtube.com/watch?v=VrUdtzXquWk,,DIY tutorial English 2017,2017,en,passed_unauthenticated_metadata_format_check,2026-09-20T13:03:42+00:00
youtube,normal_youtube,lifestyle,DIFFERENCES BETWEEN BRITISH AND AMERICAN CULTURE (UK VS USA),Sunny London,307,krEO7nGknwI,https://www.youtube.com/watch?v=krEO7nGknwI,,English lifestyle video 2017,2017,en,passed_unauthenticated_metadata_format_check,2026-09-20T13:03:44+00:00
youtube,normal_youtube,lifestyle,"SWEET POTATO, EGG , COFFEE A FILIPINO BREAKFAST A BRITISH EXPAT PHILIPPINES LIFESTYLE",A Foreigner in the Philippines,325,PD9f4eU7PAU,https://www.youtube.com/watch?v=PD9f4eU7PAU,,English lifestyle video 2017,2017,en,passed_unauthenticated_metadata_format_check,2026-09-20T13:03:46+00:00
youtube,normal_youtube,business,Porter's Generic Strategies,after the bell,290,1u3mczy61J8,https://www.youtube.com/watch?v=1u3mczy61J8,,business explainer English 2017,2017,en-us,passed_unauthenticated_metadata_format_check,2026-09-20T13:03:48+00:00
youtube,normal_youtube,vlog_cooking,How to Cook Roast Chicken | Jamie Oliver,Jamie Oliver,310,bJeUb8ToRIw,https://www.youtube.com/watch?v=bJeUb8ToRIw,,English cooking vlog 2018,2018,en-gb,passed_unauthenticated_metadata_format_check,2026-09-20T13:03:50+00:00
youtube,normal_youtube,vlog_fitness,Training for Henley Royal Regatta | Rowing Vlog,Pat Hanratty,325,VCOgYZzciSM,https://www.youtube.com/watch?v=VCOgYZzciSM,,English fitness vlog 2018,2018,en,passed_unauthenticated_metadata_format_check,2026-09-20T13:03:52+00:00
youtube,normal_youtube,documentary_history,How the Normans changed the history of Europe - Mark Robinson,TED-Ed,319,Owf5Uq4oFps,https://www.youtube.com/watch?v=Owf5Uq4oFps,,short history documentary English 2018,2018,en,passed_unauthenticated_metadata_format_check,2026-09-20T13:03:57+00:00
youtube,normal_youtube,interview,Cristiano Ronaldo interview | CR7 reveals how to succeed,Unisport,274,1KJFsm8NDyE,https://www.youtube.com/watch?v=1KJFsm8NDyE,,English interview conversation 2018,2018,en-us,passed_unauthenticated_metadata_format_check,2026-09-20T13:04:00+00:00
youtube,normal_youtube,technology,Neural Networks Explained in 5 minutes,IBM Technology,271,jmmW0F0biz0,https://www.youtube.com/watch?v=jmmW0F0biz0,,technology explainer English 2018,2018,english_search_candidate,passed_unauthenticated_metadata_format_check,2026-09-20T13:04:02+00:00
youtube,normal_youtube,technology,Animated Explainer video for education technology | Explainer video company,explainers videos,302,ZkxXGSS_zzs,https://www.youtube.com/watch?v=ZkxXGSS_zzs,,technology explainer English 2018,2018,en,passed_unauthenticated_metadata_format_check,2026-09-20T13:04:04+00:00
youtube,normal_youtube,technology,Sharemind MPC product explainer,Sharemind,288,AVV35W-dehc,https://www.youtube.com/watch?v=AVV35W-dehc,,technology explainer English 2018,2018,english_search_candidate,passed_unauthenticated_metadata_format_check,2026-09-20T13:04:06+00:00
youtube,normal_youtube,software,How exactly does binary code work? - José Américo N L F de Freitas,TED-Ed,280,wgbV6DLVezo,https://www.youtube.com/watch?v=wgbV6DLVezo,,software tutorial English 2018,2018,english_search_candidate,passed_unauthenticated_metadata_format_check,2026-09-20T13:04:08+00:00
youtube,normal_youtube,software,What is a Data Lake?,IBM Technology,317,LxcH6z8TFpI,https://www.youtube.com/watch?v=LxcH6z8TFpI,,software tutorial English 2018,2018,en,passed_unauthenticated_metadata_format_check,2026-09-20T13:04:09+00:00
youtube,normal_youtube,education,How do your hormones work? - Emma Bryce,TED-Ed,304,-SPRPkLoKp8,https://www.youtube.com/watch?v=-SPRPkLoKp8,,educational explainer English 2018,2018,en,passed_unauthenticated_metadata_format_check,2026-09-20T13:04:11+00:00
youtube,normal_youtube,education,The science of skin - Emma Bryce,TED-Ed,311,OxPlCkTKhzY,https://www.youtube.com/watch?v=OxPlCkTKhzY,,educational explainer English 2018,2018,english_search_candidate,passed_unauthenticated_metadata_format_check,2026-09-20T13:04:13+00:00
youtube,normal_youtube,news,"Trump quits Iran nuclear deal, undoing years of diplomacy",Vox,300,U-mwFoev3OQ,https://www.youtube.com/watch?v=U-mwFoev3OQ,,news explainer English 2018,2018,en,passed_unauthenticated_metadata_format_check,2026-09-20T13:04:15+00:00
youtube,normal_youtube,comedy,Zlatan Ibrahimovic: The Universe's Best Fortune Teller,The Late Late Show with James Corden,307,IAJkayDjdoE,https://www.youtube.com/watch?v=IAJkayDjdoE,,English comedy sketch 2018,2018,en,passed_unauthenticated_metadata_format_check,2026-09-20T13:04:17+00:00
youtube,normal_youtube,comedy,"Comedy Sketch - ""Baby Talk""",Puppacorn Productions,307,frwINB78mqk,https://www.youtube.com/watch?v=frwINB78mqk,,English comedy sketch 2018,2018,en,passed_unauthenticated_metadata_format_check,2026-09-20T13:04:19+00:00
youtube,normal_youtube,sports,"Lionel Messi or Cristiano Ronaldo? Rio Ferdinand, Frank Lampard & Gary Lineker on best ever debate",TNT Sports Football,277,J0xz2PSnZ0E,https://www.youtube.com/watch?v=J0xz2PSnZ0E,,sports analysis English 2018,2018,en,passed_unauthenticated_metadata_format_check,2026-09-20T13:04:21+00:00
youtube,normal_youtube,diy,How to Make Trifle - The Victorian Way,English Heritage,324,G9p3qP3lojk,https://www.youtube.com/watch?v=G9p3qP3lojk,,DIY tutorial English 2018,2018,en-us,passed_unauthenticated_metadata_format_check,2026-09-20T13:04:26+00:00
youtube,normal_youtube,lifestyle,Inspirational Video About Life | Living with a Traveller's Mindset | English Vlog,Simerjeet Singh,311,nUg-KkCh3Fw,https://www.youtube.com/watch?v=nUg-KkCh3Fw,,English lifestyle video 2018,2018,en,passed_unauthenticated_metadata_format_check,2026-09-20T13:04:28+00:00
youtube,normal_youtube,vlog_travel,Inside Nauru | The World's Least Visited Country,Drew Binsky,294,7WKEZPF489U,https://www.youtube.com/watch?v=7WKEZPF489U,,English travel vlog 2019,2019,en,passed_unauthenticated_metadata_format_check,2026-09-20T13:04:30+00:00
youtube,normal_youtube,vlog_cooking,Professional Baker Teaches You How To Make CHOCOLATE CHIP COOKIES!,Oh Yum with Anna Olson,322,uJwekkbGPns,https://www.youtube.com/watch?v=uJwekkbGPns,,English cooking vlog 2019,2019,en-us,passed_unauthenticated_metadata_format_check,2026-09-20T13:04:32+00:00
youtube,normal_youtube,documentary_nature,Sharks 101 | National Geographic,National Geographic,316,4HGNqFdaD34,https://www.youtube.com/watch?v=4HGNqFdaD34,,short nature documentary English 2019,2019,en-us,passed_unauthenticated_metadata_format_check,2026-09-20T13:04:34+00:00
youtube,normal_youtube,documentary_culture,A day in the life of a Celtic Druid - Philip Freeman,TED-Ed,271,6kmxzIY7mE8,https://www.youtube.com/watch?v=6kmxzIY7mE8,,short culture documentary English 2019,2019,en,passed_unauthenticated_metadata_format_check,2026-09-20T13:04:36+00:00
youtube,normal_youtube,documentary_culture,Why should you read “Dune” by Frank Herbert? - Dan Kwartler,TED-Ed,306,yhYU4ZbLmmk,https://www.youtube.com/watch?v=yhYU4ZbLmmk,,short culture documentary English 2019,2019,en,passed_unauthenticated_metadata_format_check,2026-09-20T13:04:38+00:00
youtube,normal_youtube,interview,JOB INTERVIEW | Learn English Conversation - 02 (Season - 05) | Daily English Conversations,Learn English Hamza Classroom,328,BVnMXNW_grk,https://www.youtube.com/watch?v=BVnMXNW_grk,,English interview conversation 2019,2019,en-us,passed_unauthenticated_metadata_format_check,2026-09-20T13:04:40+00:00
youtube,normal_youtube,interview,How To Interview ANYONE - 6 Tips For A Talk Show Interview,Brian Kelsey,270,0Eav4ZY8pOQ,https://www.youtube.com/watch?v=0Eav4ZY8pOQ,,English interview conversation 2019,2019,en-us,passed_unauthenticated_metadata_format_check,2026-09-20T13:04:42+00:00
youtube,normal_youtube,technology,Virtualization Explained,IBM Technology,320,FZR0rG3HKIk,https://www.youtube.com/watch?v=FZR0rG3HKIk,,technology explainer English 2019,2019,en,passed_unauthenticated_metadata_format_check,2026-09-20T13:04:44+00:00
youtube,normal_youtube,education,Casually Explained: The English Language,Casually Explained,317,9_RxaeN0FGw,https://www.youtube.com/watch?v=9_RxaeN0FGw,,educational explainer English 2019,2019,en-us,passed_unauthenticated_metadata_format_check,2026-09-20T13:04:47+00:00
youtube,normal_youtube,news,Framing | Concepts Unwrapped,McCombs School of Business,279,6fPQqqEoU3Y,https://www.youtube.com/watch?v=6fPQqqEoU3Y,,news explainer English 2019,2019,en-us,passed_unauthenticated_metadata_format_check,2026-09-20T13:04:50+00:00
youtube,normal_youtube,sports,How Cristiano Ronaldo Single-Handedly Silenced Diego Simeone In 2019 | Juventus v Atletico Madrid,TNT Sports Football,275,INJPDqimZlo,https://www.youtube.com/watch?v=INJPDqimZlo,,sports analysis English 2019,2019,en,passed_unauthenticated_metadata_format_check,2026-09-20T13:04:52+00:00
youtube,normal_youtube,diy,Easy TIRAMISU Cake | No-Bake Dessert,Natashas Kitchen,326,uNowLq9fm9I,https://www.youtube.com/watch?v=uNowLq9fm9I,,DIY tutorial English 2019,2019,en-us,passed_unauthenticated_metadata_format_check,2026-09-20T13:04:54+00:00
youtube,normal_youtube,lifestyle,CULTURE SHOCK | English Conversation | Speaking English Fluently | Common Daily Expressions,Learn English Hamza Classroom,328,eCtKZJ9h2eo,https://www.youtube.com/watch?v=eCtKZJ9h2eo,,English lifestyle video 2019,2019,en,passed_unauthenticated_metadata_format_check,2026-09-20T13:04:59+00:00
youtube,normal_youtube,documentary_science,What happens when you remove the hippocampus? - Sam Kean,TED-Ed,325,KkaXNvzE4pk,https://www.youtube.com/watch?v=KkaXNvzE4pk,,short science documentary English 2020,2020,en,passed_unauthenticated_metadata_format_check,2026-09-20T13:05:03+00:00
youtube,normal_youtube,documentary_culture,The rise and fall of the Celtic warriors - Philip Freeman,TED-Ed,312,lmYQMJi30aw,https://www.youtube.com/watch?v=lmYQMJi30aw,,short culture documentary English 2020,2020,en,passed_unauthenticated_metadata_format_check,2026-09-20T13:05:05+00:00
youtube,normal_youtube,interview,"Top Interview Tips: Common Questions, Nonverbal Communication & More | Indeed",Indeed,298,HG68Ymazo18,https://www.youtube.com/watch?v=HG68Ymazo18,,English interview conversation 2020,2020,en-us,passed_unauthenticated_metadata_format_check,2026-09-20T13:05:07+00:00
youtube,normal_youtube,technology,How CRISPR lets you edit DNA - Andrea M. Henle,TED-Ed,329,6tw_JVz_IEc,https://www.youtube.com/watch?v=6tw_JVz_IEc,,technology explainer English 2020,2020,en,passed_unauthenticated_metadata_format_check,2026-09-20T13:05:10+00:00
youtube,normal_youtube,software,AWS In 5 Minutes | What Is AWS? | AWS Tutorial For Beginners | AWS Training | Simplilearn,Simplilearn,329,3XFODda6YXo,https://www.youtube.com/watch?v=3XFODda6YXo,,software tutorial English 2020,2020,en-us,passed_unauthenticated_metadata_format_check,2026-09-20T13:05:13+00:00
youtube,normal_youtube,comedy,Mr. Swallow Tries to Save the British Theatres | Nick Mohammed Comedy Sketch | The Paddock,E4,292,cSv9iBYjAtE,https://www.youtube.com/watch?v=cSv9iBYjAtE,,English comedy sketch 2020,2020,en,passed_unauthenticated_metadata_format_check,2026-09-20T13:05:16+00:00
youtube,normal_youtube,sports,3 things to learn from van Dijk | Learn Defensive Skills,Unisport,293,gB8BK9eBd7w,https://www.youtube.com/watch?v=gB8BK9eBd7w,,sports analysis English 2020,2020,en-us,passed_unauthenticated_metadata_format_check,2026-09-20T13:05:18+00:00
youtube,normal_youtube,diy,Treasure Chest Out of Cardboard with lock: Step-by-step DIY Tutorial,Reuse And Play,280,5Gby2rqIPnw,https://www.youtube.com/watch?v=5Gby2rqIPnw,,DIY tutorial English 2020,2020,english_search_candidate,passed_unauthenticated_metadata_format_check,2026-09-20T13:05:19+00:00
youtube,normal_youtube,lifestyle,5 Ways to Immerse Yourself in English without living in the United States,Learn English with EnglishClass101.com,295,RDkfIRenMAs,https://www.youtube.com/watch?v=RDkfIRenMAs,,English lifestyle video 2020,2020,en,passed_unauthenticated_metadata_format_check,2026-09-20T13:05:23+00:00
youtube,normal_youtube,business,10 Business Models for Every Entrepreneur,Valuetainment,272,6dKIOSe2A2o,https://www.youtube.com/watch?v=6dKIOSe2A2o,,business explainer English 2020,2020,en-us,passed_unauthenticated_metadata_format_check,2026-09-20T13:05:25+00:00
youtube,normal_youtube,vlog_daily,Sabrina Carpenter: In The Bag | Episode 57 | British Vogue,Vogue,305,g7QXUdrqpro,https://www.youtube.com/watch?v=g7QXUdrqpro,,English daily vlog 2021,2021,en,passed_unauthenticated_metadata_format_check,2026-09-20T13:05:27+00:00
youtube,normal_youtube,vlog_daily,📸 How to Talk to a Camera (Even if You've Never Done it Before!),Think Media,286,AYcqLymo6M4,https://www.youtube.com/watch?v=AYcqLymo6M4,,English daily vlog 2021,2021,en-us,passed_unauthenticated_metadata_format_check,2026-09-20T13:05:30+00:00
youtube,normal_youtube,documentary_nature,How a Lion Pride Hunts Prey | Cat Attack-tics,Nat Geo Animals,300,K7SR0_rhMSo,https://www.youtube.com/watch?v=K7SR0_rhMSo,,short nature documentary English 2021,2021,en,passed_unauthenticated_metadata_format_check,2026-09-20T13:05:32+00:00
youtube,normal_youtube,documentary_science,How do wind turbines work? - Rebecca J. Barthelmie and Sara C. Pryor,TED-Ed,303,xy9nj94xvKA,https://www.youtube.com/watch?v=xy9nj94xvKA,,short science documentary English 2021,2021,en,passed_unauthenticated_metadata_format_check,2026-09-20T13:05:34+00:00
youtube,normal_youtube,documentary_science,How to see with sound - Jacques S. Abramowicz,TED-Ed,316,4JLNb8-LOB0,https://www.youtube.com/watch?v=4JLNb8-LOB0,,short science documentary English 2021,2021,english_search_candidate,passed_unauthenticated_metadata_format_check,2026-09-20T13:05:36+00:00
youtube,normal_youtube,documentary_culture,The rise of the Ottoman Empire - Mostafa Minawi,TED-Ed,315,BnOS90_cwQA,https://www.youtube.com/watch?v=BnOS90_cwQA,,short culture documentary English 2021,2021,english_search_candidate,passed_unauthenticated_metadata_format_check,2026-09-20T13:05:38+00:00
youtube,normal_youtube,technology,Pegasus: the spyware technology that threatens democracy,The Guardian,295,G7H9uo3j5FQ,https://www.youtube.com/watch?v=G7H9uo3j5FQ,,technology explainer English 2021,2021,en,passed_unauthenticated_metadata_format_check,2026-09-20T13:05:40+00:00
youtube,normal_youtube,technology,What is an API (in 5 minutes),Aaron Jack,296,ByGJQzlzxQg,https://www.youtube.com/watch?v=ByGJQzlzxQg,,technology explainer English 2021,2021,en-us,passed_unauthenticated_metadata_format_check,2026-09-20T13:05:43+00:00
youtube,normal_youtube,software,DevOps In 5 Minutes | What Is DevOps?| DevOps Explained | DevOps Tutorial For Beginners |Simplilearn,Simplilearn,280,Xrgk023l4lI,https://www.youtube.com/watch?v=Xrgk023l4lI,,software tutorial English 2021,2021,en-us,passed_unauthenticated_metadata_format_check,2026-09-20T13:05:45+00:00
youtube,normal_youtube,software,How to do the Splits for the Inflexible! Beginner Splits Tutorial,Anna McNulty,312,k0HHzxa7St8,https://www.youtube.com/watch?v=k0HHzxa7St8,,software tutorial English 2021,2021,en,passed_unauthenticated_metadata_format_check,2026-09-20T13:05:47+00:00
youtube,normal_youtube,software,How Google Search Works (in 5 minutes),Google,315,0eKVizvYSUQ,https://www.youtube.com/watch?v=0eKVizvYSUQ,,software tutorial English 2021,2021,en-us,passed_unauthenticated_metadata_format_check,2026-09-20T13:05:49+00:00
youtube,normal_youtube,news,Climate change is making floods worse: here's how,Guardian News,321,fbyK1z1_W4s,https://www.youtube.com/watch?v=fbyK1z1_W4s,,news explainer English 2021,2021,en,passed_unauthenticated_metadata_format_check,2026-09-20T13:05:51+00:00
youtube,normal_youtube,comedy,Driver's Ed' Full Sketch - I Think You Should Leave Season 2,Netflix Is A Joke,284,-ZBwPmla8QQ,https://www.youtube.com/watch?v=-ZBwPmla8QQ,,English comedy sketch 2021,2021,english_search_candidate,passed_unauthenticated_metadata_format_check,2026-09-20T13:05:53+00:00
youtube,normal_youtube,comedy,"HOW TO WRITE A COMEDY SKETCH - Methods, Advice, & Tips from Jimmy Fowlie!",Paul McGovern Jr,325,JiLTC2FP2xI,https://www.youtube.com/watch?v=JiLTC2FP2xI,,English comedy sketch 2021,2021,en-us,passed_unauthenticated_metadata_format_check,2026-09-20T13:05:55+00:00
youtube,normal_youtube,diy,How To At Home Pedicure | DIY Pedicure Tutorial With Salon Results!,Paloma Daily 🕊,302,GOZYdvsJeww,https://www.youtube.com/watch?v=GOZYdvsJeww,,DIY tutorial English 2021,2021,en,passed_unauthenticated_metadata_format_check,2026-09-20T13:05:57+00:00
youtube,normal_youtube,lifestyle,Cosy Summer Hygge | Slow Living Silent Vlog UK | Cottagecore & English Countryside life aesthetics,Adriana Tudorache,300,1d-9kxTKGls,https://www.youtube.com/watch?v=1d-9kxTKGls,,English lifestyle video 2021,2021,english_search_candidate,passed_unauthenticated_metadata_format_check,2026-09-20T13:05:59+00:00
youtube,normal_youtube,vlog_cooking,One of my FAVOURITE recipes of all time!,Kitchen Sanctuary,281,3RA4DghJ1MM,https://www.youtube.com/watch?v=3RA4DghJ1MM,,English cooking vlog 2022,2022,en,passed_unauthenticated_metadata_format_check,2026-09-20T13:06:01+00:00
youtube,normal_youtube,documentary_nature,World of Camels | A Short Documentary | Wildlife | Animals Documentary,Cosmos Therapy,309,sq9LwzMLFA8,https://www.youtube.com/watch?v=sq9LwzMLFA8,,short nature documentary English 2022,2022,en-us,passed_unauthenticated_metadata_format_check,2026-09-20T13:06:03+00:00
youtube,normal_youtube,documentary_science,How does heart transplant surgery work? - Roni Shanoada,TED-Ed,308,o1z2DfFZBS4,https://www.youtube.com/watch?v=o1z2DfFZBS4,,short science documentary English 2022,2022,en,passed_unauthenticated_metadata_format_check,2026-09-20T13:06:05+00:00
youtube,normal_youtube,education,Seeds and Germination Explained,Science Sauce,275,taaiH3XdSxw,https://www.youtube.com/watch?v=taaiH3XdSxw,,educational explainer English 2022,2022,en-us,passed_unauthenticated_metadata_format_check,2026-09-20T13:06:09+00:00
youtube,normal_youtube,education,Ukraine Russia Conflict Explained | What is happening with Ukraine and Russia 2022?,Illustrate to Educate,281,K0npn2FzOu4,https://www.youtube.com/watch?v=K0npn2FzOu4,,educational explainer English 2022,2022,en-us,passed_unauthenticated_metadata_format_check,2026-09-20T13:06:11+00:00
youtube,normal_youtube,news,Why Bond Yields Are a Key Economic Barometer | WSJ,The Wall Street Journal,317,7x8vIvwYzFg,https://www.youtube.com/watch?v=7x8vIvwYzFg,,news explainer English 2022,2022,en,passed_unauthenticated_metadata_format_check,2026-09-20T13:06:13+00:00
youtube,normal_youtube,sports,Convolutional Neural Networks - Sports Analytics Methods,Victor Holman,328,Pcv1KnzsgiE,https://www.youtube.com/watch?v=Pcv1KnzsgiE,,sports analysis English 2022,2022,en,passed_unauthenticated_metadata_format_check,2026-09-20T13:06:15+00:00
youtube,normal_youtube,sports,Intro to Sports Analytics ⚾️ ⚽️ 🏏 🏀,DataScienceWithSam,274,2PVrQTG45HU,https://www.youtube.com/watch?v=2PVrQTG45HU,,sports analysis English 2022,2022,en,passed_unauthenticated_metadata_format_check,2026-09-20T13:06:17+00:00
youtube,normal_youtube,documentary_nature,5 Minute Wildlife Documentary: A Breathtaking Journey Through Earth's Diverse Wildlife,Animal World,311,ZnUHQLtad-0,https://www.youtube.com/watch?v=ZnUHQLtad-0,,short nature documentary English 2023,2023,en-us,passed_unauthenticated_metadata_format_check,2026-09-20T13:06:25+00:00
youtube,normal_youtube,interview,Top 10 Job Interview Questions and Best Answers - English Speaking Conversation#english#job,Ts,314,DlyzXlV4Tw0,https://www.youtube.com/watch?v=DlyzXlV4Tw0,,English interview conversation 2023,2023,en-us,passed_unauthenticated_metadata_format_check,2026-09-20T13:06:28+00:00
youtube,normal_youtube,interview,Bank Interview English Speaking Conversation || English Subtitles ||#english #job #bank,Ts,310,4CkAJ_ac7zk,https://www.youtube.com/watch?v=4CkAJ_ac7zk,,English interview conversation 2023,2023,en-us,passed_unauthenticated_metadata_format_check,2026-09-20T13:06:31+00:00
youtube,normal_youtube,technology,What is Artificial Intelligence? | Artificial Intelligence In 5 Minutes | AI Explained | Simplilearn,Simplilearn,285,uMzUB89uSxU,https://www.youtube.com/watch?v=uMzUB89uSxU,,technology explainer English 2023,2023,en,passed_unauthenticated_metadata_format_check,2026-09-20T13:06:33+00:00
youtube,normal_youtube,education,"What is Juneteenth, and why is it important? - Karlos K. Hill and Soraya Field Fiorio",TED-Ed,330,lq8TNKZVEWs,https://www.youtube.com/watch?v=lq8TNKZVEWs,,educational explainer English 2023,2023,english_search_candidate,passed_unauthenticated_metadata_format_check,2026-09-20T13:06:35+00:00
youtube,normal_youtube,education,A beginner’s guide to Australian Football | AFL Explained,AFL,297,u_SqfNNfhmM,https://www.youtube.com/watch?v=u_SqfNNfhmM,,educational explainer English 2023,2023,en,passed_unauthenticated_metadata_format_check,2026-09-20T13:06:37+00:00
youtube,normal_youtube,education,Beginner's Guide to F1,FORMULA 1,282,Q-jjZMMxbZs,https://www.youtube.com/watch?v=Q-jjZMMxbZs,,educational explainer English 2023,2023,en,passed_unauthenticated_metadata_format_check,2026-09-20T13:06:39+00:00
youtube,normal_youtube,education,SEO In 5 Minutes | What Is SEO And How Does It Work | SEO Explained | SEO Tutorial | Simplilearn,Simplilearn,304,MYE6T_gd7H0,https://www.youtube.com/watch?v=MYE6T_gd7H0,,educational explainer English 2023,2023,en-us,passed_unauthenticated_metadata_format_check,2026-09-20T13:06:41+00:00
youtube,normal_youtube,comedy,Harry and Meghan Return Home | SNL UK,Saturday Night Live UK,292,-kzHYu6Gumc,https://www.youtube.com/watch?v=-kzHYu6Gumc,,English comedy sketch 2023,2023,en,passed_unauthenticated_metadata_format_check,2026-09-20T13:06:43+00:00
youtube,normal_youtube,comedy,David Tennant's HILARIOUS Opening Sketch 🐶 | BAFTA Film Awards 2024 - BBC,BBC,323,30KVuRD2o4s,https://www.youtube.com/watch?v=30KVuRD2o4s,,English comedy sketch 2023,2023,en,passed_unauthenticated_metadata_format_check,2026-09-20T13:06:45+00:00
youtube,normal_youtube,diy,DIY Bunting Sewing Tutorial - Today we Craft,Today we Craft,307,nMwOaBSBwuM,https://www.youtube.com/watch?v=nMwOaBSBwuM,,DIY tutorial English 2023,2023,en,passed_unauthenticated_metadata_format_check,2026-09-20T13:06:49+00:00
youtube,normal_youtube,lifestyle,British Customs & Culture | England,Learn English by Pocket Passport,295,wpjspHgHU9g,https://www.youtube.com/watch?v=wpjspHgHU9g,,English lifestyle video 2023,2023,en-us,passed_unauthenticated_metadata_format_check,2026-09-20T13:06:51+00:00
youtube,normal_youtube,technology,Five things you really need to know about AI - BBC,BBC,322,-J3YJxNnzDc,https://www.youtube.com/watch?v=-J3YJxNnzDc,,technology explainer English 2024,2024,en,passed_unauthenticated_metadata_format_check,2026-09-20T13:06:53+00:00
youtube,normal_youtube,technology,A simple guide to chaos theory - BBC World Service,BBC World Service,310,r_ahZOgPTsk,https://www.youtube.com/watch?v=r_ahZOgPTsk,,technology explainer English 2024,2024,en-us,passed_unauthenticated_metadata_format_check,2026-09-20T13:06:55+00:00
youtube,normal_youtube,comedy,John Cleese & Marty Feldman - Bookshop (Full Sketch),Ben Simon a.k.a. Cartoon Man Central,275,RKElYPkaQr8,https://www.youtube.com/watch?v=RKElYPkaQr8,,English comedy sketch 2024,2024,en,passed_unauthenticated_metadata_format_check,2026-09-20T13:06:57+00:00
youtube,normal_youtube,technology,How are microchips made? - George Zaidan and Sajan Saini,TED-Ed,329,IkRXpFIRUl4,https://www.youtube.com/watch?v=IkRXpFIRUl4,,technology explainer English 2025,2025,en,passed_unauthenticated_metadata_format_check,2026-09-20T13:07:01+00:00
youtube,normal_youtube,software,Avenged Sevenfold - So Far Away [Official Music Video],Avenged Sevenfold,329,A7ry4cx6HfY,https://www.youtube.com/watch?v=A7ry4cx6HfY,,software tutorial English 2025,2025,english_search_candidate,passed_unauthenticated_metadata_format_check,2026-09-20T13:07:03+00:00
youtube,normal_youtube,comedy,Monty Python's best sketch ever,queezycds,298,T70-HTlKRXo,https://www.youtube.com/watch?v=T70-HTlKRXo,,English comedy sketch 2025,2025,english_search_candidate,passed_unauthenticated_metadata_format_check,2026-09-20T13:07:05+00:00
youtube,normal_youtube,comedy,Sketch (2025) - Battling Amber's Monsters Scene | Movie Clip 4K,Angel Clips,291,37IUS11qUVI,https://www.youtube.com/watch?v=37IUS11qUVI,,English comedy sketch 2025,2025,english_search_candidate,passed_unauthenticated_metadata_format_check,2026-09-20T13:07:07+00:00
youtube,normal_youtube,music,Everyday English Conversation | How to Talk About Music,English Smart Practice,311,etuH47IzyAQ,https://www.youtube.com/watch?v=etuH47IzyAQ,,music lesson English 2025,2025,en,passed_unauthenticated_metadata_format_check,2026-09-20T13:07:10+00:00
youtube,normal_youtube,music,New Divide [Official Live in Red Square 2011] - Linkin Park,Linkin Park,328,rGedjDnQ9cw,https://www.youtube.com/watch?v=rGedjDnQ9cw,,music lesson English 2025,2025,english_search_candidate,passed_unauthenticated_metadata_format_check,2026-09-20T13:07:11+00:00
youtube,normal_youtube,lifestyle,British Airways | Safety Video 2024 | May We Haveth One’s Attention,British Airways,322,ssVe0FaBhUU,https://www.youtube.com/watch?v=ssVe0FaBhUU,,English lifestyle video 2025,2025,english_search_candidate,passed_unauthenticated_metadata_format_check,2026-09-20T13:07:15+00:00
youtube,normal_youtube,software,"Gamma App Tutorial (2026): The New Flow, Start to Finish",PromptSmithLab,313,eYJak3BDTVk,https://www.youtube.com/watch?v=eYJak3BDTVk,,software tutorial English 2026,2026,en,passed_unauthenticated_metadata_format_check,2026-09-20T13:07:17+00:00
youtube,normal_youtube,comedy,An Invisible Friend | SNL UK,Saturday Night Live UK,289,xuIce3T1Lfc,https://www.youtube.com/watch?v=xuIce3T1Lfc,,English comedy sketch 2026,2026,en,passed_unauthenticated_metadata_format_check,2026-09-20T13:07:21+00:00
youtube,normal_youtube,diy,EASIEST MOB XP Farm Minecraft Bedrock & Java 1.21/26.2+!,OinkOink,302,ZYHoDqCL72g,https://www.youtube.com/watch?v=ZYHoDqCL72g,,DIY tutorial English 2026,2026,en-us,passed_unauthenticated_metadata_format_check,2026-09-20T13:07:23+00:00
