availability,channel_discovered,duration,kind,search_query,tested_seconds,title,title_discovered,url,video_id,yt_dlp_error,yt_dlp_ok
,Boxoffice | ANIMATION | Full Movies,,kids,family friendly animation,7.74,,"Best Friends in The World | ANIME, KIDS | Full Movie in English",https://www.youtube.com/watch?v=U9-hTROh0q8,U9-hTROh0q8,ERROR: [youtube] U9-hTROh0q8: This video is not available,False
public,Awesome3D,66,kids,family friendly animation,7.96,"""Class Clown"" | Blender Animation","""Class Clown"" | Blender Animation",https://www.youtube.com/watch?v=yKXsm7Ko0-w,yKXsm7Ko0-w,,True
,Cocomelon - Nursery Rhymes,,kids,family friendly animation,7.96,,Are We There Yet? | CoComelon Nursery Rhymes & Kids Songs,https://www.youtube.com/watch?v=_Tr9Ncoo-yw,_Tr9Ncoo-yw,ERROR: [youtube] _Tr9Ncoo-yw: This video is not available,False
public,Animal Revolt Tv,640,kids,family friendly animation,9.52,"African Elephant Meets Lion, Tiger & Dinosaur | Family-Friendly Animation","African Elephant Meets Lion, Tiger & Dinosaur | Family-Friendly Animation",https://www.youtube.com/watch?v=ko614YMvJfM,ko614YMvJfM,,True
,Cocomelon - Nursery Rhymes,,kids,family friendly animation,9.54,,Five Little Speckled Frogs | CoComelon Nursery Rhymes & Kids Songs,https://www.youtube.com/watch?v=VQTVrxj4l6o,VQTVrxj4l6o,ERROR: [youtube] VQTVrxj4l6o: This video is not available,False
,Super Simple Songs - Kids Songs,,kids,family friendly animation,9.59,,Here Comes The Fire Truck | Kids Songs | Super Simple Songs,https://www.youtube.com/watch?v=RI6UT82cB_E,RI6UT82cB_E,ERROR: [youtube] RI6UT82cB_E: This video is not available,False
,Spookiz - Cartoons for Everyone,,kids,family friendly animation,9.65,,Spookiz: The Movie | Cartoons for Kids | Official Full Movie,https://www.youtube.com/watch?v=HfEVEGf1A8Q,HfEVEGf1A8Q,ERROR: [youtube] HfEVEGf1A8Q: This video is not available,False
,Peppa's Playgroup: Little Learners,,kids,family friendly animation,9.72,,Peppa Pigs Movie Mystery Door | Cartoons For Kids | Fun Animation | Peppa Pig Videos,https://www.youtube.com/watch?v=9N2MWsOv7wA,9N2MWsOv7wA,ERROR: [youtube] 9N2MWsOv7wA: This video is not available,False
,Genevieve's Playhouse - Learning Videos for Kids,,kids,family friendly animation,9.79,,Best Toy Learning Video for Toddlers and Kids Learn Colors with Surprise Crayons!,https://www.youtube.com/watch?v=GkQmkZNLCeM,GkQmkZNLCeM,ERROR: [youtube] GkQmkZNLCeM: This video is not available,False
,Disney Jr. ,,kids,family friendly animation,9.76,,Spidey's Best Moments! | Compilation | Marvel's Spidey and his Amazing Friends | @disneyjunior,https://www.youtube.com/watch?v=bqSgbSmrJdk,bqSgbSmrJdk,ERROR: [youtube] bqSgbSmrJdk: This video is not available,False
public,GULU Animation,151,kids,family friendly animation,9.91,Donut Adventure - Animated Short Film by GULU #doughnut #bread #animation #cartoon,Donut Adventure - Animated Short Film by GULU #doughnut #bread #animation #cartoon,https://www.youtube.com/watch?v=QBCapOmnvjM,QBCapOmnvjM,,True
,Twinkle Little Songs - Nursery Rhymes,,kids,family friendly animation,9.97,,ITSY BITSY SPIDER - Song for Children,https://www.youtube.com/watch?v=w_lCi8U49mY,w_lCi8U49mY,ERROR: [youtube] w_lCi8U49mY: This video is not available,False
public,LilDaeDreamer ,50,kids,family friendly animation,10.0,"""A Nice Walk"" (VERITY Animation)","""A Nice Walk"" (VERITY Animation)",https://www.youtube.com/watch?v=cq-EA1DyFEI,cq-EA1DyFEI,,True
,Hey Bear Sensory,,kids,family friendly animation,10.0,,Hey Bear Sensory - Smoothie Mix!- Fun Dance Video with music and animation !,https://www.youtube.com/watch?v=KPP4Cfupzhs,KPP4Cfupzhs,ERROR: [youtube] KPP4Cfupzhs: This video is not available,False
,Videogyan Kids Shows - TooToo Boy & Zool Babies ,,kids,family friendly animation,10.08,,TooToo Boy - Christmas Wishes Episode | Cartoon Animation For Children | Videogyan Kids Shows,https://www.youtube.com/watch?v=JJhSOTc6ZjU,JJhSOTc6ZjU,ERROR: [youtube] JJhSOTc6ZjU: This video is not available,False
,Little Bear - Official,,kids,family friendly animation,10.12,,The Little Bear Movie,https://www.youtube.com/watch?v=hKqri_XuIWw,hKqri_XuIWw,ERROR: [youtube] hKqri_XuIWw: This video is not available,False
public,JOEhuh02,28,kids,family friendly animation,10.23,Sprunki but too kiD frIEndly animation (Original) //tw gore and blood,Sprunki but too kiD frIEndly animation (Original) //tw gore and blood,https://www.youtube.com/watch?v=AXxD6W3TM-I,AXxD6W3TM-I,,True
public,Cinema Zone HD,4600,kids,family friendly animation,10.23,"The Heroes of Q-Town | Full Movie in English | Adventure Animation, HD","The Heroes of Q-Town | Full Movie in English | Adventure Animation, HD",https://www.youtube.com/watch?v=UAbIuQ2vS4E,UAbIuQ2vS4E,,True
public,CGMeetup,100,kids,family friendly animation,10.36,"CGI Animated Short Film: ""Don't Croak"" by Daun Kim | CGMeetup","CGI Animated Short Film: ""Don't Croak"" by Daun Kim | CGMeetup",https://www.youtube.com/watch?v=j8PDTJNaPc0,j8PDTJNaPc0,,True
,Super Simple Songs - Kids Songs,,kids,family friendly animation,10.4,,Butterfly Ladybug Bumblebee | Super Simple Songs,https://www.youtube.com/watch?v=EgiQ6GliTrI,EgiQ6GliTrI,ERROR: [youtube] EgiQ6GliTrI: This video is not available,False
,Mimi and Daddy - Kids Songs and Cartoons,,kids,family friendly animation,6.69,,"Baby, Be Nice to Families | Good Manners | Cartoon for Kids | Stories for Kids | MeowMi Family Show",https://www.youtube.com/watch?v=SIa57xL5rAU,SIa57xL5rAU,ERROR: [youtube] SIa57xL5rAU: This video is not available,False
,Super Simple Songs - Kids Songs,,kids,family friendly animation,6.7,,BINGO | Nursery Rhymes For Kids | Super Simple Songs,https://www.youtube.com/watch?v=9mmF8zOlh_g,9mmF8zOlh_g,ERROR: [youtube] 9mmF8zOlh_g: This video is not available,False
,Hooray Kids Songs & Nursery Rhymes,,kids,family friendly animation,7.11,,Wash your hands Children's Song | Wash us - Healthy habits Song | Hooray Kids Songs & Nursery Rhymes,https://www.youtube.com/watch?v=evXG5HuwIn0,evXG5HuwIn0,ERROR: [youtube] evXG5HuwIn0: This video is not available,False
,PJ Masks Official,,kids,family friendly animation,7.86,,PJ Masks Full Episodes | PJ Seeker | 1 Hour | Cartoons for Kids | Animation for Kids,https://www.youtube.com/watch?v=Bg9qw4GbGfk,Bg9qw4GbGfk,ERROR: [youtube] Bg9qw4GbGfk: This video is not available,False
,Rotten Tomatoes Family,,kids,family friendly animation,8.44,,Sing - Shake It Off Scene | Fandango Family,https://www.youtube.com/watch?v=y2joDOunHBo,y2joDOunHBo,ERROR: [youtube] y2joDOunHBo: This video is not available,False
,Premium Films,,kids,family friendly animation,8.63,,"A Charming Chameleon Learns to Live by His Own Colors! | CGI Animation ""The Social Chameleon""",https://www.youtube.com/watch?v=-gL8UIlueWI,-gL8UIlueWI,ERROR: [youtube] -gL8UIlueWI: This video is not available,False
,Videogyan Kids Shows - TooToo Boy & Zool Babies ,,kids,family friendly animation,9.05,,Missing Zoo Animals Episode | Cartoon Animation For Children | Videogyan Kids Shows | Zool Babies,https://www.youtube.com/watch?v=WnDnPuoX8hI,WnDnPuoX8hI,ERROR: [youtube] WnDnPuoX8hI: This video is not available,False
public,Boxoffice | FAMILY | Full Movies,4785,kids,family friendly animation,9.0,"Ella Bella Dingo | KIDS, ANIMATION | Full Movie in English","Ella Bella Dingo | KIDS, ANIMATION | Full Movie in English",https://www.youtube.com/watch?v=gTJ_59-9iHE,gTJ_59-9iHE,,True
,DisneyMusicVEVO,,kids,family friendly animation,10.0,,"Stephanie Beatriz, Olga Merediz, Encanto - Cast - The Family Madrigal (From ""Encanto"")",https://www.youtube.com/watch?v=Yp5nPGWWMh4,Yp5nPGWWMh4,ERROR: [youtube] Yp5nPGWWMh4: This video is not available,False
,Peppa Pig - Official Channel,,kids,family friendly animation,9.77,,Peppa's Family Camping Adventure 🏕️ | Peppa Pig Full Episodes,https://www.youtube.com/watch?v=DYSTZz_dNLs,DYSTZz_dNLs,ERROR: [youtube] DYSTZz_dNLs: This video is not available,False
,The Land Before Time,,kids,family friendly animation,9.93,,The Land Before Time | The Bright Circle Celebration | Cartoons For Kids | Kids Movies,https://www.youtube.com/watch?v=vX2g-VnhbU8,vX2g-VnhbU8,ERROR: [youtube] vX2g-VnhbU8: This video is not available,False
,Disney Jr. ,,kids,family friendly animation,9.94,,Top 5 Marvel’s Spidey and his Amazing Friends Moments 🕸 | Compilation | @disneyjr,https://www.youtube.com/watch?v=wlZhfMo98zs,wlZhfMo98zs,ERROR: [youtube] wlZhfMo98zs: This video is not available,False
public,Boxoffice | FAMILY | Full Movies,5050,kids,family friendly animation,9.79,"Rise of the Little Insect | FAMILY, ANIMATION | Full Movie in English💎","Rise of the Little Insect | FAMILY, ANIMATION | Full Movie in English💎",https://www.youtube.com/watch?v=AYS8-NmHcCI,AYS8-NmHcCI,,True
public,Mad Artist Publishing CGI & Films,245,kids,family friendly animation,9.58,Cute CGI 3D Animated Short Film ** DUST BUDDIES **- Funny Animation by Ringling College,Cute CGI 3D Animated Short Film ** DUST BUDDIES **- Funny Animation by Ringling College,https://www.youtube.com/watch?v=9OhUJyF1bYo,9OhUJyF1bYo,,True
,Cocomelon - Nursery Rhymes,,kids,family friendly animation,9.46,,Finger Family | CoComelon Nursery Rhymes & Kids Songs,https://www.youtube.com/watch?v=kCka94jeGTk,kCka94jeGTk,ERROR: [youtube] kCka94jeGTk: This video is not available,False
public,BrodyAnimates,538,kids,family friendly animation,9.81,Siblings (ft. Haminations & Infamous Swoosh),Siblings (ft. Haminations & Infamous Swoosh),https://www.youtube.com/watch?v=O0hyjRF6quc,O0hyjRF6quc,,True
,Peter Rabbit,,kids,family friendly animation,10.29,,Peter Rabbit - Camping by the Lake | Cartoons for Kids,https://www.youtube.com/watch?v=b2sjCyAsFbM,b2sjCyAsFbM,ERROR: [youtube] b2sjCyAsFbM: This video is not available,False
public,Canine Companions®,452,kids,family friendly animation,10.4,Andy: A Dog's Tale | Full Film | Canine Companions #animation #puppy #servicedog,Andy: A Dog's Tale | Full Film | Canine Companions #animation #puppy #servicedog,https://www.youtube.com/watch?v=jXHOHOYkbYc,jXHOHOYkbYc,,True
public,Boxoffice | FAMILY | Full Movies,5589,kids,family friendly animation,10.39,Super Dumpling | Animation | Full Movie in English | Family,Super Dumpling | Animation | Full Movie in English | Family,https://www.youtube.com/watch?v=NsD3_njh7D0,NsD3_njh7D0,,True
public,Mr. Friend,154,kids,family friendly animation,10.67,The Moon wakes up (cosmic horror/astrophobia animation),The Moon wakes up (cosmic horror/astrophobia animation),https://www.youtube.com/watch?v=ZkIQTX71GnU,ZkIQTX71GnU,,True
,Disney Jr. ,,kids,family friendly animation,8.22,,Meet Marvel's Spidey and his Amazing Friends! | @disneyjunior,https://www.youtube.com/watch?v=Vk36-GV81Yg,Vk36-GV81Yg,ERROR: [youtube] Vk36-GV81Yg: This video is not available,False
public,Sony Pictures Animation,408,kids,family friendly animation,8.32,Hair Love | Oscar®-Winning Short Film (Full) | Sony Pictures Animation,Hair Love | Oscar®-Winning Short Film (Full) | Sony Pictures Animation,https://www.youtube.com/watch?v=kNw8V_Fkw28,kNw8V_Fkw28,,True
public,Hornstromp 3D,1247,kids,family friendly animation,8.84,POOR TRALALERO TRALALA: SAD STORY! Italian Brainrot Animation,POOR TRALALERO TRALALA: SAD STORY! Italian Brainrot Animation,https://www.youtube.com/watch?v=BJJSwpjryfQ,BJJSwpjryfQ,,True
,Disney Kids,,kids,family friendly animation,6.91,,Mulan | I'll Make a Man Out of You | @disneykids,https://www.youtube.com/watch?v=vGfJeW_CcFY,vGfJeW_CcFY,ERROR: [youtube] vGfJeW_CcFY: This video is not available,False
,DisneyMusicVEVO,,kids,family friendly animation,7.2,,"That Time of Year (From ""Olaf's Frozen Adventure"")",https://www.youtube.com/watch?v=nLGBEETtEPc,nLGBEETtEPc,ERROR: [youtube] nLGBEETtEPc: This video is not available,False
,Ryan's World,,kids,toy review kids,7.1,,GIANT Lightning McQueen Egg Surprise with 100+ Disney Cars Toys,https://www.youtube.com/watch?v=Tldlt2RhrDw,Tldlt2RhrDw,ERROR: [youtube] Tldlt2RhrDw: This video is not available,False
,Kidibli (Kinder Spielzeug Kanal),,kids,toy review kids,7.2,,Various Ride On Toy Vehicles for Kids,https://www.youtube.com/watch?v=dYPOV9LErns,dYPOV9LErns,ERROR: [youtube] dYPOV9LErns: This video is not available,False
public,ToonAnimations,141,kids,family friendly animation,9.33,ROBLOX ANIMAL HOSPITAL🧪 RETOLD | ANIMATION,ROBLOX ANIMAL HOSPITAL🧪 RETOLD | ANIMATION,https://www.youtube.com/watch?v=_NN94nsBQh4,_NN94nsBQh4,,True
,AGN KIDS ENGLISH,,kids,family friendly animation,9.12,,"Tom & Jerry’s Crazy Vehicle Adventure 🚍🚒🚓 | Funny Bus, Cars & Toy Race | 3D Cartoon",https://www.youtube.com/watch?v=QCSuIxx2QNs,QCSuIxx2QNs,ERROR: [youtube] QCSuIxx2QNs: This video is not available,False
public,My Cute Toys,3904,kids,toy review kids,8.0,"Satisfying with Unboxing Disney Minnie Mouse and Fifi Bathtub Playset, Toys Collection Review | ASMR","Satisfying with Unboxing Disney Minnie Mouse and Fifi Bathtub Playset, Toys Collection Review | ASMR",https://www.youtube.com/watch?v=VUv8glWbb0g,VUv8glWbb0g,,True
,Genevieve's Playhouse - Learning Videos for Kids,,kids,toy review kids,7.28,,Best Toy Learning Video for Toddlers and Kids - Learn Colors and Counting in the Garden!,https://www.youtube.com/watch?v=_UNe6tz28OI,_UNe6tz28OI,ERROR: [youtube] _UNe6tz28OI: This video is not available,False
,Cinema Zone HD,,kids,family friendly animation,9.11,,Lost in the City: A Father Bear’s Fight for Family | Full Movie | Animation HD,https://www.youtube.com/watch?v=FFJyzxxX9qY,FFJyzxxX9qY,ERROR: [youtube] FFJyzxxX9qY: This video is not available,False
,Genevieve's Playhouse - Learning Videos for Kids,,kids,toy review kids,8.98,,Hour Long Paw Patrol Toy Learning Video for Kids!,https://www.youtube.com/watch?v=S8I58u3OsXw,S8I58u3OsXw,ERROR: [youtube] S8I58u3OsXw: This video is not available,False
,ST Hacks,,kids,toy review kids,8.55,,Doctor Kit Unboxing | Kids Medical Playset Full Review 🩺🔥,https://www.youtube.com/watch?v=f24Xy60sj04,f24Xy60sj04,ERROR: [youtube] f24Xy60sj04: This video is not available,False
,Genevieve's Playhouse - Learning Videos for Kids,,kids,toy review kids,9.38,,Best ♥PEPPA PIG♥ Toy Learning Videos for Kids and Toddlers!,https://www.youtube.com/watch?v=3r6jW-8QuBM,3r6jW-8QuBM,ERROR: [youtube] 3r6jW-8QuBM: This video is not available,False
public,Korya BeeBee,94,kids,family friendly animation,9.94,HE'S MINE (doki doki family friendly literature club) //animation,HE'S MINE (doki doki family friendly literature club) //animation,https://www.youtube.com/watch?v=t9VWa51DGjA,t9VWa51DGjA,,True
public,ToyToy Unboxing,3707,kids,toy review kids,9.52,"61 Minutes Satisfying with Unboxing Cute Pink Ice Cream, Hello Kitty Smart Refrigerator, Review Toys","61 Minutes Satisfying with Unboxing Cute Pink Ice Cream, Hello Kitty Smart Refrigerator, Review Toys",https://www.youtube.com/watch?v=mf9zGeZTy_U,mf9zGeZTy_U,,True
public,ぺんだこあすちゃん,207,kids,family friendly animation,9.81,Kid friendly,Kid friendly,https://www.youtube.com/watch?v=ut5W0Scfw4I,ut5W0Scfw4I,,True
,Ryan's World,,kids,toy review kids,8.68,,Ryan Pretend Play with McDonalds Toys and cook toys food!,https://www.youtube.com/watch?v=xzaNqjc4fkE,xzaNqjc4fkE,ERROR: [youtube] xzaNqjc4fkE: This video is not available,False
,Genevieve's Playhouse - Learning Videos for Kids,,kids,toy review kids,9.91,,Best Toy Food Videos for Kids - Let's Have Fun in the Kitchen!,https://www.youtube.com/watch?v=aq2TEynHNDU,aq2TEynHNDU,ERROR: [youtube] aq2TEynHNDU: This video is not available,False
public,Tina Unboxing Toys,3642,kids,toy review kids,6.89,"60 Minutes Ultimate Cooking Toys Playset, Satisfying Unboxing Flamingo Kitchen Set ASMR |Tina Review","60 Minutes Ultimate Cooking Toys Playset, Satisfying Unboxing Flamingo Kitchen Set ASMR |Tina Review",https://www.youtube.com/watch?v=Judk34NMBM0,Judk34NMBM0,,True
public,King Zippy,416,kids,toy review kids,8.77,Billys Toy review CocoMelon lunchbox playset,Billys Toy review CocoMelon lunchbox playset,https://www.youtube.com/watch?v=DICdurbTlyk,DICdurbTlyk,,True
,Ryan's World,,kids,toy review kids,8.27,,Emma & Kate Review EVERY New Viral Squishy!,https://www.youtube.com/watch?v=NvHXmb9G9Zg,NvHXmb9G9Zg,ERROR: [youtube] NvHXmb9G9Zg: This video is not available,False
,ST Hacks,,kids,toy review kids,8.36,,Doctor Kit Unboxing | Kids Medical Playset Full Review 🩺🔥,https://www.youtube.com/watch?v=NUPOWe0tH3E,NUPOWe0tH3E,ERROR: [youtube] NUPOWe0tH3E: This video is not available,False
,AWESMR pop,,kids,toy review kids,6.46,,Feeding Mr. Play Doh Head Play Foam Ice Cream!,https://www.youtube.com/watch?v=vh9No2Mum5c,vh9No2Mum5c,ERROR: [youtube] vh9No2Mum5c: This video is not available,False
,Kidibli (Kinder Spielzeug Kanal),,kids,toy review kids,7.89,,Truck filled with Toy Vehicles for Kids,https://www.youtube.com/watch?v=VQXTa0ZECps,VQXTa0ZECps,ERROR: [youtube] VQXTa0ZECps: This video is not available,False
public,Turbo Track Toy,5287,kids,toy review kids,8.5,Hot Wheels Collection Unboxing Toy Review ASMR | Hot Wheels City Ultimate T-Rex Transporter Playset,Hot Wheels Collection Unboxing Toy Review ASMR | Hot Wheels City Ultimate T-Rex Transporter Playset,https://www.youtube.com/watch?v=NZqj5H19HFU,NZqj5H19HFU,,True
public,Addie Bowley,642,kids,toy review kids,7.95,I Tested 100 Years of Kid's Toys,I Tested 100 Years of Kid's Toys,https://www.youtube.com/watch?v=2tLWwV5hF3Y,2tLWwV5hF3Y,,True
,Genevieve's Playhouse - Learning Videos for Kids,,kids,toy review kids,8.27,,Toy Learning Video for Kids with Paw Patrol Ultimate Rescue Vehicles!,https://www.youtube.com/watch?v=dQXTNzOA5gU,dQXTNzOA5gU,ERROR: [youtube] dQXTNzOA5gU: This video is not available,False
,Ryan's World,,kids,toy review kids,6.71,,PUCKER POWDER Custom Candy Kit! Sweet and Sour Kids Candy Review! Ryan ToysReview,https://www.youtube.com/watch?v=mQfplOwQwIs,mQfplOwQwIs,ERROR: [youtube] mQfplOwQwIs: This video is not available,False
public,LOVE MY TOYS ,555,kids,toy review kids,8.68,10 Minutes Satisfying with Unboxing Cook & Kitchen Sink Pool Toy Set Review Toys | ASMR,10 Minutes Satisfying with Unboxing Cook & Kitchen Sink Pool Toy Set Review Toys | ASMR ,https://www.youtube.com/watch?v=at8m7t9_NI0,at8m7t9_NI0,,True
,Genevieve's Playhouse - Learning Videos for Kids,,kids,toy review kids,8.63,,Toddler Learning Video for Kids and Babies - Pororo School Bus and Treehouse!,https://www.youtube.com/watch?v=VNuNTIA8xp4,VNuNTIA8xp4,ERROR: [youtube] VNuNTIA8xp4: This video is not available,False
public,Love ASMR,5621,kids,toy review kids,8.92,Marvel Spiderman Toys Unboxing Review | Marvel Spidey Dinosaur T-Rex | Spider Man Mask,Marvel Spiderman Toys Unboxing Review | Marvel Spidey Dinosaur T-Rex | Spider Man Mask,https://www.youtube.com/watch?v=yIHct0ihmP0,yIHct0ihmP0,,True
public,Mini toys,4480,kids,toy review kids,7.53,Satisfying with Unboxing Disney Little Mermaid Toys Collection | Review Toys | ASMR,Satisfying with Unboxing Disney Little Mermaid Toys Collection | Review Toys | ASMR,https://www.youtube.com/watch?v=_Knoz4ASnMc,_Knoz4ASnMc,,True
,Hi Zuza,,kids,toy review kids,8.51,,Paw Patrol Sky  Helicopter Ride On Toy Unboxing And Review With Zuza,https://www.youtube.com/watch?v=cbBjwvndqUs,cbBjwvndqUs,ERROR: [youtube] cbBjwvndqUs: This video is not available,False
,ST Hacks,,kids,toy review kids,8.35,,Doctor Kit Unboxing | Kids Medical Playset Full Review 🩺🔥,https://www.youtube.com/watch?v=WnA8eNUe3AM,WnA8eNUe3AM,ERROR: [youtube] WnA8eNUe3AM: This video is not available,False
,TurboToyTime,,kids,toy review kids,8.21,,Father & Son TOY AISLE ADVENTURE TIME!,https://www.youtube.com/watch?v=QKVdpvz4Udg,QKVdpvz4Udg,ERROR: [youtube] QKVdpvz4Udg: This video is not available,False
,Ryan's World,,kids,toy review kids,8.36,,Ryan Pretend Play with Giant Gobsmax Toys for kids!!!,https://www.youtube.com/watch?v=KGAHfgPQf2g,KGAHfgPQf2g,ERROR: [youtube] KGAHfgPQf2g: This video is not available,False
public,예리몽 Yerimong,797,kids,toy review kids,8.6,Cooking toys 🍳 Cute Lunch Box Playset ASMR | Review toys,Cooking toys 🍳 Cute Lunch Box Playset ASMR | Review toys,https://www.youtube.com/watch?v=r0qhNxz6mIs,r0qhNxz6mIs,,True
public,Tiny Toys Car,5526,kids,toy review kids,8.56,Disney Pixar Cars Unboxing Review | Disney Pixar Cars Go Toy Truck Race Track | Lightning McQueen,Disney Pixar Cars Unboxing Review | Disney Pixar Cars Go Toy Truck Race Track | Lightning McQueen,https://www.youtube.com/watch?v=WntWpjjE6DU,WntWpjjE6DU,,True
,Kinder Playtime,,kids,toy review kids,7.84,,HUGE Mattel Toys Surprise Easter Present for Girls Polly Pocket | Kinder Playtime It's a Toy Party!,https://www.youtube.com/watch?v=gZ-6XJerI0E,gZ-6XJerI0E,ERROR: [youtube] gZ-6XJerI0E: Please sign in. Use --cookies-from-browser or --cookies for the authentication. See  https://github.com/yt-dlp/yt-dlp/wiki/FAQ#how-do-i-pass-cookies-to-yt-dlp  for how to manually pass cookies. Also see  https://github.com/yt-dlp/yt-dlp/wiki/Extractors#exporting-youtube-cookies  for tips on effectively exporting YouTube cookies,False
,Kaji Family,,kids,toy review kids,6.98,,Emma and Kate Review Toy MOXIE The Robot!,https://www.youtube.com/watch?v=E-_Y5Kl8RYI,E-_Y5Kl8RYI,ERROR: [youtube] E-_Y5Kl8RYI: This video is not available,False
,ST Hacks,,kids,toy review kids,7.61,,Doctor Kit Unboxing | Kids Medical Playset Full Review 🩺🔥,https://www.youtube.com/watch?v=gurCpD9Qcug,gurCpD9Qcug,ERROR: [youtube] gurCpD9Qcug: This video is not available,False
public,gabi toys ASMR,1788,kids,toy review kids,7.24,29 Minutes Satisfying with Unboxing Paw Patrol Toys Collection ASMR | Toy Review,29 Minutes Satisfying with Unboxing Paw Patrol Toys Collection ASMR | Toy Review,https://www.youtube.com/watch?v=CpxCWGb80vw,CpxCWGb80vw,,True
public,House Tin,5429,kids,toy review kids,7.64,Satisfying with Unboxing Disney Mickey Mouse Deluxe Clubhouse Playset | Review Toys ASMR,Satisfying with Unboxing Disney Mickey Mouse Deluxe Clubhouse Playset | Review Toys ASMR,https://www.youtube.com/watch?v=-IhPzoUjYVY,-IhPzoUjYVY,,True
,Ryan's World,,kids,toy review kids,7.13,,Biggest Hot Wheels Collection Road Rally Raceway Playset and  Ultimate Garage Cars,https://www.youtube.com/watch?v=PV0Qpe4PnUw,PV0Qpe4PnUw,ERROR: [youtube] PV0Qpe4PnUw: This video is not available,False
,Genevieve's Playhouse - Learning Videos for Kids,,kids,toy review kids,6.98,,Hour Long Montessori Preschool Toys!,https://www.youtube.com/watch?v=7C7NEISLR1U,7C7NEISLR1U,ERROR: [youtube] 7C7NEISLR1U: This video is not available,False
,Ryan's World,,kids,toy review kids,7.49,,Pretend Play Food Toy Camping & Fishing! Fun Activities for Kids! Cooking Kinder Egg Surprise Toys,https://www.youtube.com/watch?v=SQUV705XWCU,SQUV705XWCU,ERROR: [youtube] SQUV705XWCU: This video is not available,False
,Genevieve's Playhouse - Learning Videos for Kids,,kids,toy review kids,6.71,,Best Toy Learning Videos for Toddlers - Family Friendly Preschool Videos for Kids!,https://www.youtube.com/watch?v=NZlJ6Saq-S4,NZlJ6Saq-S4,ERROR: [youtube] NZlJ6Saq-S4: This video is not available,False
,ST Hacks,,kids,toy review kids,7.33,,Doctor Kit Unboxing | Kids Medical Playset Full Review 🩺🔥,https://www.youtube.com/watch?v=_BQ7hleK178,_BQ7hleK178,ERROR: [youtube] _BQ7hleK178: This video is not available,False
,Ryan's World,,kids,toy review kids,7.53,,GOLDEN GIANT EGG SURPRISE OPENING Disney Toy Story,https://www.youtube.com/watch?v=8PaTSjOjVL8,8PaTSjOjVL8,ERROR: [youtube] 8PaTSjOjVL8: This video is not available,False
public,Tina Unboxing Toys,3633,kids,toy review kids,7.15,"60 Minutes Ultimate Cooking Toys Playset, Satisfying Unboxing Kitchen Set ASMR | Tina Review","60 Minutes Ultimate Cooking Toys Playset, Satisfying Unboxing Kitchen Set ASMR | Tina Review",https://www.youtube.com/watch?v=CTByqqMNb1c,CTByqqMNb1c,,True
,CKN ,,kids,toy review kids,7.01,,Giant Dino Smashers Surprise Egg Opening Fun With CKN,https://www.youtube.com/watch?v=M295p7ApFuU,M295p7ApFuU,ERROR: [youtube] M295p7ApFuU: This video is not available,False
,Kaji Family,,kids,toy review kids,7.96,,SURPRISE RYAN with All of His New Toys and Merch Ryan's World from Walmart!!!,https://www.youtube.com/watch?v=zMM_JdmT6Ms,zMM_JdmT6Ms,ERROR: [youtube] zMM_JdmT6Ms: This video is not available,False
public,BuBu Toys ASMR and Funny Unboxing,1930,kids,toy review kids,8.15,30 Minutes Satisfying with Unboxing PEPPA PIG Water Park Adventure Playset ASMR Review Toys🐷💦,30 Minutes Satisfying with Unboxing PEPPA PIG Water Park Adventure Playset ASMR Review Toys🐷💦,https://www.youtube.com/watch?v=LtQ4ASd9eMc,LtQ4ASd9eMc,,True
public,ImmerZone Fitness ,231,kids,kids exercise,7.5,4K Immersive Interactive Warm-up | 🐰🦊ZOOTOPIA Dance Workout🕺  | Viral Challenge | Brain Break,4K Immersive Interactive Warm-up | 🐰🦊ZOOTOPIA Dance Workout🕺  | Viral Challenge | Brain Break,https://www.youtube.com/watch?v=uKgYycIyjMM,uKgYycIyjMM,,True
public,Tina Unboxing Toys,3704,kids,toy review kids,8.57,"60 Minutes Cooking Toys Playset, Satisfying Unboxing Ultimate Kitchen Set ASMR | Tina Review","60 Minutes Cooking Toys Playset, Satisfying Unboxing Ultimate Kitchen Set ASMR | Tina Review",https://www.youtube.com/watch?v=-OXFZpUDOeM,-OXFZpUDOeM,,True
,ST Hacks,,kids,toy review kids,7.93,,Doctor Kit Unboxing | Kids Medical Playset Full Review 🩺🔥,https://www.youtube.com/watch?v=3A6gaK4Aqik,3A6gaK4Aqik,ERROR: [youtube] 3A6gaK4Aqik: This video is not available,False
,GVO Kids,,kids,kids exercise,7.81,,"""GET STRONG"" Kids Workout 💪 (Sister Sister Kids Exercises!)",https://www.youtube.com/watch?v=wNH4XUUdGl4,wNH4XUUdGl4,ERROR: [youtube] wNH4XUUdGl4: This video is not available,False
public,Rio Tin ASMR ,5734,kids,toy review kids,8.39,Super Mario Bros Unboxing Toys Review | Super Mario Bros Nintendo Deluxe Bowser's Playset | ASMR,Super Mario Bros Unboxing Toys Review | Super Mario Bros Nintendo Deluxe Bowser's Playset | ASMR,https://www.youtube.com/watch?v=Rn0DoQ6BbFc,Rn0DoQ6BbFc,,True
,Little Sports,,kids,kids exercise,7.37,,Kids Daily Exercise - Day 1,https://www.youtube.com/watch?v=T8jI4RnHHf0,T8jI4RnHHf0,ERROR: [youtube] T8jI4RnHHf0: This video is not available,False
public,Itzshauni,1458,kids,toy review kids,8.61,Unboxing 100 *PINK* Mystery toys!!😱🎁 *RARE FINDS*,Unboxing 100 *PINK* Mystery toys!!😱🎁 *RARE FINDS*,https://www.youtube.com/watch?v=vkXeLMkuGoQ,vkXeLMkuGoQ,,True
,Joah Moore,,kids,kids exercise,7.5,,9 Year Old Leads Tabata Workout For Kids 💥,https://www.youtube.com/watch?v=Z0qtgIEoIc8,Z0qtgIEoIc8,ERROR: [youtube] Z0qtgIEoIc8: Please sign in. Use --cookies-from-browser or --cookies for the authentication. See  https://github.com/yt-dlp/yt-dlp/wiki/FAQ#how-do-i-pass-cookies-to-yt-dlp  for how to manually pass cookies. Also see  https://github.com/yt-dlp/yt-dlp/wiki/Extractors#exporting-youtube-cookies  for tips on effectively exporting YouTube cookies,False
,Rainbow Yoga,,kids,kids exercise,7.01,,Yoga for Flexibility | Yoga for Kids | Improve Posture | Rainbow Yoga,https://www.youtube.com/watch?v=XvIQJ2X_rBI,XvIQJ2X_rBI,ERROR: [youtube] XvIQJ2X_rBI: This video is not available,False
,Be Well Played - Videos for Active Kids,,kids,kids exercise,6.35,,🥇Olympics with Bluey 🥇 Winter Brain Break for Kids 🥇 Just Dance 🥇 Danny Go,https://www.youtube.com/watch?v=W64qJeV_UEM,W64qJeV_UEM,ERROR: [youtube] W64qJeV_UEM: This video is not available,False
public,ImmerZone Fitness ,232,kids,kids exercise,6.7,4K Immersive Interactive Warm-up | 🤠TOY STORY Dance Workout🕺  | Viral Challenge | Brain Break,4K Immersive Interactive Warm-up | 🤠TOY STORY Dance Workout🕺  | Viral Challenge | Brain Break,https://www.youtube.com/watch?v=oI9AkxBOIBg,oI9AkxBOIBg,,True
,Rainbow Yoga,,kids,kids exercise,6.29,,The Ultimate Routine for Focus | Confidence & Stability | Rainbow Yoga,https://www.youtube.com/watch?v=F4F_z-f8B7k,F4F_z-f8B7k,ERROR: [youtube] F4F_z-f8B7k: This video is not available,False
,Roberta's Gym,,kids,kids exercise,6.66,,Kids Exercise - Kids Workout At Home,https://www.youtube.com/watch?v=8uUawnM-FD8,8uUawnM-FD8,ERROR: [youtube] 8uUawnM-FD8: This video is not available,False
,Little Sports,,kids,kids exercise,7.6,,30-MIN FULL BODY WORKOUT FOR KIDS: EXERCISE AT HOME,https://www.youtube.com/watch?v=gvTOY7-7S-Q,gvTOY7-7S-Q,ERROR: [youtube] gvTOY7-7S-Q: This video is not available,False
,Little Sports,,kids,kids exercise,7.73,,STRONG ARMS CHALLENGE - KIDS DAILY EXERCISES,https://www.youtube.com/watch?v=4-8T0V1Ezww,4-8T0V1Ezww,ERROR: [youtube] 4-8T0V1Ezww: This video is not available,False
,Joah Moore,,kids,kids exercise,7.55,,8 Year Old Leads TABATA Workout For Kids 💥,https://www.youtube.com/watch?v=2--WiAB_DEs,2--WiAB_DEs,ERROR: [youtube] 2--WiAB_DEs: Please sign in. Use --cookies-from-browser or --cookies for the authentication. See  https://github.com/yt-dlp/yt-dlp/wiki/FAQ#how-do-i-pass-cookies-to-yt-dlp  for how to manually pass cookies. Also see  https://github.com/yt-dlp/yt-dlp/wiki/Extractors#exporting-youtube-cookies  for tips on effectively exporting YouTube cookies,False
public,Juice & Toya,1045,kids,kids exercise,7.7,15 Minute Kid-Friendly HIIT Workout [Ages 5 +],15 Minute Kid-Friendly HIIT Workout [Ages 5 +],https://www.youtube.com/watch?v=326GR2A7q-s,326GR2A7q-s,,True
,TABATA KIDS,,kids,kids exercise,7.06,,Super Mario | Kids Workout,https://www.youtube.com/watch?v=0eMmPJWw5XM,0eMmPJWw5XM,ERROR: [youtube] 0eMmPJWw5XM: This video is not available,False
,GVO Kids,,kids,kids exercise,7.56,,“GET STRONG” Best Core Exercises For Kids (15 Minute Kids Workout),https://www.youtube.com/watch?v=R9Fk-N9fMxk,R9Fk-N9fMxk,ERROR: [youtube] R9Fk-N9fMxk: This video is not available,False
,Miss Linky,,kids,kids exercise,7.51,,Princess Exercise for Kids  | Learn About Greetings From Different Countries | Indoor Workout,https://www.youtube.com/watch?v=ilEsvJF-cPQ,ilEsvJF-cPQ,ERROR: [youtube] ilEsvJF-cPQ: This video is not available,False
,Yoga Guppy,,kids,kids exercise,7.15,,Brain Activation Exercises | Yoga for Sharp focus and Memory | Yoga for Children | Yoga Guppy,https://www.youtube.com/watch?v=T3fxXYmQSOI,T3fxXYmQSOI,ERROR: [youtube] T3fxXYmQSOI: This video is not available,False
,Little Sports,,kids,kids exercise,7.97,,21 MOVES TO GROW TALLER: KIDS EXERCISE (NO REPEATS),https://www.youtube.com/watch?v=X9purb6IBhA,X9purb6IBhA,ERROR: [youtube] X9purb6IBhA: This video is not available,False
,Little Sports,,kids,kids exercise,8.13,,7 STRETCHES KIDS CAN DO EVERY MORNING,https://www.youtube.com/watch?v=PAalvdlhE6U,PAalvdlhE6U,ERROR: [youtube] PAalvdlhE6U: This video is not available,False
,Miss Linky,,kids,kids exercise,7.91,,Dinosaur Exercise for Kids | The Floor is Lava Game| Indoor Workout for Children,https://www.youtube.com/watch?v=dg84wx6PPPI,dg84wx6PPPI,ERROR: [youtube] dg84wx6PPPI: This video is not available,False
,Fitbit,,kids,kids exercise,8.43,,10-Minute Family Fun Cardio Exercise Workout,https://www.youtube.com/watch?v=t7nrOBBfcYI,t7nrOBBfcYI,ERROR: [youtube] t7nrOBBfcYI: This video is not available,False
,Baby Shark - Pinkfong Kids’ Songs & Stories,,kids,kids exercise,8.38,,Baby Shark Workout | 10 MIN Exercise with Baby Shark | Pinkfong Songs for Children,https://www.youtube.com/watch?v=eNuZN3GSm8U,eNuZN3GSm8U,ERROR: [youtube] eNuZN3GSm8U: This video is not available,False
,Crain Family Films,,kids,kids exercise,7.59,,ABC Kids Home Workout - Fun Workout for Kids of All Ages!,https://www.youtube.com/watch?v=pPceYnr4mcE,pPceYnr4mcE,ERROR: [youtube] pPceYnr4mcE: Please sign in. Use --cookies-from-browser or --cookies for the authentication. See  https://github.com/yt-dlp/yt-dlp/wiki/FAQ#how-do-i-pass-cookies-to-yt-dlp  for how to manually pass cookies. Also see  https://github.com/yt-dlp/yt-dlp/wiki/Extractors#exporting-youtube-cookies  for tips on effectively exporting YouTube cookies,False
public,DanceWithDeepti,1686,kids,kids exercise,9.06,DWD#95 | 30mins Active Kids - Dance Workout - @DanceWithDeepti,DWD#95 | 30mins Active Kids - Dance Workout - @DanceWithDeepti,https://www.youtube.com/watch?v=c_ztZ92fLTA,c_ztZ92fLTA,,True
public,Michigan Medicine,181,kids,kids exercise,9.24,Exercises that improve your child's coordination,Exercises that improve your child's coordination,https://www.youtube.com/watch?v=hbqKH6fDxd4,hbqKH6fDxd4,,True
,Kong Academy,,kids,kids exercise,7.06,,Kids Werewolf Brain Break | Dungeons and Dragons Escape | Workout for Kids,https://www.youtube.com/watch?v=BY63cnrEWM8,BY63cnrEWM8,ERROR: [youtube] BY63cnrEWM8: This video is not available,False
public,OT Closet,308,kids,kids exercise,8.8,"Fun Yoga Adventure | Move, Stretch & Relax Together","Fun Yoga Adventure | Move, Stretch & Relax Together",https://www.youtube.com/watch?v=TgiIL88n2J0,TgiIL88n2J0,,True
,GVO Kids,,kids,kids exercise,6.51,,"Kids ""GET STRONG"" 💪 Full Body Strength Training Workout!🔥",https://www.youtube.com/watch?v=UwZ3IlK43PA,UwZ3IlK43PA,ERROR: [youtube] UwZ3IlK43PA: This video is not available,False
,Funny We are Kids,,kids,kids exercise,6.35,,Yoga for Strength & Flexibility | Spider-Man Morning Routines | Yoga For Balance | Yoga For Kids,https://www.youtube.com/watch?v=fxT1Mgt_fck,fxT1Mgt_fck,ERROR: [youtube] fxT1Mgt_fck: This video is not available,False
,Little Sports,,kids,kids exercise,6.08,,Morning Kids Workout: Wake Up Exercises,https://www.youtube.com/watch?v=skSbg1IGup8,skSbg1IGup8,ERROR: [youtube] skSbg1IGup8: This video is not available,False
,Miss Linky,,kids,kids exercise,6.49,,Pirate Exercise for Kids | Learn about the Letter X and how to Throw | Indoor Workout for Children,https://www.youtube.com/watch?v=7FudRZHRS6A,7FudRZHRS6A,ERROR: [youtube] 7FudRZHRS6A: This video is not available,False
,Moe Jones Fitness & Motivation Channel,,kids,kids exercise,6.36,,Kids Beginner Exercise For Good Health,https://www.youtube.com/watch?v=L_A_HjHZxfI,L_A_HjHZxfI,ERROR: [youtube] L_A_HjHZxfI: This video is not available,False
,Miss Linky,,kids,kids exercise,6.81,,Monster Exercise for Kids | Scary Workout for Children | Indoor PE Lesson,https://www.youtube.com/watch?v=CbExmJNoGiI,CbExmJNoGiI,ERROR: [youtube] CbExmJNoGiI: This video is not available,False
,Oliver’s Melody Club - Interactive Classroom Songs,,kids,kids exercise,7.03,,"Quick Warm Up Routine for Kids | Get Moving in PE Class, Sports Day, and Classroom Brain Breaks",https://www.youtube.com/watch?v=_yanQAS79Co,_yanQAS79Co,ERROR: [youtube] _yanQAS79Co: This video is not available,False
,GVO Kids,,kids,kids exercise,6.99,,INSIDE OUT 2 Kids Workout!! (Kids Exercise With Inside Out 2 Toys!!),https://www.youtube.com/watch?v=4XmoU5wlgns,4XmoU5wlgns,ERROR: [youtube] 4XmoU5wlgns: This video is not available,False
,Little Sports,,kids,kids exercise,7.13,,10 Fun Daily Exercise For Kids To Do At Home,https://www.youtube.com/watch?v=h3Xrtm0IVnY,h3Xrtm0IVnY,ERROR: [youtube] h3Xrtm0IVnY: This video is not available,False
,Miss Linky,,kids,kids exercise,6.91,,Minecraft Exercise Adventure for Kids | Indoor Workout for Children | Brain Break,https://www.youtube.com/watch?v=S92JuST1yFU,S92JuST1yFU,ERROR: [youtube] S92JuST1yFU: This video is not available,False
,Yoga Guppy,,kids,kids exercise,7.2,,Yoga Freeze Dance | Action Song for Kids | Warm Up | Yoga Guppy by Rashmi Ramesh,https://www.youtube.com/watch?v=xWcSEsBhK6U,xWcSEsBhK6U,ERROR: [youtube] xWcSEsBhK6U: This video is not available,False
,Yoga Guppy,,kids,kids exercise,6.68,,Yoga Poses for Immunity for Kids | Improve Health & Fitness | Yoga for Children | Yoga Guppy,https://www.youtube.com/watch?v=IV4L_zQXUFo,IV4L_zQXUFo,ERROR: [youtube] IV4L_zQXUFo: This video is not available,False
,DJ Raphi,,kids,kids exercise,7.51,,"Head, Shoulders, Knees & Toes - Exercise Song For Kids with DJ Raphi",https://www.youtube.com/watch?v=S2eRNzsAZg4,S2eRNzsAZg4,ERROR: [youtube] S2eRNzsAZg4: This video is not available,False
,Little Sports,,kids,kids exercise,6.82,,Burn Fat: Kids Exercises At Home - Fun Workout,https://www.youtube.com/watch?v=dQ_PK7Z-vv4,dQ_PK7Z-vv4,ERROR: [youtube] dQ_PK7Z-vv4: This video is not available,False
,Little Sports,,kids,kids exercise,7.03,,12 Easy Exercises For Kids At Home,https://www.youtube.com/watch?v=FB5-7tIiX-I,FB5-7tIiX-I,ERROR: [youtube] FB5-7tIiX-I: This video is not available,False
,Tabata Songs and TABATA KIDS,,kids,kids exercise,7.14,,Tabata Workout for KIDS | The Animal Workout (ages 3-8) w/@TabataKidsWorkouts,https://www.youtube.com/watch?v=-1-s8GBpFeQ,-1-s8GBpFeQ,ERROR: [youtube] -1-s8GBpFeQ: This video is not available,False
,Move & Play Kids,,kids,kids exercise,6.99,,Yoga for Children | Yoga for Health | Yoga for Overthinking | Kids Yoga,https://www.youtube.com/watch?v=AtWGf2a2lMA,AtWGf2a2lMA,ERROR: [youtube] AtWGf2a2lMA: This video is not available,False
,Move with Jojo for Kids,,kids,kids exercise,8.02,,Simple Stretches and Relaxation | Flexibility and Calmness | Yoga for Children - JOJO,https://www.youtube.com/watch?v=-TJcZRrOenA,-TJcZRrOenA,ERROR: [youtube] -TJcZRrOenA: This video is not available,False
,GVO Kids,,kids,kids exercise,7.74,,"""GET STRONG & FAST"" (Kids Exercises To Build Muscle + Increase Speed)",https://www.youtube.com/watch?v=EiM6zOE5UUI,EiM6zOE5UUI,ERROR: [youtube] EiM6zOE5UUI: This video is not available,False
,Danny Go!,,kids,kids exercise,8.43,,"""Move Your Body!"" (Exercise Dance Song) 💥 /// Danny Go! Brain Break & Movement Activity for Kids",https://www.youtube.com/watch?v=-y5yuLuw7KQ,-y5yuLuw7KQ,ERROR: [youtube] -y5yuLuw7KQ: This video is not available,False
,Yoga Girl,,kids,kids exercise,7.66,,Yoga for Flexibility | Yoga for Kids | Improve Posture | Kid Yoga,https://www.youtube.com/watch?v=txOf0uC6AYk,txOf0uC6AYk,ERROR: [youtube] txOf0uC6AYk: This video is not available,False
,GVO Kids,,kids,kids exercise,7.44,,"Kids ""GET STRONG"" Workout (Get Stronger & Faster This Summer!) @GreysonPumple",https://www.youtube.com/watch?v=doqXrl8OzFY,doqXrl8OzFY,ERROR: [youtube] doqXrl8OzFY: This video is not available,False
,GVO Kids,,kids,kids exercise,7.23,,Get STRONGER & FASTER With This Kids Workout! (15-Min Kids Exercises) @GreysonPumple,https://www.youtube.com/watch?v=_xfRSZ9wWfk,_xfRSZ9wWfk,ERROR: [youtube] _xfRSZ9wWfk: This video is not available,False
,GVO Kids,,kids,kids exercise,7.21,,"""GET STRONG"" Kids Workout // Kids Exercises GREAT FOR DANCE TRAINING",https://www.youtube.com/watch?v=StetyUnY8jY,StetyUnY8jY,ERROR: [youtube] StetyUnY8jY: This video is not available,False
,DJ Raphi,,kids,kids exercise,6.96,,The Workout 🏋🏽🔥 DJ Raphi | Brain Breaks | Fitness for Kids,https://www.youtube.com/watch?v=orFRlAeG7HY,orFRlAeG7HY,ERROR: [youtube] orFRlAeG7HY: This video is not available,False
,Little Sports,,kids,kids exercise,7.35,,Grow Taller Now: 20 Min Kids Exercises At Home,https://www.youtube.com/watch?v=iXU1InvFC-k,iXU1InvFC-k,ERROR: [youtube] iXU1InvFC-k: This video is not available,False
,Tiny Rainbow Yoga Kids,,kids,kids exercise,7.36,,K-POP Yoga for Kids! 🌈 Easy Full Body Stretch with Rumi | Yoga For Beginners! | Yoga For Flexibility,https://www.youtube.com/watch?v=Zljzn5l2gBc,Zljzn5l2gBc,ERROR: [youtube] Zljzn5l2gBc: This video is not available,False
,DJ Raphi,,kids,kids exercise,6.71,,The Warm Up 🛸 Exercise Workout for kids | Songs & Brain breaks for kids,https://www.youtube.com/watch?v=gkw0JCdZO90,gkw0JCdZO90,ERROR: [youtube] gkw0JCdZO90: This video is not available,False
,GVO Kids,,kids,kids exercise,7.45,,BARBIE Kids Yoga Class (Yoga For Kids With Barbie),https://www.youtube.com/watch?v=bBFlHOd1Adg,bBFlHOd1Adg,ERROR: [youtube] bBFlHOd1Adg: This video is not available,False
,Miss Linky,,kids,kids exercise,6.91,,SuperHero Exercise for Kids | Learn About Recycling And Looking after Earth | Indoor Kids Workout,https://www.youtube.com/watch?v=rYIAQKuwonI,rYIAQKuwonI,ERROR: [youtube] rYIAQKuwonI: This video is not available,False
public,LIVESTRONG,156,kids,kids exercise,10.54,Dumbbell Exercises for Kids : LIVESTRONG: Fitness & Exercise Tips,Dumbbell Exercises for Kids : LIVESTRONG: Fitness & Exercise Tips,https://www.youtube.com/watch?v=cLbiaCpuAy0,cLbiaCpuAy0,,True
,Rainbow Yoga,,kids,kids exercise,7.0,,Start Your Day Strong | A Kids Morning Yoga Routine | Rainbow Yoga,https://www.youtube.com/watch?v=pl0Y5quAnng,pl0Y5quAnng,ERROR: [youtube] pl0Y5quAnng: This video is not available,False
,GVO Kids,,kids,kids exercise,6.84,,"""GET STRONG"" Kids Workout (SPRING) // Kids Exercises GREAT FOR DANCE TRAINING",https://www.youtube.com/watch?v=DrrqFK-Axls,DrrqFK-Axls,ERROR: [youtube] DrrqFK-Axls: This video is not available,False
,Miss Linky,,kids,kids exercise,6.78,,Frozen Exercise for Kids | Learn about Tempo and Notes | Musical Kids Indoor Workout,https://www.youtube.com/watch?v=ODGBdUYEH34,ODGBdUYEH34,ERROR: [youtube] ODGBdUYEH34: This video is not available,False
,Kids Exercise,,kids,kids exercise,6.49,,3-DAY STRONG ARMS CHALLENGE FOR KIDS | KIDS EXERCISE,https://www.youtube.com/watch?v=pr_zkTJiSdo,pr_zkTJiSdo,ERROR: [youtube] pr_zkTJiSdo: This video is not available,False
,Kids Exercise,,kids,kids exercise,7.6,,10 MIN MORNING EXERCISE FOR KIDS - ENERGY BOOST WORKOUT,https://www.youtube.com/watch?v=Wj9SvxCpA4o,Wj9SvxCpA4o,ERROR: [youtube] Wj9SvxCpA4o: This video is not available,False
,Miss Linky,,kids,kids exercise,6.49,,Spiderman Game Exercise for Kids | Learn about Spiders | Indoor Workout for Children,https://www.youtube.com/watch?v=rUG9_MlqN84,rUG9_MlqN84,ERROR: [youtube] rUG9_MlqN84: This video is not available,False
,My Little Star English,,kids,animals for kids,6.55,,Farm animal sounds Farm animals for kids Learn Farm animals,https://www.youtube.com/watch?v=3ovC3hhrcqk,3ovC3hhrcqk,ERROR: [youtube] 3ovC3hhrcqk: This video is not available,False
,Smile and Learn - English,,kids,animals for kids,6.67,,Wild animals for kids - Vocabulary for kids,https://www.youtube.com/watch?v=CA6Mofzh7jo,CA6Mofzh7jo,ERROR: [youtube] CA6Mofzh7jo: This video is not available,False
,The Kids' Picture Show,,kids,animals for kids,6.96,,Animals Book Version Collection - The Kids' Picture Show,https://www.youtube.com/watch?v=DuUlghtgU0g,DuUlghtgU0g,ERROR: [youtube] DuUlghtgU0g: This video is not available,False
,Mintu Rhymes,,kids,animals for kids,6.79,,Animal sound for kids 🦒🐧🐱 Cute Animal Sound Learn Wild and Farm Animals,https://www.youtube.com/watch?v=M1P2YSFNru8,M1P2YSFNru8,ERROR: [youtube] M1P2YSFNru8: This video is not available,False
,My Little Star English,,kids,animals for kids,6.8,,Animals for Kids 25 min Farm animal sound,https://www.youtube.com/watch?v=6ATbwi4kJ0w,6ATbwi4kJ0w,ERROR: [youtube] 6ATbwi4kJ0w: This video is not available,False
,Super Simple Songs - Kids Songs,,kids,animals for kids,7.09,,Animal Sounds Songs + More | Nursery Rhymes for Preschool | Super Simple Songs,https://www.youtube.com/watch?v=Woc5c8mePR4,Woc5c8mePR4,ERROR: [youtube] Woc5c8mePR4: This video is not available,False
,abc Learning Lane,,kids,animals for kids,7.05,,125 Animals for Kids | Learn Wild Animal Names and Fun Facts,https://www.youtube.com/watch?v=rebsGgYcZCk,rebsGgYcZCk,ERROR: [youtube] rebsGgYcZCk: This video is not available,False
,Berry Learns Animals,,kids,animals for kids,6.3,,"Wild Animals for Kids: Learn 100 Safari Animals with Lions, Bears & Zebras | Toddler Learning Video",https://www.youtube.com/watch?v=7xvN2g3uhYM,7xvN2g3uhYM,ERROR: [youtube] 7xvN2g3uhYM: This video is not available,False
,Atrin and Soren with Nikan,,kids,animals for kids,6.47,,Wild Animal Video for Kids | Learn Animal Names & Sounds | Educational Fun with Atrin & Soren,https://www.youtube.com/watch?v=F5ZHIZIKY2k,F5ZHIZIKY2k,ERROR: [youtube] F5ZHIZIKY2k: This video is not available,False
,Magic Pencil Kids ,,kids,animals for kids,9.83,,Animal Sounds for Kids 🐶😺 | Cute Wild & Farm Animals Adventure | Animal Names & Sounds for Toddlers,https://www.youtube.com/watch?v=wnqH-v-MmLQ,wnqH-v-MmLQ,ERROR: [youtube] wnqH-v-MmLQ: This video is not available,False
,Giggles&Toons,,kids,animals for kids,7.03,,ABC Safari Animal Sounds Song | Animals Diving | Nursery Rhyme | colorful learning song for kids,https://www.youtube.com/watch?v=Pt7RPqGiaNA,Pt7RPqGiaNA,ERROR: [youtube] Pt7RPqGiaNA: This video is not available,False
,Smile and Learn - English,,kids,animals for kids,7.01,,Farm animals for kids - Vocabulary fo kids,https://www.youtube.com/watch?v=hewioIU4a64,hewioIU4a64,ERROR: [youtube] hewioIU4a64: This video is not available,False
,Luccy Learns Animals,,kids,animals for kids,7.47,,"Explore the Animal World for Kids | 🌊 Dinosaurs, Ocean & Polar Animals Diorama",https://www.youtube.com/watch?v=PXUUI3nAXYo,PXUUI3nAXYo,ERROR: [youtube] PXUUI3nAXYo: This video is not available,False
,Relaxation Film and Eterna Vista,,kids,animals for kids,7.4,,Cute Baby Animals 🐻 4K - Relaxation Film with Peaceful Relaxing Music and Animals Video Ultra HD,https://www.youtube.com/watch?v=RhOwyHWGqWg,RhOwyHWGqWg,ERROR: [youtube] RhOwyHWGqWg: This video is not available,False
,Zolotune Rhymes,,kids,animals for kids,7.25,,Animal sound for kids 🦒🐧🐱 Cute Animal Sound Learn Wild and Farm Animals,https://www.youtube.com/watch?v=hReCc9XjcOg,hReCc9XjcOg,ERROR: [youtube] hReCc9XjcOg: This video is not available,False
,Club Baboo,,kids,animals for kids,7.22,,Learn Wild Animals For Kids | Wild Zoo Animals Names and Sounds for Children | Club Baboo,https://www.youtube.com/watch?v=txDldGXjjmI,txDldGXjjmI,ERROR: [youtube] txDldGXjjmI: This video is not available,False
,Scenic Scenes,,kids,animals for kids,7.41,,Baby Animals 4K - Amazing World Of Young Animals | Scenic Relaxation Film,https://www.youtube.com/watch?v=oRDRfikj2z8,oRDRfikj2z8,ERROR: [youtube] oRDRfikj2z8: Sign in to confirm you’re not a bot. Use --cookies-from-browser or --cookies for the authentication. See  https://github.com/yt-dlp/yt-dlp/wiki/FAQ#how-do-i-pass-cookies-to-yt-dlp  for how to manually pass cookies. Also see  https://github.com/yt-dlp/yt-dlp/wiki/Extractors#exporting-youtube-cookies  for tips on effectively exporting YouTube cookies,False
,VaniMani,,kids,animals for kids,7.49,,Kids Animal Adventure in a Magic Toy Zoo at Home,https://www.youtube.com/watch?v=ODKS-dxjfgI,ODKS-dxjfgI,ERROR: [youtube] ODKS-dxjfgI: This video is not available,False
,Super Simple Songs - Kids Songs,,kids,animals for kids,6.81,,Our Favorite Animals Songs For Kids | Super Simple Songs,https://www.youtube.com/watch?v=bYkN5Qk_C8U,bYkN5Qk_C8U,ERROR: [youtube] bYkN5Qk_C8U: This video is not available,False
,John Deere Kids,,kids,animals for kids,7.01,,The CUTEST Baby Animals On The Farm!  🐣 | John Deere Kids,https://www.youtube.com/watch?v=BWAnHej2vH8,BWAnHej2vH8,ERROR: [youtube] BWAnHej2vH8: This video is not available,False
,Super Kids,,kids,animals for kids,7.31,,Wild Animal Sounds | Animals Sounds Song For Kids | These Are The Animal Sounds | Animals For KId s,https://www.youtube.com/watch?v=OzJcGlZtNWc,OzJcGlZtNWc,ERROR: [youtube] OzJcGlZtNWc: This video is not available,False
,BabyBus - Preschool Songs & Learning Cartoons,,kids,animals for kids,7.18,,Wild Animals Stories for Kids | Kids Learn Wild Animals | Nursery Rhymes & Kids Songs | BabyBus,https://www.youtube.com/watch?v=udzblk7r1ig,udzblk7r1ig,ERROR: [youtube] udzblk7r1ig: This video is not available,False
,Dodo Kids,,kids,animals for kids,7.08,,2 Hours Of Animals Being Ridiculously Cute | Dodo Kids | Animal Videos For Kids,https://www.youtube.com/watch?v=mrseGm1YMyE,mrseGm1YMyE,ERROR: [youtube] mrseGm1YMyE: This video is not available,False
,Ms Rachel - Toddler Learning Videos,,kids,animals for kids,7.35,,"Learn Animals with Ms Rachel for Toddlers - Animal Sounds, Farm Animals, Nursery Rhymes & Kids Songs",https://www.youtube.com/watch?v=47MNn4bsmSw,47MNn4bsmSw,ERROR: [youtube] 47MNn4bsmSw: This video is not available,False
,Greensands Edu,,kids,animals for kids,7.2,,Zoo Animal Sounds Song 🦁 Fun Toddler Animals Learning Song with Joyful Actions 🎵 Best Nursery Rhymes,https://www.youtube.com/watch?v=BCgBqX16IPA,BCgBqX16IPA,ERROR: [youtube] BCgBqX16IPA: This video is not available,False
,abc Learning Lane,,kids,animals for kids,6.73,,100 Animals for Kids | Learn Animal Names with 100 Different of Wild & Sea Animals for Kids,https://www.youtube.com/watch?v=snIK2UYykzs,snIK2UYykzs,ERROR: [youtube] snIK2UYykzs: This video is not available,False
,VaniMani,,kids,animals for kids,7.04,,Farm Animals Took Over the House! Kids Learn How They Live and What They Eat,https://www.youtube.com/watch?v=7fgZIa3KNXA,7fgZIa3KNXA,ERROR: [youtube] 7fgZIa3KNXA: This video is not available,False
,ABC Animals Sounds,,kids,animals for kids,7.27,,ABC Colorful Safari Animals Diving Song | Nursery Rhymes | ABC Songs | ABC Animals Sounds,https://www.youtube.com/watch?v=-FzkiQplbV4,-FzkiQplbV4,ERROR: [youtube] -FzkiQplbV4: This video is not available,False
,ABCmouse,,kids,animals for kids,6.84,,Zoo Adventure by ABCmouse 🐼🦜🐅 | 15 MINUTE FULL EPISODE | Pandas and Parrots | Preschoolers,https://www.youtube.com/watch?v=QwONVRva5ls,QwONVRva5ls,ERROR: [youtube] QwONVRva5ls: This video is not available,False
,Good Kids Company - Kids Songs 🎵,,kids,animals for kids,7.52,,Animal Sounds Song: Learn Animal Sounds for Kids by Good Kids Company,https://www.youtube.com/watch?v=efiWeJbdbxk,efiWeJbdbxk,ERROR: [youtube] efiWeJbdbxk: This video is not available,False
,Disney Jr. ,,kids,animals for kids,6.9,,Learn About Animals!🐯  | Season 1 Compilation | Disney Animals | @disneyjr,https://www.youtube.com/watch?v=zmTj_Tlanjs,zmTj_Tlanjs,ERROR: [youtube] zmTj_Tlanjs: This video is not available,False
,Zuri Kids TV,,kids,animals for kids,7.03,,Ultimate Zoo Animals for Kids | Learn Animal Names & Real Sounds,https://www.youtube.com/watch?v=TvBpCukv7ec,TvBpCukv7ec,ERROR: [youtube] TvBpCukv7ec: This video is not available,False
,VaniMani,,kids,animals for kids,7.14,,Wild Animals in My House! Learn Animal Names & Fun Facts,https://www.youtube.com/watch?v=NTHVOMVyw10,NTHVOMVyw10,ERROR: [youtube] NTHVOMVyw10: This video is not available,False
,ChupiChapa,,kids,animals for kids,7.23,,Create Animals | discover Animal Names | kids Video for Toddlers,https://www.youtube.com/watch?v=YcGFgeJl7tY,YcGFgeJl7tY,ERROR: [youtube] YcGFgeJl7tY: This video is not available,False
,ChupiChapa,,kids,animals for kids,7.13,,Best playtime Animal Names with Matching Puzzles | kids fun video for Kids & Toddlers,https://www.youtube.com/watch?v=gEPmWVGaodk,gEPmWVGaodk,ERROR: [youtube] gEPmWVGaodk: This video is not available,False
,The Kids Cool World,,kids,animals for kids,7.28,,Animal Song | The Sounds of the Animals (FUN Kids Song!),https://www.youtube.com/watch?v=b9nxnU1GkTg,b9nxnU1GkTg,ERROR: [youtube] b9nxnU1GkTg: This video is not available,False
,My Little Star English,,kids,animals for kids,7.8,,Farm animals for Kids Animal sounds Guess the farm animal,https://www.youtube.com/watch?v=peFRo9sHLns,peFRo9sHLns,ERROR: [youtube] peFRo9sHLns: This video is not available,False
,Kiddopedia,,kids,animals for kids,7.79,,ANIMAL NAMES AND SOUNDS for Kids Video Compilation - Learn Animal Names for Children & Toddlers,https://www.youtube.com/watch?v=6IoLsJS4p80,6IoLsJS4p80,ERROR: [youtube] 6IoLsJS4p80: This video is not available,False
,Vlad and Niki,,kids,animals for kids,7.69,,Learn Wild Animals Names & Facts for kids!,https://www.youtube.com/watch?v=AaFd-ttv138,AaFd-ttv138,ERROR: [youtube] AaFd-ttv138: This video is not available,False
,Zolotune Toons,,kids,animals for kids,8.04,,"Animal Sounds for Toddlers 🐘🐈🐮🐧 | Learn Names & Sounds: Elephant, Cat, Cow #KidsLearning",https://www.youtube.com/watch?v=4Ai5-KBBtVw,4Ai5-KBBtVw,ERROR: [youtube] 4Ai5-KBBtVw: This video is not available,False
,Blippi - Educational Videos for Kids,,kids,animals for kids,7.26,,Blippi Visits a Zoo And Learns About Animals! | Educational Videos for Kids,https://www.youtube.com/watch?v=05dcZUK_k7I,05dcZUK_k7I,ERROR: [youtube] 05dcZUK_k7I: This video is not available,False
,Kiddos World TV,,kids,animals for kids,7.31,,Learn Wild Animal Names and Animal Videos for Kids - Safari Animal Puzzle,https://www.youtube.com/watch?v=N4THWm9rxs4,N4THWm9rxs4,ERROR: [youtube] N4THWm9rxs4: This video is not available,False
,oxbridgebaby,,kids,animals for kids,7.24,,Animal Sounds for Children (20 Amazing Animals),https://www.youtube.com/watch?v=h8Q-jlHBcXM,h8Q-jlHBcXM,ERROR: [youtube] h8Q-jlHBcXM: This video is not available,False
,Little Treehouse Nursery Rhymes and Kids Songs,,kids,animals for kids,7.1,,Animal Sound Song | Kindergarten Videos for Children | Cartoons Videos by Little treehouse,https://www.youtube.com/watch?v=hW1NCMIto04,hW1NCMIto04,ERROR: [youtube] hW1NCMIto04: This video is not available,False
,Learn the ABCs with Kaif,,kids,animals for kids,6.87,,Cute Baby Animals for Kids 🐾 | Learn About 25 Adorable Baby Animals,https://www.youtube.com/watch?v=dWi_PIeobWY,dWi_PIeobWY,ERROR: [youtube] dWi_PIeobWY: This video is not available,False
,Kiddos World TV,,kids,animals for kids,6.5,,100 Animals of the World - Learning the Different Names and Sounds of the Animal Kingdom,https://www.youtube.com/watch?v=UgMB9l_iMJA,UgMB9l_iMJA,ERROR: [youtube] UgMB9l_iMJA: This video is not available,False
,Robert Höck,,kids,animals for kids,7.31,,"FOR KIDS: Baby animals on the farm, with their natural sounds - cute foals, chicks, calfs, piglets",https://www.youtube.com/watch?v=mHN2eNigz3o,mHN2eNigz3o,ERROR: [youtube] mHN2eNigz3o: This video is not available,False
,cartoon rhymesforbabies,,kids,animals for kids,6.82,,Animals Toys for Kids | Toys In Supermarket Shopping Cart Funny Monkey Cartoons for Children,https://www.youtube.com/watch?v=9VVJ7FDpHHQ,9VVJ7FDpHHQ,ERROR: [youtube] 9VVJ7FDpHHQ: This video is not available,False
,Ed bot TV,,kids,animals for kids,7.05,,Learn animal names for babies toddlers preschoolers | kids,https://www.youtube.com/watch?v=NsrdiylJBBg,NsrdiylJBBg,ERROR: [youtube] NsrdiylJBBg: This video is not available,False
,Revew Pea Toys,,kids,toy review kids,6.39,,100 Minutes of Satisfying ASMR Unboxing | Adorable Peppa Pig All Around Peppa’s Town Playset 🌟,https://www.youtube.com/watch?v=8W5cXeuyhoY,8W5cXeuyhoY,ERROR: [youtube] 8W5cXeuyhoY: Sign in to confirm you’re not a bot. Use --cookies-from-browser or --cookies for the authentication. See  https://github.com/yt-dlp/yt-dlp/wiki/FAQ#how-do-i-pass-cookies-to-yt-dlp  for how to manually pass cookies. Also see  https://github.com/yt-dlp/yt-dlp/wiki/Extractors#exporting-youtube-cookies  for tips on effectively exporting YouTube cookies,False
,The Kids' Picture Show,,kids,animals for kids,6.79,,"Animals Collection Volume 2 - Farm Animals, Mammals, Pets, Reptiles - The Kids' Picture Show",https://www.youtube.com/watch?v=LNeBYxRwfWo,LNeBYxRwfWo,ERROR: [youtube] LNeBYxRwfWo: This video is not available,False
,ST Hacks,,kids,toy review kids,6.56,,Doctor Kit Unboxing | Kids Medical Playset Full Review 🩺🔥,https://www.youtube.com/watch?v=PmSM0Y83P2s,PmSM0Y83P2s,ERROR: [youtube] PmSM0Y83P2s: This video is not available,False
,Genevieve's Playhouse - Learning Videos for Kids,,kids,toy review kids,6.52,,"Teach Babies Colors, Numbers, and Vehicles with Tayo the Little Bus Toy Video for Kids!",https://www.youtube.com/watch?v=lmnfVbOk2Sk,lmnfVbOk2Sk,ERROR: [youtube] lmnfVbOk2Sk: This video is not available,False
,AWESMR pop,,kids,toy review kids,6.82,,Paw Patrol Blend Gumballs in Toy Blender!,https://www.youtube.com/watch?v=XnMEHvuRQek,XnMEHvuRQek,ERROR: [youtube] XnMEHvuRQek: This video is not available,False
,Genevieve's Playhouse - Learning Videos for Kids,,kids,toy review kids,6.65,,Peppa Pig Toy Learning Video for Kids - Peppa Pig Gets a New Pool and Goes Swimming!,https://www.youtube.com/watch?v=VUBExV8-HJk,VUBExV8-HJk,ERROR: [youtube] VUBExV8-HJk: This video is not available,False
,Genevieve's Playhouse - Learning Videos for Kids,,kids,toy review kids,7.03,,Train Video for Kids Toy Learning with Titipo!,https://www.youtube.com/watch?v=hkixwk5-Kmc,hkixwk5-Kmc,ERROR: [youtube] hkixwk5-Kmc: This video is not available,False
,Kidibli (Kinder Spielzeug Kanal),,kids,toy review kids,7.46,,Toy Vehicles Collection for Kids,https://www.youtube.com/watch?v=l0w8WFkHBlQ,l0w8WFkHBlQ,ERROR: [youtube] l0w8WFkHBlQ: This video is not available,False
,Kidibli (Kinder Spielzeug Kanal),,kids,toy review kids,7.71,,Toy Story Collection for Kids,https://www.youtube.com/watch?v=TS8XWLPtT8k,TS8XWLPtT8k,ERROR: [youtube] TS8XWLPtT8k: This video is not available,False
,Kidibli (Kinder Spielzeug Kanal),,kids,toy review kids,6.9,,Tayo the Bus Toy Vehicles for Kids,https://www.youtube.com/watch?v=OGE9jHrWW_g,OGE9jHrWW_g,ERROR: [youtube] OGE9jHrWW_g: This video is not available,False
,Genevieve's Playhouse - Learning Videos for Kids,,kids,toy review kids,7.09,,Robot Toy Learning Videos for Kids - Learn Vehicle Names with Transforming Robots!,https://www.youtube.com/watch?v=940bRb4PMns,940bRb4PMns,ERROR: [youtube] 940bRb4PMns: This video is not available,False
,ST Hacks,,kids,toy review kids,8.15,,Doctor Kit Unboxing | Kids Medical Playset Full Review 🩺🔥,https://www.youtube.com/watch?v=GjLPbLn6lac,GjLPbLn6lac,ERROR: [youtube] GjLPbLn6lac: This video is not available,False
,Fairy Tales and Stories for Kids,,kids,storytime for kids,7.26,,The Lion and The Mouse & Thirsty Frog Tiddalik | Fairy Tales and Stories for Kids,https://www.youtube.com/watch?v=8E4S-vg-zw4,8E4S-vg-zw4,ERROR: [youtube] 8E4S-vg-zw4: This video is not available,False
,Fairy Tales and Stories for Kids,,kids,storytime for kids,7.33,,3 Little Pigs | Bedtime Stories for Kids in English | Storytime,https://www.youtube.com/watch?v=-9NXxlFnZcU,-9NXxlFnZcU,ERROR: [youtube] -9NXxlFnZcU: This video is not available,False
,KidTimeStoryTime,,kids,storytime for kids,7.47,,When Pencil Met Eraser read aloud | friendship read aloud | opposites read aloud,https://www.youtube.com/watch?v=DxizlqyCsNE,DxizlqyCsNE,ERROR: [youtube] DxizlqyCsNE: This video is not available,False
,LolliPop Animated Book,,kids,storytime for kids,8.03,,Pete the Cat I Love My White Shoes | Animated Book | Read aloud,https://www.youtube.com/watch?v=-GSnmRZlgc4,-GSnmRZlgc4,ERROR: [youtube] -GSnmRZlgc4: This video is not available,False
,Fairy Tales and Stories for Kids,,kids,storytime for kids,7.1,,Hansel and Gretel | Fairy Tales and Bedtime Stories for Kids in English | Storytime | Story Time,https://www.youtube.com/watch?v=8CS8AcqaaU0,8CS8AcqaaU0,ERROR: [youtube] 8CS8AcqaaU0: This video is not available,False
,Toadstools and Fairy Dust,,kids,storytime for kids,7.53,,"⚾ No, David! | Animated (Kids Books Read Aloud)",https://www.youtube.com/watch?v=AFcMDiDZbws,AFcMDiDZbws,ERROR: [youtube] AFcMDiDZbws: This video is not available,False
,Triple A Readers 📚 Kids Read-Aloud Books 📚,,kids,storytime for kids,6.98,,📚 Kids Read-Aloud Book 📚 Pencil Hospital - School Supplies Story By Jennifer Jones,https://www.youtube.com/watch?v=YWT9CDHS-_Y,YWT9CDHS-_Y,ERROR: [youtube] YWT9CDHS-_Y: This video is not available,False
,ChuChuTV Storytime for Kids and ChuChu TV Nursery Rhymes & Kids Songs,,kids,storytime for kids,8.63,,Snake and The Ants  - Storytime Adventures - ChuChuTV Storytime Adventures Collection,https://www.youtube.com/watch?v=rHzHphVfnAo,rHzHphVfnAo,ERROR: [youtube] rHzHphVfnAo: This video is not available,False
,Fairy Tales and Stories for Kids,,kids,storytime for kids,7.5,,"The Lion, The Mouse and The Sleepy Bear | Bedtime Stories for Kids | Animated Fairy Tales",https://www.youtube.com/watch?v=tUjOL_Nk6uo,tUjOL_Nk6uo,ERROR: [youtube] tUjOL_Nk6uo: This video is not available,False
,Illuminated Films,,kids,storytime for kids,8.1,,The Very Hungry Caterpillar - Official Animated Film | Made For Kids | Eric Carle Book,https://www.youtube.com/watch?v=75NQK-Sm1YY,75NQK-Sm1YY,ERROR: [youtube] 75NQK-Sm1YY: This video is not available,False
,Koala Moon - Kids Bedtime Stories,,kids,storytime for kids,8.29,,"Secret World Bedtime Stories 😮 Gentle, Cozy & Safe for Kids 💤",https://www.youtube.com/watch?v=nNuwvocjqlQ,nNuwvocjqlQ,ERROR: [youtube] nNuwvocjqlQ: This video is not available,False
,Geethanjali Kids - Rhymes and Stories,,kids,storytime for kids,7.0,,The Gingerbread Man | Full Story | Animated Fairy Tales For Children | 4K UHD,https://www.youtube.com/watch?v=pckuS--UlV4,pckuS--UlV4,ERROR: [youtube] pckuS--UlV4: This video is not available,False
,Snuggle,,kids,storytime for kids,6.91,,🐭 Milo the Sleepy Mouse 🐭 Calming Bedtime Story for Kids with Relaxing Music,https://www.youtube.com/watch?v=Zu5EOcd-L4U,Zu5EOcd-L4U,ERROR: [youtube] Zu5EOcd-L4U: This video is not available,False
,KidTimeStoryTime,,kids,storytime for kids,7.12,,If You Laugh I'm Starting This Book Over 😆 Funny Read Aloud for Kids,https://www.youtube.com/watch?v=WR2C9Xwapa0,WR2C9Xwapa0,ERROR: [youtube] WR2C9Xwapa0: This video is not available,False
,The Fable Cottage,,kids,storytime for kids,6.86,,The Bear and the Bee - US English accent (TheFableCottage.com),https://www.youtube.com/watch?v=jKi2SvWOCXc,jKi2SvWOCXc,ERROR: [youtube] jKi2SvWOCXc: This video is not available,False
,StoryTime at Awnie's House,,kids,storytime for kids,6.69,,THE SOUR GRAPE 🍇 Read Aloud for Kids | A Funny Story About Grudges!,https://www.youtube.com/watch?v=QAuX_kZ14nI,QAuX_kZ14nI,ERROR: [youtube] QAuX_kZ14nI: This video is not available,False
,Fairy Tales and Stories for Kids,,kids,storytime for kids,6.87,,Red Shoes + 12 Dancing Princesses | Fairy Tales and Bedtime Stories in English,https://www.youtube.com/watch?v=BGU87FzpVWg,BGU87FzpVWg,ERROR: [youtube] BGU87FzpVWg: This video is not available,False
,Reading is,,kids,storytime for kids,6.81,,The Smartest Giant in Town - Animated Read Aloud Book,https://www.youtube.com/watch?v=_f1QbJm1irY,_f1QbJm1irY,ERROR: [youtube] _f1QbJm1irY: This video is not available,False
,KidTimeStoryTime,,kids,storytime for kids,6.87,,The Naughty Bench | school humor read aloud | hard day at school story,https://www.youtube.com/watch?v=KuGCu-BqxpQ,KuGCu-BqxpQ,ERROR: [youtube] KuGCu-BqxpQ: This video is not available,False
,Silly Crocodile - Just For Kids,,kids,storytime for kids,6.68,,The BIG Silly Crocodile | Animated Crocodile Story For Kids,https://www.youtube.com/watch?v=CpXlvLOyBVI,CpXlvLOyBVI,ERROR: [youtube] CpXlvLOyBVI: This video is not available,False
,BebeGenie,,kids,storytime for kids,6.82,,Clever Monkey and The Foolish Crocodile | English Stories For Kids | BebeGenie,https://www.youtube.com/watch?v=JFE2b1oEUFo,JFE2b1oEUFo,ERROR: [youtube] JFE2b1oEUFo: This video is not available,False
,StoryTime at Awnie's House,,kids,storytime for kids,6.67,,🍔 Kids Book Read Aloud: THE DINOSAUR WHO DISCOVERED HAMBURGERS,https://www.youtube.com/watch?v=jsXZv1Tvi90,jsXZv1Tvi90,ERROR: [youtube] jsXZv1Tvi90: This video is not available,False
,Fairy Tales and Stories for Kids,,kids,storytime for kids,7.1,,The Little Red Hen 🐔| 3D Animated Fairy Tale for Kids (4K) | Bedtime Stories,https://www.youtube.com/watch?v=fOMyZvAEGe8,fOMyZvAEGe8,ERROR: [youtube] fOMyZvAEGe8: This video is not available,False
,KidTimeStoryTime,,kids,storytime for kids,7.38,,This Book is Perfect! | funny read aloud | Finn the Frog books,https://www.youtube.com/watch?v=tJSDol37N4s,tJSDol37N4s,ERROR: [youtube] tJSDol37N4s: This video is not available,False
,KidTimeStoryTime,,kids,storytime for kids,7.08,,Breaking News 🚨 ALIEN ALERT 🛸 space alien story read aloud,https://www.youtube.com/watch?v=l6gQMjdNj14,l6gQMjdNj14,ERROR: [youtube] l6gQMjdNj14: This video is not available,False
,Zgapariko English,,kids,storytime for kids,6.77,,The Three Little Pigs & The Big Bad Wolf 🐷🐺 | Bedtime Stories & Fairy Tales for Kids,https://www.youtube.com/watch?v=S0RnSM3x_X0,S0RnSM3x_X0,ERROR: [youtube] S0RnSM3x_X0: This video is not available,False
,KidTimeStoryTime,,kids,storytime for kids,7.45,,THE COUCH POTATO 🥔Kids Book Read Aloud,https://www.youtube.com/watch?v=SvdRjPW6FUU,SvdRjPW6FUU,ERROR: [youtube] SvdRjPW6FUU: This video is not available,False
,KidTimeStoryTime,,kids,storytime for kids,7.5,,A Cup of Happy Capybara Bubble Tea | Capybara read aloud | Bubble Tea read aloud,https://www.youtube.com/watch?v=IO5d7LsDU9M,IO5d7LsDU9M,ERROR: [youtube] IO5d7LsDU9M: This video is not available,False
,Vooks - Stories and Read Alouds for Kids,,kids,storytime for kids,7.74,,Read Aloud Kids Book: It's A Firefly Night! | Vooks Narrated Storybooks,https://www.youtube.com/watch?v=hkz51Td9k5A,hkz51Td9k5A,ERROR: [youtube] hkz51Td9k5A: This video is not available,False
,Fairy Tales and Stories for Kids,,kids,storytime for kids,6.97,,Jack and the Beanstalk: Into the Land of Giants | 4K 3D | Fairy Tales and Stories,https://www.youtube.com/watch?v=YAg92FKHpks,YAg92FKHpks,ERROR: [youtube] YAg92FKHpks: This video is not available,False
,Vooks - Stories and Read Alouds for Kids,,kids,storytime for kids,7.74,,Think Big! | Read Aloud Kids Book | Vooks Narrated Storybooks,https://www.youtube.com/watch?v=YB1lx8MOBNs,YB1lx8MOBNs,ERROR: [youtube] YB1lx8MOBNs: This video is not available,False
,KidTimeStoryTime,,kids,storytime for kids,6.98,,The Book With NO Pictures | funny read aloud,https://www.youtube.com/watch?v=36hj5E-Hx10,36hj5E-Hx10,ERROR: [youtube] 36hj5E-Hx10: This video is not available,False
,Buddy Son Storytime,,kids,storytime for kids,7.96,,Dragons Love Tacos – 🐉 Read aloud kids book in full screen with music and effects!,https://www.youtube.com/watch?v=J7TY3D4mqL8,J7TY3D4mqL8,ERROR: [youtube] J7TY3D4mqL8: This video is not available,False
,Hidden Pigeon Channel,,kids,storytime for kids,7.06,,The Pigeon Has to Go to School + More Bedtime Stories for Kids,https://www.youtube.com/watch?v=BKOIRH-BxYc,BKOIRH-BxYc,ERROR: [youtube] BKOIRH-BxYc: This video is not available,False
,5 Minutes With Uncle Ben,,kids,storytime for kids,8.11,,If you give a mouse a cookie | ANIMATED STORY BOOK!,https://www.youtube.com/watch?v=pZijedFRUvc,pZijedFRUvc,ERROR: [youtube] pZijedFRUvc: This video is not available,False
,Zgapariko English,,kids,storytime for kids,7.07,,The Ant and the Grasshopper 🐜🎻 Bedtime Stories for Kids | 3D Fairy Tale,https://www.youtube.com/watch?v=HsOES1QEtyk,HsOES1QEtyk,ERROR: [youtube] HsOES1QEtyk: This video is not available,False
,Reading is,,kids,storytime for kids,7.5,,The Gruffalo - Animated Read Aloud Book,https://www.youtube.com/watch?v=QhhUE1qe3GA,QhhUE1qe3GA,ERROR: [youtube] QhhUE1qe3GA: This video is not available,False
,Twinkle Tales Time,,kids,storytime for kids,7.61,,The Very Hungry Caterpillar | Bedtime stories for kids | Fairy tales for toddlers with Moral lessons,https://www.youtube.com/watch?v=i4CPSH6eQWE,i4CPSH6eQWE,ERROR: [youtube] i4CPSH6eQWE: This video is not available,False
,Little Fox - Kids Stories and Songs,,kids,storytime for kids,6.93,,Tale of Peter Rabbit & Benjamin Bunny Full Story l 23 min. l Bedtime Stories l Little Fox,https://www.youtube.com/watch?v=ZB4lOVRMt5I,ZB4lOVRMt5I,ERROR: [youtube] ZB4lOVRMt5I: This video is not available,False
,KidTimeStoryTime,,kids,storytime for kids,7.7,,Spaghetti Head and Chicken Fingers | picky eaters read aloud | funny read aloud,https://www.youtube.com/watch?v=dUc7BLWvxSM,dUc7BLWvxSM,ERROR: [youtube] dUc7BLWvxSM: This video is not available,False
,Fairy Tales and Stories for Kids,,kids,storytime for kids,7.95,,Goldilocks and the Three Bears | Fairy Tales and Bedtime Stories for Kids in English | Storytime,https://www.youtube.com/watch?v=VjIE-Sl-qKY,VjIE-Sl-qKY,ERROR: [youtube] VjIE-Sl-qKY: This video is not available,False
,Vooks - Stories and Read Alouds for Kids,,kids,storytime for kids,6.85,,Stories About Kindness for Kids! | Read Aloud Kids Books | Vooks Narrated Storybooks,https://www.youtube.com/watch?v=1jylyniqlnk,1jylyniqlnk,ERROR: [youtube] 1jylyniqlnk: This video is not available,False
,Reading is,,kids,storytime for kids,7.07,,🦙Llama Llama Red Pajama - Animated Read Aloud Book,https://www.youtube.com/watch?v=K7evZs9iRoU,K7evZs9iRoU,ERROR: [youtube] K7evZs9iRoU: This video is not available,False
,KidTimeStoryTime,,kids,storytime for kids,7.82,,Pencil Hospital read aloud | school supplies read aloud,https://www.youtube.com/watch?v=aAVJioFrM1w,aAVJioFrM1w,ERROR: [youtube] aAVJioFrM1w: This video is not available,False
,KidTimeStoryTime,,kids,storytime for kids,7.43,,The Smart Cookie 🍪 read aloud for kids,https://www.youtube.com/watch?v=HBQWETFHs9E,HBQWETFHs9E,ERROR: [youtube] HBQWETFHs9E: This video is not available,False
,Fairy Tales and Stories for Kids,,kids,storytime for kids,7.18,,Thirsty Frog Tiddalik | Bedtime Stories for Kids in English | Fairy Tales,https://www.youtube.com/watch?v=SCZNB8GaIhA,SCZNB8GaIhA,ERROR: [youtube] SCZNB8GaIhA: This video is not available,False
,Hoots & Tales,,kids,storytime for kids,6.41,,"2+ Hours of Animal Storybooks | Read Aloud | Featuring Eric Carle, Mem Fox, Lucy Cousins & More",https://www.youtube.com/watch?v=zAFAr2bRn1g,zAFAr2bRn1g,ERROR: [youtube] zAFAr2bRn1g: This video is not available,False
,Read Aloud with Mr. Paul,,kids,storytime for kids,7.04,,🤣 The Sun Thief 🌞 Kids Book Summer Read Aloud Story by Alice Hemming and Nicola Slater,https://www.youtube.com/watch?v=XOMu1TjtKcg,XOMu1TjtKcg,ERROR: [youtube] XOMu1TjtKcg: This video is not available,False
,T-Series Kids Hut,,kids,storytime for kids,7.12,,SHORT STORY for CHILDREN (15 Moral Stories) | Hare and Tortoise Story & more,https://www.youtube.com/watch?v=h6exBJL8Ovg,h6exBJL8Ovg,ERROR: [youtube] h6exBJL8Ovg: This video is not available,False
,Fairy Tales and Stories for Kids,,kids,storytime for kids,8.21,,Goldilocks and the Three Bears & Mangita and Larina | Fairy Tales and Stories for Kids,https://www.youtube.com/watch?v=OW658aSZo-k,OW658aSZo-k,ERROR: [youtube] OW658aSZo-k: This video is not available,False
,Super Simple Songs - Kids Songs,,kids,music for children,8.16,,Over The Deep Blue Sea | + More Kids Songs | Super Simple Songs,https://www.youtube.com/watch?v=e-N0De24Hms,e-N0De24Hms,ERROR: [youtube] e-N0De24Hms: This video is not available,False
,Relax a Little Beat,,kids,music for children,8.28,,"Happy Music for Playtime, Great for Babies & Toddlers | 1 Hour Happy Upbeat Morning Music for Kids",https://www.youtube.com/watch?v=68jD0M9pb4c,68jD0M9pb4c,ERROR: [youtube] 68jD0M9pb4c: This video is not available,False
,Revive Music,,kids,music for children,8.66,,Clean Pop Music 2026 - Clean Pop Music for Classrooms - Clean Music Playlist,https://www.youtube.com/watch?v=CLLpSmaof4E,CLLpSmaof4E,ERROR: [youtube] CLLpSmaof4E: Sign in to confirm you’re not a bot. Use --cookies-from-browser or --cookies for the authentication. See  https://github.com/yt-dlp/yt-dlp/wiki/FAQ#how-do-i-pass-cookies-to-yt-dlp  for how to manually pass cookies. Also see  https://github.com/yt-dlp/yt-dlp/wiki/Extractors#exporting-youtube-cookies  for tips on effectively exporting YouTube cookies,False
,The Kiboomers - Kids Music Channel,,kids,music for children,7.77,,Party Freeze Dance Song - THE KIBOOMERS Preschool Songs for Circle Time,https://www.youtube.com/watch?v=2UcZWXvgMZE,2UcZWXvgMZE,ERROR: [youtube] 2UcZWXvgMZE: This video is not available,False
,Kids Carnival,,kids,music for children,7.92,,If You're Happy & More | Top 20 Most Popular Nursery Rhymes Collection | Kids Videos For Kids,https://www.youtube.com/watch?v=P1PBzbPgllI,P1PBzbPgllI,ERROR: [youtube] P1PBzbPgllI: This video is not available,False
,Danny Go!,,kids,music for children,8.03,,"""The Wiggle Dance!"" 🪱 /// Danny Go! Brain Break Songs for Kids",https://www.youtube.com/watch?v=DsUPVERZFlI,DsUPVERZFlI,ERROR: [youtube] DsUPVERZFlI: This video is not available,False
,Nursery Rhymes TV,,kids,music for children,7.23,,38 SONGS FOR CHILDREN | Compilation | Nursery Rhymes TV | English Songs For Kids,https://www.youtube.com/watch?v=ohNSaUqZFiU,ohNSaUqZFiU,ERROR: [youtube] ohNSaUqZFiU: This video is not available,False
,Ocb Relax,,kids,music for children,7.7,,Happy Relaxing Guitar Music For Children,https://www.youtube.com/watch?v=pd4j9osCNT4,pd4j9osCNT4,ERROR: [youtube] pd4j9osCNT4: This video is not available,False
,Vik4S,,kids,music for children,7.68,,Baby Dance - Scooby Doo Pa Pa (Music Video 4k HD),https://www.youtube.com/watch?v=xw1y8mc5cWs,xw1y8mc5cWs,ERROR: [youtube] xw1y8mc5cWs: Sign in to confirm you’re not a bot. Use --cookies-from-browser or --cookies for the authentication. See  https://github.com/yt-dlp/yt-dlp/wiki/FAQ#how-do-i-pass-cookies-to-yt-dlp  for how to manually pass cookies. Also see  https://github.com/yt-dlp/yt-dlp/wiki/Extractors#exporting-youtube-cookies  for tips on effectively exporting YouTube cookies,False
,Relax a Little Beat,,kids,music for children,7.38,,"Happy Playtime Music for Babies, Toddlers & Kids | 1 Hour for Preschool, Classroom, Kindergartens",https://www.youtube.com/watch?v=OCHwXb2VRvg,OCHwXb2VRvg,ERROR: [youtube] OCHwXb2VRvg: This video is not available,False
,Super Fitness Music,,kids,music for children,7.36,,Kids Keep Fit Party Playlist - All the Top Hits Remixed for Fitness!!,https://www.youtube.com/watch?v=hNYhh4n3w4M,hNYhh4n3w4M,ERROR: [youtube] hNYhh4n3w4M: Sign in to confirm you’re not a bot. Use --cookies-from-browser or --cookies for the authentication. See  https://github.com/yt-dlp/yt-dlp/wiki/FAQ#how-do-i-pass-cookies-to-yt-dlp  for how to manually pass cookies. Also see  https://github.com/yt-dlp/yt-dlp/wiki/Extractors#exporting-youtube-cookies  for tips on effectively exporting YouTube cookies,False
,Relax a Little Beat,,kids,music for children,7.37,,"Happy Music for Playtime, Great for Babies & Toddlers | 1 Hour Happy Upbeat Morning Music for Kids",https://www.youtube.com/watch?v=xRPUrqoGh-A,xRPUrqoGh-A,ERROR: [youtube] xRPUrqoGh-A: This video is not available,False
,Your Happy Place,,kids,music for children,8.15,,Positive Vibes Only 🌸 | Happy 😊 Uplifting Mood Booster Music 🎶,https://www.youtube.com/watch?v=mmqS75jUhW8,mmqS75jUhW8,ERROR: [youtube] mmqS75jUhW8: Sign in to confirm you’re not a bot. Use --cookies-from-browser or --cookies for the authentication. See  https://github.com/yt-dlp/yt-dlp/wiki/FAQ#how-do-i-pass-cookies-to-yt-dlp  for how to manually pass cookies. Also see  https://github.com/yt-dlp/yt-dlp/wiki/Extractors#exporting-youtube-cookies  for tips on effectively exporting YouTube cookies,False
,Calming Connections,,kids,music for children,7.16,,Quiet Classroom Music For Children - Calming Sensory Bubbles - Morning music for class,https://www.youtube.com/watch?v=9ekY8EvrZmM,9ekY8EvrZmM,ERROR: [youtube] 9ekY8EvrZmM: This video is not available,False
,Movieclips,,kids,music for children,7.85,,Sing's Best Songs,https://www.youtube.com/watch?v=n9eioNf8opI,n9eioNf8opI,ERROR: [youtube] n9eioNf8opI: This video is not available,False
,The Good and the Beautiful Kids,,kids,music for children,7.5,,Calming Classical Music for Kids | The Good and the Beautiful,https://www.youtube.com/watch?v=Ex_aWeTDwNA,Ex_aWeTDwNA,ERROR: [youtube] Ex_aWeTDwNA: This video is not available,False
,KIDZ BOP,,kids,music for children,7.13,,Best 2025 Kid Songs⭐️ | Top KIDZ BOP Songs! | 1 Hour,https://www.youtube.com/watch?v=Ds5PgofB76E,Ds5PgofB76E,ERROR: [youtube] Ds5PgofB76E: This video is not available,False
,Ocb Relax,,kids,music for children,6.29,,Morning Relaxing Music - Positive Background Music for Kids (Sway),https://www.youtube.com/watch?v=WUXEeAXywCY,WUXEeAXywCY,ERROR: [youtube] WUXEeAXywCY: This video is not available,False
,KIDZ BOP,,kids,music for children,6.42,,KIDZ BOP Kids - Dance Monkey (Official Music Video),https://www.youtube.com/watch?v=FiXCxfWWwPo,FiXCxfWWwPo,ERROR: [youtube] FiXCxfWWwPo: This video is not available,False
,One Voice Children's Choir,,kids,music for children,6.99,,Diamonds - Rihanna (written by Sia) | One Voice Children's Choir | Kids Cover (Official Music Video),https://www.youtube.com/watch?v=fIeKy8mD-1k,fIeKy8mD-1k,ERROR: [youtube] fIeKy8mD-1k: Sign in to confirm you’re not a bot. Use --cookies-from-browser or --cookies for the authentication. See  https://github.com/yt-dlp/yt-dlp/wiki/FAQ#how-do-i-pass-cookies-to-yt-dlp  for how to manually pass cookies. Also see  https://github.com/yt-dlp/yt-dlp/wiki/Extractors#exporting-youtube-cookies  for tips on effectively exporting YouTube cookies,False
,Ocb Relax,,kids,music for children,6.78,,Morning Relaxing Music For Kids - Positive Background Music (Susan),https://www.youtube.com/watch?v=_opcEMFwJBo,_opcEMFwJBo,ERROR: [youtube] _opcEMFwJBo: This video is not available,False
,The Wiggles,,kids,music for children,7.31,,Songs for Toddlers 🎶 The Wiggles Greatest Hits & Nursery Rhymes ☀️ Children's Music Compilation,https://www.youtube.com/watch?v=MY98CSj3Xdo,MY98CSj3Xdo,ERROR: [youtube] MY98CSj3Xdo: This video is not available,False
,The Wiggles,,kids,music for children,7.52,,Kids Dance Party 🎉 Fun 1 Hour Dancing Extravaganza with The Wiggles🕺💃,https://www.youtube.com/watch?v=3EpyRFfwM4c,3EpyRFfwM4c,ERROR: [youtube] 3EpyRFfwM4c: This video is not available,False
,Twinkle Little Songs - Nursery Rhymes,,kids,music for children,7.77,,Nursery Rhymes for Kids | Songs Compilation - Itsy Bitsy Spider + More Children Songs,https://www.youtube.com/watch?v=5gZOYKHXwyQ,5gZOYKHXwyQ,ERROR: [youtube] 5gZOYKHXwyQ: This video is not available,False
,Relax a Little Beat,,kids,music for children,6.71,,Happy Playtime Music for Babies & Toddlers | 1 Hour Upbeat Morning Music for Kids [Sunny Beats],https://www.youtube.com/watch?v=BGwqtRFji20,BGwqtRFji20,ERROR: [youtube] BGwqtRFji20: This video is not available,False
,Relax a Little Beat,,kids,music for children,7.45,,"Happy Music for Playtime, Great for Babies & Toddlers | 1 Hour Happy Upbeat Morning Music for Kids",https://www.youtube.com/watch?v=h_YQgl4KZ_E,h_YQgl4KZ_E,ERROR: [youtube] h_YQgl4KZ_E: This video is not available,False
,Super Simple Songs - Kids Songs,,kids,music for children,7.9,,Best Kids Songs from Super Simple | Children's Music,https://www.youtube.com/watch?v=gjpgSLXCdbc,gjpgSLXCdbc,ERROR: [youtube] gjpgSLXCdbc: This video is not available,False
,DisneyMusicVEVO,,kids,music for children,8.12,,"Shakira - Zoo (From ""Zootopia 2"") Lyric Video",https://www.youtube.com/watch?v=Xry6B0I3pT8,Xry6B0I3pT8,ERROR: [youtube] Xry6B0I3pT8: This video is not available,False
,McClung Music,,kids,music for children,7.3,,"1 HOUR of Animated Sing-Along Kids Songs, Nursery Rhymes & Lullabies",https://www.youtube.com/watch?v=aML34WvIBM4,aML34WvIBM4,ERROR: [youtube] aML34WvIBM4: This video is not available,False
,icanrockyourworld,,kids,music for children,7.44,,Gummibär - The Gummy Bear Song - Long English Version (Official Video),https://www.youtube.com/watch?v=astISOttCQ0,astISOttCQ0,ERROR: [youtube] astISOttCQ0: This video is not available,False
,Mood Melodies,,kids,music for children,7.94,,Instrumental Pop Music for the Classroom | 2 Hours of Clean Pop Covers for Studying,https://www.youtube.com/watch?v=X-yJhGcS7U4,X-yJhGcS7U4,ERROR: [youtube] X-yJhGcS7U4: Sign in to confirm you’re not a bot. Use --cookies-from-browser or --cookies for the authentication. See  https://github.com/yt-dlp/yt-dlp/wiki/FAQ#how-do-i-pass-cookies-to-yt-dlp  for how to manually pass cookies. Also see  https://github.com/yt-dlp/yt-dlp/wiki/Extractors#exporting-youtube-cookies  for tips on effectively exporting YouTube cookies,False
,Super Simple Songs - Kids Songs,,kids,music for children,8.36,,Peanut Butter & Jelly | + More Kids Songs | Super Simple Songs,https://www.youtube.com/watch?v=fe5Jk7YT_JE,fe5Jk7YT_JE,ERROR: [youtube] fe5Jk7YT_JE: This video is not available,False
,Super Simple Songs - Kids Songs,,kids,music for children,7.12,,I Love The Mountains | + More Kids Songs | Super Simple Songs,https://www.youtube.com/watch?v=GHj-C7TfgkE,GHj-C7TfgkE,ERROR: [youtube] GHj-C7TfgkE: This video is not available,False
,Mood Melodies,,kids,music for children,8.41,,Classroom Music For Kids | Distraction-Free Instrumental Covers Playlist | 2 Hours,https://www.youtube.com/watch?v=ZiR2L9SAyLQ,ZiR2L9SAyLQ,ERROR: [youtube] ZiR2L9SAyLQ: This video is not available,False
,Magic Footprints,,kids,music for children,8.09,,60 Mins Happy Music for Playtime - Playtime Songs for Kids & Toddlers,https://www.youtube.com/watch?v=nRtRlmoyfyw,nRtRlmoyfyw,ERROR: [youtube] nRtRlmoyfyw: This video is not available,False
,Super Simple Songs - Kids Songs,,kids,music for children,7.63,,Five Little Ducks + More | Kids Songs and Nursery Rhymes | Super Simple Songs,https://www.youtube.com/watch?v=LrAtBtQnvCE,LrAtBtQnvCE,ERROR: [youtube] LrAtBtQnvCE: This video is not available,False
,The Singing Walrus - English Songs For Kids,,kids,music for children,8.08,,Action Songs for kids | The Singing Walrus,https://www.youtube.com/watch?v=dUXk8Nc5qQ8,dUXk8Nc5qQ8,ERROR: [youtube] dUXk8Nc5qQ8: This video is not available,False
,Super Simple Songs - Kids Songs,,kids,music for children,6.96,,Top 20 Songs! | Best Toddler Songs & Fan Favorite Hits! | Super Simple Songs 20th Anniversary 🎉,https://www.youtube.com/watch?v=JegZYWlaq8w,JegZYWlaq8w,ERROR: [youtube] JegZYWlaq8w: This video is not available,False
,Super Simple Songs - Kids Songs,,kids,music for children,6.89,,Butterfly Ladybug Bumblebee | + More Kids Songs | Super Simple Songs,https://www.youtube.com/watch?v=0r6Bx7oTT_c,0r6Bx7oTT_c,ERROR: [youtube] 0r6Bx7oTT_c: This video is not available,False
,Ocb Relax,,kids,music for children,6.82,,Morning Relaxing Music - Happy Background Music For Children (Norah),https://www.youtube.com/watch?v=4dPHgFOiFIw,4dPHgFOiFIw,ERROR: [youtube] 4dPHgFOiFIw: This video is not available,False
,Jack Hartmann Kids Music Channel,,kids,music for children,6.72,,Tooty Ta | Fun Dance Song for Kids | Brain Breaks | Tooty Ta | Jack Hartmann,https://www.youtube.com/watch?v=ea4TVg0_8Dk,ea4TVg0_8Dk,ERROR: [youtube] ea4TVg0_8Dk: This video is not available,False
,Kidzen,,kids,music for children,7.12,,Relaxing Music For Children - Be Calm and Focused (cute animals) | 3 Hours Extended Mix,https://www.youtube.com/watch?v=XgxRHa26JLo,XgxRHa26JLo,ERROR: [youtube] XgxRHa26JLo: This video is not available,False
,Songs of Birdland,,kids,music for children,7.08,,"Baby Classical Music 🌞 Mozart, Schubert & Chopin 🌞 Piano Songs for Babies",https://www.youtube.com/watch?v=faFwpo6sO7I,faFwpo6sO7I,ERROR: [youtube] faFwpo6sO7I: This video is not available,False
,KIDZ BOP,,kids,music for children,7.32,,Ultimate Kids Dance Party 2026 🎉 | 3 Hours | Family Friendly Hits,https://www.youtube.com/watch?v=HtjHgxAmegY,HtjHgxAmegY,ERROR: [youtube] HtjHgxAmegY: This video is not available,False
,One Voice Children's Choir,,kids,music for children,7.7,,Imagine Dragons - Believer | One Voice Children's Choir | Kids Cover (Official Music Video),https://www.youtube.com/watch?v=FUQheX3PSnY,FUQheX3PSnY,ERROR: [youtube] FUQheX3PSnY: Sign in to confirm you’re not a bot. Use --cookies-from-browser or --cookies for the authentication. See  https://github.com/yt-dlp/yt-dlp/wiki/FAQ#how-do-i-pass-cookies-to-yt-dlp  for how to manually pass cookies. Also see  https://github.com/yt-dlp/yt-dlp/wiki/Extractors#exporting-youtube-cookies  for tips on effectively exporting YouTube cookies,False
,Relax a Little Beat,,kids,music for children,7.76,,"Happy Playtime Music for Babies, Toddlers & Kids | 1 Hour for Preschool, Classroom, Kindergartens",https://www.youtube.com/watch?v=XcnqrAz9YM4,XcnqrAz9YM4,ERROR: [youtube] XcnqrAz9YM4: This video is not available,False
,Relax a Little Beat,,kids,music for children,7.35,,"Happy Music for Playtime, Great for Babies & Toddlers | 1 Hour Happy Upbeat Morning Music for Kids",https://www.youtube.com/watch?v=VFKe3pkbEqU,VFKe3pkbEqU,ERROR: [youtube] VFKe3pkbEqU: This video is not available,False
,The Singing Walrus - English Songs For Kids,,kids,music for children,7.05,,Upbeat Kids Songs | Children's Song Collection | The Singing Walrus,https://www.youtube.com/watch?v=LuPdIl81llU,LuPdIl81llU,ERROR: [youtube] LuPdIl81llU: This video is not available,False
,Cocomelon - Nursery Rhymes,,kids,music for children,7.54,,Wheels on the Bus | @CoComelon Nursery Rhymes & Kids Songs,https://www.youtube.com/watch?v=e_04ZrNroTo,e_04ZrNroTo,ERROR: [youtube] e_04ZrNroTo: This video is not available,False
,Super Simple Songs - Kids Songs,,kids,music for children,7.67,,Five Little Speckled Frogs + More | Kids Songs | Super Simple Songs,https://www.youtube.com/watch?v=XaJSlYMFHyQ,XaJSlYMFHyQ,ERROR: [youtube] XaJSlYMFHyQ: This video is not available,False
,Fat Cat Books English with Mike ,,kids,storytime for kids,7.33,,"How to catch a dinosaur,animated story#readaloud #bedtimestories #toddlers #kindergarten  #storytime",https://www.youtube.com/watch?v=07p5naw1vUY,07p5naw1vUY,ERROR: [youtube] 07p5naw1vUY: This video is not available,False
,The Fable Cottage,,kids,storytime for kids,7.95,,Jack and the Beanstalk - UK English accent (TheFableCottage.com),https://www.youtube.com/watch?v=9a9qNLUpkV8,9a9qNLUpkV8,ERROR: [youtube] 9a9qNLUpkV8: This video is not available,False
,StoryTime at Awnie's House,,kids,storytime for kids,7.21,,💨 Kids Read Aloud: THE MOST SERIOUS FART A Seriously Funny Book by Mike Bender and Chuck Dillon,https://www.youtube.com/watch?v=ZoKTjdAJFxo,ZoKTjdAJFxo,ERROR: [youtube] ZoKTjdAJFxo: This video is not available,False
,Hoots & Tales,,kids,storytime for kids,7.53,,2+ Hours of Animal & Adventure Read Alouds for Kids | Featuring Where the Wild Things Are & More,https://www.youtube.com/watch?v=JmN8fOpINoo,JmN8fOpINoo,ERROR: [youtube] JmN8fOpINoo: This video is not available,False
,Vooks - Stories and Read Alouds for Kids,,kids,storytime for kids,7.68,,Family Stories for Kids | Animated Read Aloud Kids Books | Vooks Narrated Storybooks,https://www.youtube.com/watch?v=9G18UA311QA,9G18UA311QA,ERROR: [youtube] 9G18UA311QA: This video is not available,False
,Vooks - Stories and Read Alouds for Kids,,kids,storytime for kids,7.93,,Animated Read Aloud Kids Book: The Digger and the Flower! | Vooks Narrated Storybooks,https://www.youtube.com/watch?v=BH7SOQT0sOw,BH7SOQT0sOw,ERROR: [youtube] BH7SOQT0sOw: This video is not available,False
,Storytime For Kids,,kids,storytime for kids,7.44,,Storytime for kids read aloud - Monkey Puzzle by Julia Donaldson,https://www.youtube.com/watch?v=r7JiKdKA7hY,r7JiKdKA7hY,ERROR: [youtube] r7JiKdKA7hY: This video is not available,False
,Fairy Tales and Stories for Kids,,kids,storytime for kids,8.49,,The Little Red Hen | Bedtime Stories for Kids in English | Storytime,https://www.youtube.com/watch?v=DvYhFhbh3xU,DvYhFhbh3xU,ERROR: [youtube] DvYhFhbh3xU: This video is not available,False
,Vooks - Stories and Read Alouds for Kids,,kids,storytime for kids,7.45,,Does A Bear Poo in the Woods!? | Read Aloud Kids Book | Vooks Narrated Storybooks,https://www.youtube.com/watch?v=Ulp7U4STuUY,Ulp7U4STuUY,ERROR: [youtube] Ulp7U4STuUY: This video is not available,False
,LolliPop Animated Book,,kids,storytime for kids,6.56,,Where's Spot? | Animated books for Kids | Read aloud,https://www.youtube.com/watch?v=LxexUt8xM1w,LxexUt8xM1w,ERROR: [youtube] LxexUt8xM1w: This video is not available,False
,Fairy Tales and Stories for Kids,,kids,storytime for kids,6.9,,Lazy Girl and New Friend Jealousy | Bedtime Stories for Kids in English | Fairy Tales,https://www.youtube.com/watch?v=JHlDAY6LR64,JHlDAY6LR64,ERROR: [youtube] JHlDAY6LR64: This video is not available,False
,Koala Moon - Kids Bedtime Stories,,kids,storytime for kids,6.94,,"BEST Bedtime Story in The World 😴 Gentle, Cozy & Safe for Kids 💤🌙 Calming Stories to Help Kids Sleep",https://www.youtube.com/watch?v=Kfzg4-cfPuA,Kfzg4-cfPuA,ERROR: [youtube] Kfzg4-cfPuA: This video is not available,False
,Hoots & Tales,,kids,storytime for kids,6.85,,"3+ Hours of Animal Storybooks | Read Aloud | Featuring Eric Carle, Mem Fox, Lucy Cousins & More",https://www.youtube.com/watch?v=8QW1U8y6V3k,8QW1U8y6V3k,ERROR: [youtube] 8QW1U8y6V3k: This video is not available,False
,ChuChuTV Storytime for Kids,,kids,storytime for kids,6.85,,The Hardworking Mother - Good Habits Bedtime Stories & Moral Stories for Kids - ChuChu TV,https://www.youtube.com/watch?v=drCMd7Jr2Sg,drCMd7Jr2Sg,ERROR: [youtube] drCMd7Jr2Sg: This video is not available,False
,Mommy & Sam Storytime Anytime,,kids,storytime for kids,7.34,,Don't Let the Pigeon Eat Your Ice Cream! | Funny Pigeon Adventures Compilation,https://www.youtube.com/watch?v=4R7PlM4lUvo,4R7PlM4lUvo,ERROR: [youtube] 4R7PlM4lUvo: This video is not available,False
,Cool School,,kids,storytime for kids,7.02,,"7 Bedtime Stories for Kids 📚 Ms. Booksy's Read Aloud | Snow White, Wonderland, Rapunzel + More!",https://www.youtube.com/watch?v=M2w0NdPBg3c,M2w0NdPBg3c,ERROR: [youtube] M2w0NdPBg3c: This video is not available,False
,Fairy Tales and Stories for Kids,,kids,storytime for kids,8.06,,The Red Fish And The Shark Gang | Bedtime Stories for Kids in English | Fairy Tales,https://www.youtube.com/watch?v=SRZLew1fFHY,SRZLew1fFHY,ERROR: [youtube] SRZLew1fFHY: This video is not available,False
,Preschool Prep Company,,kids,preschool learning,7.44,,Meet the Phonics - Letter Sounds (FREE) | Preschool Prep Company,https://www.youtube.com/watch?v=XUvlnKMSVDQ,XUvlnKMSVDQ,ERROR: [youtube] XUvlnKMSVDQ: This video is not available,False
,Ms Rachel - Toddler Learning Videos,,kids,preschool learning,7.22,,"Preschool & Toddler Learning Video with Ms Rachel - Learn Shapes, Letters, Numbers, Colors & More",https://www.youtube.com/watch?v=K_Aq4H03Nm4,K_Aq4H03Nm4,ERROR: [youtube] K_Aq4H03Nm4: This video is not available,False
,Ms Rachel - Toddler Learning Videos,,kids,preschool learning,7.04,,Videos for Toddlers - Preschool Learning Video - Happy Birthday Song Circle Time Special,https://www.youtube.com/watch?v=7siu3eOW1VQ,7siu3eOW1VQ,ERROR: [youtube] 7siu3eOW1VQ: This video is not available,False
,The Soft Roots,,kids,preschool learning,7.21,,Preschool Learning activities for 3 year olds at home | Learn ABC Phonics Shapes Numbers Colors 🌈,https://www.youtube.com/watch?v=9-GE8O4R-Qo,9-GE8O4R-Qo,ERROR: [youtube] 9-GE8O4R-Qo: Sign in to confirm you’re not a bot. Use --cookies-from-browser or --cookies for the authentication. See  https://github.com/yt-dlp/yt-dlp/wiki/FAQ#how-do-i-pass-cookies-to-yt-dlp  for how to manually pass cookies. Also see  https://github.com/yt-dlp/yt-dlp/wiki/Extractors#exporting-youtube-cookies  for tips on effectively exporting YouTube cookies,False
,Ms Rachel - Toddler Learning Videos,,kids,preschool learning,6.92,,🔴 Learn with Ms Rachel - Toddler Learning - Kids Songs & Nursery Rhymes - Wheels On The Bus,https://www.youtube.com/watch?v=jBvzOfT8_44,jBvzOfT8_44,ERROR: [youtube] jBvzOfT8_44: This video is not available,False
,The Soft Roots,,kids,preschool learning,7.64,,Preschool Learning activities for 3 year olds at home | Learn ABC Phonics Shapes Numbers Colors 🌈,https://www.youtube.com/watch?v=RWJDTmJooss,RWJDTmJooss,ERROR: [youtube] RWJDTmJooss: Sign in to confirm you’re not a bot. Use --cookies-from-browser or --cookies for the authentication. See  https://github.com/yt-dlp/yt-dlp/wiki/FAQ#how-do-i-pass-cookies-to-yt-dlp  for how to manually pass cookies. Also see  https://github.com/yt-dlp/yt-dlp/wiki/Extractors#exporting-youtube-cookies  for tips on effectively exporting YouTube cookies,False
,Fun'N Learning,,kids,preschool learning,7.69,,"Ultimate Preschool Learning Video For Toddlers Part 2| Best Toy learn Numbers, Shapes and Colors",https://www.youtube.com/watch?v=UylcyGM571o,UylcyGM571o,ERROR: [youtube] UylcyGM571o: This video is not available,False
,The Soft Roots,,kids,preschool learning,7.33,,Preschool Learning activities for 3 year olds at home | Learn ABC Phonics Shapes Numbers Colors 🌈,https://www.youtube.com/watch?v=5cigkQzpUlk,5cigkQzpUlk,ERROR: [youtube] 5cigkQzpUlk: Sign in to confirm you’re not a bot. Use --cookies-from-browser or --cookies for the authentication. See  https://github.com/yt-dlp/yt-dlp/wiki/FAQ#how-do-i-pass-cookies-to-yt-dlp  for how to manually pass cookies. Also see  https://github.com/yt-dlp/yt-dlp/wiki/Extractors#exporting-youtube-cookies  for tips on effectively exporting YouTube cookies,False
,Super Crazy Kids,,kids,preschool learning,7.42,,Learn Shapes & Numbers Wooden Slider Tumbling Toys | Preschool Kids Learning 3D Educational Toddler,https://www.youtube.com/watch?v=4NkNrGwqsiE,4NkNrGwqsiE,ERROR: [youtube] 4NkNrGwqsiE: This video is not available,False
,Ms Rachel - Toddler Learning Videos,,kids,preschool learning,7.58,,Preschool Learning Videos - Preschool for Littles - Online Virtual Preschool Video - Learn at Home,https://www.youtube.com/watch?v=2vYqjQnm3WY,2vYqjQnm3WY,ERROR: [youtube] 2vYqjQnm3WY: This video is not available,False
,Ms Rachel - Toddler Learning Videos,,kids,preschool learning,7.88,,"Ms Rachel & Elmo Get Ready For School - ABC Song, Numbers, Colors - Toddler & Preschool Learning",https://www.youtube.com/watch?v=nnqsEUxgSBQ,nnqsEUxgSBQ,ERROR: [youtube] nnqsEUxgSBQ: This video is not available,False
,The Soft Roots,,kids,preschool learning,7.79,,Preschool Learning activities for 3 year olds at home | Learn ABC Phonics Shapes Numbers Colors 🌈,https://www.youtube.com/watch?v=70BxcaNPWDI,70BxcaNPWDI,ERROR: [youtube] 70BxcaNPWDI: Sign in to confirm you’re not a bot. Use --cookies-from-browser or --cookies for the authentication. See  https://github.com/yt-dlp/yt-dlp/wiki/FAQ#how-do-i-pass-cookies-to-yt-dlp  for how to manually pass cookies. Also see  https://github.com/yt-dlp/yt-dlp/wiki/Extractors#exporting-youtube-cookies  for tips on effectively exporting YouTube cookies,False
,Noodle & Pals,,kids,preschool learning,7.02,,Daily Learning Lessons With Noodle & Pals! | Preschool Activities | Kids Songs,https://www.youtube.com/watch?v=QI5wQGyP3Nk,QI5wQGyP3Nk,ERROR: [youtube] QI5wQGyP3Nk: This video is not available,False
,Ms Rachel - Toddler Learning Videos,,kids,preschool learning,7.43,,Learn with Ms Rachel - Phonics Song - Learn to Read - Preschool Learning - Kids Songs & Videos,https://www.youtube.com/watch?v=oVtzNpzuvoA,oVtzNpzuvoA,ERROR: [youtube] oVtzNpzuvoA: This video is not available,False
,Ms Rachel - Toddler Learning Videos,,kids,preschool learning,6.95,,Learn About Emotions and Feelings with Ms Rachel | Kids Videos | Preschool Learning Videos | Toddler,https://www.youtube.com/watch?v=ozsgl_sLnHQ,ozsgl_sLnHQ,ERROR: [youtube] ozsgl_sLnHQ: This video is not available,False
,The Soft Roots,,kids,preschool learning,6.57,,Preschool Learning activities for 3 year olds at home | Learn ABC Phonics Shapes Numbers Colors 🌈,https://www.youtube.com/watch?v=lBEjVCHcvHA,lBEjVCHcvHA,ERROR: [youtube] lBEjVCHcvHA: Sign in to confirm you’re not a bot. Use --cookies-from-browser or --cookies for the authentication. See  https://github.com/yt-dlp/yt-dlp/wiki/FAQ#how-do-i-pass-cookies-to-yt-dlp  for how to manually pass cookies. Also see  https://github.com/yt-dlp/yt-dlp/wiki/Extractors#exporting-youtube-cookies  for tips on effectively exporting YouTube cookies,False
,Kids Academy,,kids,preschool learning,6.48,,"Matching, Sorting & Logic Games and Activities | Preschool & Kindergarten | Kids Academy",https://www.youtube.com/watch?v=WBGcTq3aiY4,WBGcTq3aiY4,ERROR: [youtube] WBGcTq3aiY4: This video is not available,False
,Toddler Learning Videos For Kids - Lucas & Friends,,kids,preschool learning,6.66,,Opposite Words for Kids | Educational Video For Toddlers and Preschool | Children Learn Opposites,https://www.youtube.com/watch?v=BWdXN0wwi6A,BWdXN0wwi6A,ERROR: [youtube] BWdXN0wwi6A: This video is not available,False
,Ms Rachel - Toddler Learning Videos,,kids,preschool learning,6.33,,"Learn The Alphabet, Letters, Phonics Song | Toddler Learning Video | Letter Sounds | Speech | ABCs",https://www.youtube.com/watch?v=_R0xRT2y7Uo,_R0xRT2y7Uo,ERROR: [youtube] _R0xRT2y7Uo: This video is not available,False
,Fun'N Learning,,kids,preschool learning,7.54,,"Ultimate Preschool Learning Video For Toddlers | Best Toy learn Numbers, Counting, Shapes and Colors",https://www.youtube.com/watch?v=nmfCcH-Xvj8,nmfCcH-Xvj8,ERROR: [youtube] nmfCcH-Xvj8: This video is not available,False
,The Soft Roots,,kids,preschool learning,7.23,,Preschool Learning activities for 3 year olds at home | Learn ABC Phonics Shapes Numbers Colors 🌈,https://www.youtube.com/watch?v=UM6OStHx8aE,UM6OStHx8aE,ERROR: [youtube] UM6OStHx8aE: Sign in to confirm you’re not a bot. Use --cookies-from-browser or --cookies for the authentication. See  https://github.com/yt-dlp/yt-dlp/wiki/FAQ#how-do-i-pass-cookies-to-yt-dlp  for how to manually pass cookies. Also see  https://github.com/yt-dlp/yt-dlp/wiki/Extractors#exporting-youtube-cookies  for tips on effectively exporting YouTube cookies,False
,Tiny TV,,kids,preschool learning,7.31,,Kidsville | Blippi! | Preschool Learning | Moonbug Tiny TV,https://www.youtube.com/watch?v=vqZdBDK0FOE,vqZdBDK0FOE,ERROR: [youtube] vqZdBDK0FOE: This video is not available,False
,Little Bee Library - Videos for #LibraryKids!,,kids,preschool learning,7.32,,"🌈🎵 Learn, Sing, and Explore! Preschool Fun on the Farm & Under the Sea, Toddler English Learning 🌊🐄",https://www.youtube.com/watch?v=FXjC69MmcPY,FXjC69MmcPY,ERROR: [youtube] FXjC69MmcPY: This video is not available,False
,Tiny TV,,kids,preschool learning,7.38,,Where Does Sand Come From? | Blippi Wonders | Preschool Learning | Moonbug Tiny TV,https://www.youtube.com/watch?v=uy8cC_9WX_E,uy8cC_9WX_E,ERROR: [youtube] uy8cC_9WX_E: This video is not available,False
,Genevieve's Playhouse - Learning Videos for Kids,,kids,preschool learning,7.1,,Preschool Learning Playdoh Video for Kids - Learn Keywords and Adjectives through Play!,https://www.youtube.com/watch?v=rFAQlUY9GYg,rFAQlUY9GYg,ERROR: [youtube] rFAQlUY9GYg: This video is not available,False
,Bairn Learning,,kids,preschool learning,7.34,,"Preschool Learning Videos For 5 Year Olds | ABCs, 123s Shapes, and Nursery Rhymes",https://www.youtube.com/watch?v=T3KtZ4ONct8,T3KtZ4ONct8,ERROR: [youtube] T3KtZ4ONct8: This video is not available,False
,Lotty Learns,,kids,preschool learning,7.99,,Preschool Reading Lessons- Letter Blending | Sight Words | ABC Phonics | LOTTY LEARNS,https://www.youtube.com/watch?v=ycPaP_aONjE,ycPaP_aONjE,ERROR: [youtube] ycPaP_aONjE: This video is not available,False
,Rob The Robot,,kids,preschool learning,7.84,,Learn Science |  Preschool Learning Videos | Rob The Robot,https://www.youtube.com/watch?v=ammw6GG2AXw,ammw6GG2AXw,ERROR: [youtube] ammw6GG2AXw: This video is not available,False
,Numberblocks,,kids,preschool learning,7.55,,🌈 Preschool Patterns | Counting for Kids | 12345 - Learn to Count | Numberblocks,https://www.youtube.com/watch?v=vaqXy6_VAsg,vaqXy6_VAsg,ERROR: [youtube] vaqXy6_VAsg: This video is not available,False
,Ms. Monica,,kids,preschool learning,7.98,,Preschool Circle Time | Monday Class | Learn Letter F & Number 8 | Toddler & Preschool Learning,https://www.youtube.com/watch?v=INY3ETimTjg,INY3ETimTjg,ERROR: [youtube] INY3ETimTjg: This video is not available,False
,Rock 'N Learn,,kids,preschool learning,7.21,,Preschool Phonics | Rock ’N Learn Phonics Songs,https://www.youtube.com/watch?v=vOHS72_mnMc,vOHS72_mnMc,ERROR: [youtube] vOHS72_mnMc: This video is not available,False
,Brain Candy TV,,kids,preschool learning,7.95,,"Learning Collection by Brain Candy TV |Vol 1| Learn English, Numbers, Colors and More",https://www.youtube.com/watch?v=UuLZ27M6JCo,UuLZ27M6JCo,ERROR: [youtube] UuLZ27M6JCo: This video is not available,False
,Genevieve's Playhouse - Learning Videos for Kids,,kids,preschool learning,7.47,,Best Toddler Learning Video for Kids - Educational Toys for Preschool Kids!,https://www.youtube.com/watch?v=yHleEm95SoM,yHleEm95SoM,ERROR: [youtube] yHleEm95SoM: This video is not available,False
,Tiny TV,,kids,preschool learning,7.85,,Lions | Blippi Wonders | Preschool Learning | Moonbug Tiny TV,https://www.youtube.com/watch?v=6adxRVZsTao,6adxRVZsTao,ERROR: [youtube] 6adxRVZsTao: This video is not available,False
,Ms Rachel - Toddler Learning Videos,,kids,preschool learning,7.68,,"Preschool Videos - Toddler Learning Videos -  Circle Time, Phonics, Colors, Numbers - Dinosaur Class",https://www.youtube.com/watch?v=noJrVwp6akE,noJrVwp6akE,ERROR: [youtube] noJrVwp6akE: This video is not available,False
,ClickClack,,kids,preschool learning,7.25,,"The Ultimate Preschool Learning Hour | ABCs, Numbers & Shapes",https://www.youtube.com/watch?v=kqrpfYF-i-g,kqrpfYF-i-g,ERROR: [youtube] kqrpfYF-i-g: This video is not available,False
,Fun Playhouse Kids,,kids,preschool learning,7.04,,Learn Colors and Make School Supplies with Play-Doh | Preschool Toddler Learning Video,https://www.youtube.com/watch?v=7HK07dYQS-I,7HK07dYQS-I,ERROR: [youtube] 7HK07dYQS-I: This video is not available,False
,Bairn Learning,,kids,preschool learning,6.9,,"Preschool Learning Videos For 5 Year Olds | ABCs, 123s Shapes, and Colors Song",https://www.youtube.com/watch?v=6a-2WIIP2uw,6a-2WIIP2uw,ERROR: [youtube] 6a-2WIIP2uw: This video is not available,False
,Ralph And Rocky Cars - Vehicle Cartoons for Kids,,kids,preschool learning,6.61,,Street Vehicles | Cars And Trucks | Learning Video for Children & Preschoolers,https://www.youtube.com/watch?v=IFVJKx8J9hs,IFVJKx8J9hs,ERROR: [youtube] IFVJKx8J9hs: This video is not available,False
,Fun'N Learning,,kids,preschool learning,7.04,,Create and  Learn  Vehicles from Playdoh | Best Preschool Toddler Fun Toy Learning Activity Video,https://www.youtube.com/watch?v=SONBUm4SeKw,SONBUm4SeKw,ERROR: [youtube] SONBUm4SeKw: This video is not available,False
,Genevieve's Playhouse - Learning Videos for Kids,,kids,preschool learning,6.93,,"Educational Preschool Toys for Kids - Learn Words, Colors, Songs, Animals, and More!",https://www.youtube.com/watch?v=lca179N9a30,lca179N9a30,ERROR: [youtube] lca179N9a30: This video is not available,False
,Genevieve's Playhouse - Learning Videos for Kids,,kids,preschool learning,7.49,,"Apple Tree Preschool Learning Video for Kids - Learn Colors, Numbers, and Animal!",https://www.youtube.com/watch?v=1dIOy6_iIoo,1dIOy6_iIoo,ERROR: [youtube] 1dIOy6_iIoo: This video is not available,False
,KLT Anatomy,,kids,preschool learning,6.98,,Phonics Vowel COMPILATION | Learn The Alphabet | Vowel Sounds | Pocket Preschool,https://www.youtube.com/watch?v=b97TrDCJEMg,b97TrDCJEMg,ERROR: [youtube] b97TrDCJEMg: This video is not available,False
,Toddler Fun Learning,,kids,preschool learning,7.6,,The Best of Toddler Fun Learning | Learning Videos For Toddlers,https://www.youtube.com/watch?v=4HUCJliVbsw,4HUCJliVbsw,ERROR: [youtube] 4HUCJliVbsw: This video is not available,False
,Paisley's Corner - Educational Videos for Kids,,kids,preschool learning,7.36,,Preschool & Toddler Learning Video - Marble Run STEM & Science for Kids | Educational Video for Kids,https://www.youtube.com/watch?v=sgYeVLDNRxk,sgYeVLDNRxk,ERROR: [youtube] sgYeVLDNRxk: This video is not available,False
,Fun'N Learning,,kids,preschool learning,7.42,,"Ultimate Preschool Learning Video For Toddlers | Best Toy learn English ABC, Numbers Shapes Counting",https://www.youtube.com/watch?v=NK01CydYPRg,NK01CydYPRg,ERROR: [youtube] NK01CydYPRg: This video is not available,False
,TD BRICKS,,kids,lego kids,7.18,,SECRET LEGO ITEMS...,https://www.youtube.com/watch?v=ankgbqCPMDA,ankgbqCPMDA,ERROR: [youtube] ankgbqCPMDA: Sign in to confirm you’re not a bot. Use --cookies-from-browser or --cookies for the authentication. See  https://github.com/yt-dlp/yt-dlp/wiki/FAQ#how-do-i-pass-cookies-to-yt-dlp  for how to manually pass cookies. Also see  https://github.com/yt-dlp/yt-dlp/wiki/Extractors#exporting-youtube-cookies  for tips on effectively exporting YouTube cookies,False
,Lego Auto Tech,,kids,lego kids,7.37,,LEGO Garbage Truck with Working Lift Arm 🗑️ Lego Auto Tech,https://www.youtube.com/watch?v=te4mD2aXAKo,te4mD2aXAKo,ERROR: [youtube] te4mD2aXAKo: Sign in to confirm you’re not a bot. Use --cookies-from-browser or --cookies for the authentication. See  https://github.com/yt-dlp/yt-dlp/wiki/FAQ#how-do-i-pass-cookies-to-yt-dlp  for how to manually pass cookies. Also see  https://github.com/yt-dlp/yt-dlp/wiki/Extractors#exporting-youtube-cookies  for tips on effectively exporting YouTube cookies,False
,Lego Auto Tech,,kids,lego kids,7.39,,Lego Technic Car: Beach Cleaner in Action! 🚛🏖️,https://www.youtube.com/watch?v=WRpY902lrLo,WRpY902lrLo,ERROR: [youtube] WRpY902lrLo: Sign in to confirm you’re not a bot. Use --cookies-from-browser or --cookies for the authentication. See  https://github.com/yt-dlp/yt-dlp/wiki/FAQ#how-do-i-pass-cookies-to-yt-dlp  for how to manually pass cookies. Also see  https://github.com/yt-dlp/yt-dlp/wiki/Extractors#exporting-youtube-cookies  for tips on effectively exporting YouTube cookies,False
,The Soft Roots,,kids,preschool learning,8.19,,Preschool Learning activities for 3 year olds at home | Learn ABC Phonics Shapes Numbers Colors 🌈,https://www.youtube.com/watch?v=kCmb2ELNlAU,kCmb2ELNlAU,ERROR: [youtube] kCmb2ELNlAU: Sign in to confirm you’re not a bot. Use --cookies-from-browser or --cookies for the authentication. See  https://github.com/yt-dlp/yt-dlp/wiki/FAQ#how-do-i-pass-cookies-to-yt-dlp  for how to manually pass cookies. Also see  https://github.com/yt-dlp/yt-dlp/wiki/Extractors#exporting-youtube-cookies  for tips on effectively exporting YouTube cookies,False
,Tiny TV,,kids,preschool learning,8.12,,Ultimate Playground | Blippi Wonders | Preschool Learning | Moonbug Tiny TV,https://www.youtube.com/watch?v=SFdcNZzEXbg,SFdcNZzEXbg,ERROR: [youtube] SFdcNZzEXbg: This video is not available,False
,TD BRICKS,,kids,lego kids,8.3,,CHILDHOOD TOYS in LEGO…,https://www.youtube.com/watch?v=6NL2k3mOi1I,6NL2k3mOi1I,ERROR: [youtube] 6NL2k3mOi1I: Sign in to confirm you’re not a bot. Use --cookies-from-browser or --cookies for the authentication. See  https://github.com/yt-dlp/yt-dlp/wiki/FAQ#how-do-i-pass-cookies-to-yt-dlp  for how to manually pass cookies. Also see  https://github.com/yt-dlp/yt-dlp/wiki/Extractors#exporting-youtube-cookies  for tips on effectively exporting YouTube cookies,False
,RM Bricks Channel,,kids,lego kids,8.07,,LEGO Dinosaurs: I Recreated The Whole Mosasaurus Family | RM Bricks Channel,https://www.youtube.com/watch?v=9_weKCxyXHc,9_weKCxyXHc,ERROR: [youtube] 9_weKCxyXHc: Sign in to confirm you’re not a bot. Use --cookies-from-browser or --cookies for the authentication. See  https://github.com/yt-dlp/yt-dlp/wiki/FAQ#how-do-i-pass-cookies-to-yt-dlp  for how to manually pass cookies. Also see  https://github.com/yt-dlp/yt-dlp/wiki/Extractors#exporting-youtube-cookies  for tips on effectively exporting YouTube cookies,False
,All New Bricks,,kids,lego kids,7.35,,Lego City 60408 Car Transporter Truck with Sports Cars,https://www.youtube.com/watch?v=t2pN_gGof7s,t2pN_gGof7s,ERROR: [youtube] t2pN_gGof7s: Sign in to confirm you’re not a bot. Use --cookies-from-browser or --cookies for the authentication. See  https://github.com/yt-dlp/yt-dlp/wiki/FAQ#how-do-i-pass-cookies-to-yt-dlp  for how to manually pass cookies. Also see  https://github.com/yt-dlp/yt-dlp/wiki/Extractors#exporting-youtube-cookies  for tips on effectively exporting YouTube cookies,False
,MADABOUTLEGO,,kids,lego kids,8.25,,LEGO City Airport with Airplane 60502,https://www.youtube.com/watch?v=JLs8CL2vkjM,JLs8CL2vkjM,ERROR: [youtube] JLs8CL2vkjM: Sign in to confirm you’re not a bot. Use --cookies-from-browser or --cookies for the authentication. See  https://github.com/yt-dlp/yt-dlp/wiki/FAQ#how-do-i-pass-cookies-to-yt-dlp  for how to manually pass cookies. Also see  https://github.com/yt-dlp/yt-dlp/wiki/Extractors#exporting-youtube-cookies  for tips on effectively exporting YouTube cookies,False
,TD BRICKS,,kids,lego kids,7.63,,I built a LEGO SUPERHERO UNIVERSE…,https://www.youtube.com/watch?v=OKlbXN19SoM,OKlbXN19SoM,ERROR: [youtube] OKlbXN19SoM: Sign in to confirm you’re not a bot. Use --cookies-from-browser or --cookies for the authentication. See  https://github.com/yt-dlp/yt-dlp/wiki/FAQ#how-do-i-pass-cookies-to-yt-dlp  for how to manually pass cookies. Also see  https://github.com/yt-dlp/yt-dlp/wiki/Extractors#exporting-youtube-cookies  for tips on effectively exporting YouTube cookies,False
,TD BRICKS,,kids,lego kids,8.1,,I UPGRADED basic LEGO SETS...,https://www.youtube.com/watch?v=gM8Bx3wvCIM,gM8Bx3wvCIM,ERROR: [youtube] gM8Bx3wvCIM: Sign in to confirm you’re not a bot. Use --cookies-from-browser or --cookies for the authentication. See  https://github.com/yt-dlp/yt-dlp/wiki/FAQ#how-do-i-pass-cookies-to-yt-dlp  for how to manually pass cookies. Also see  https://github.com/yt-dlp/yt-dlp/wiki/Extractors#exporting-youtube-cookies  for tips on effectively exporting YouTube cookies,False
,Dharahas Building Blocks,,kids,lego kids,7.63,,Satisfying DIY Sofa ASMR/Building Blocks/block game/lego blocks #asmr#buildingblocks#asmrsounds,https://www.youtube.com/watch?v=NtVp678qtts,NtVp678qtts,ERROR: [youtube] NtVp678qtts: Sign in to confirm you’re not a bot. Use --cookies-from-browser or --cookies for the authentication. See  https://github.com/yt-dlp/yt-dlp/wiki/FAQ#how-do-i-pass-cookies-to-yt-dlp  for how to manually pass cookies. Also see  https://github.com/yt-dlp/yt-dlp/wiki/Extractors#exporting-youtube-cookies  for tips on effectively exporting YouTube cookies,False
,BrickToons Recreation,,kids,lego kids,7.55,,I bought EVERY Superman LEGO Set… But made them better,https://www.youtube.com/watch?v=mjGJmEl1mac,mjGJmEl1mac,ERROR: [youtube] mjGJmEl1mac: Sign in to confirm you’re not a bot. Use --cookies-from-browser or --cookies for the authentication. See  https://github.com/yt-dlp/yt-dlp/wiki/FAQ#how-do-i-pass-cookies-to-yt-dlp  for how to manually pass cookies. Also see  https://github.com/yt-dlp/yt-dlp/wiki/Extractors#exporting-youtube-cookies  for tips on effectively exporting YouTube cookies,False
,Lego Auto Tech and Lego Tractor,,kids,lego kids,7.47,,Lego Technic Concrete Mixer Truck 🚛 Lego Auto Tech,https://www.youtube.com/watch?v=YPPqVtpSD-o,YPPqVtpSD-o,ERROR: [youtube] YPPqVtpSD-o: Sign in to confirm you’re not a bot. Use --cookies-from-browser or --cookies for the authentication. See  https://github.com/yt-dlp/yt-dlp/wiki/FAQ#how-do-i-pass-cookies-to-yt-dlp  for how to manually pass cookies. Also see  https://github.com/yt-dlp/yt-dlp/wiki/Extractors#exporting-youtube-cookies  for tips on effectively exporting YouTube cookies,False
,Mr. Bricks,,kids,lego kids,7.24,,I Opened a HOSPITAL for LEGO Minifigures,https://www.youtube.com/watch?v=wYhTVTi4uUQ,wYhTVTi4uUQ,ERROR: [youtube] wYhTVTi4uUQ: Sign in to confirm you’re not a bot. Use --cookies-from-browser or --cookies for the authentication. See  https://github.com/yt-dlp/yt-dlp/wiki/FAQ#how-do-i-pass-cookies-to-yt-dlp  for how to manually pass cookies. Also see  https://github.com/yt-dlp/yt-dlp/wiki/Extractors#exporting-youtube-cookies  for tips on effectively exporting YouTube cookies,False
,TD BRICKS,,kids,lego kids,6.72,,LEVEL 1-100 LEGO house...,https://www.youtube.com/watch?v=oXYdSigTzJM,oXYdSigTzJM,ERROR: [youtube] oXYdSigTzJM: Sign in to confirm you’re not a bot. Use --cookies-from-browser or --cookies for the authentication. See  https://github.com/yt-dlp/yt-dlp/wiki/FAQ#how-do-i-pass-cookies-to-yt-dlp  for how to manually pass cookies. Also see  https://github.com/yt-dlp/yt-dlp/wiki/Extractors#exporting-youtube-cookies  for tips on effectively exporting YouTube cookies,False
,All New Bricks,,kids,lego kids,7.62,,Lego Super Mario 72037: Mario Kart – Mario & Standard Kart,https://www.youtube.com/watch?v=sQU2GXL0iKw,sQU2GXL0iKw,ERROR: [youtube] sQU2GXL0iKw: Sign in to confirm you’re not a bot. Use --cookies-from-browser or --cookies for the authentication. See  https://github.com/yt-dlp/yt-dlp/wiki/FAQ#how-do-i-pass-cookies-to-yt-dlp  for how to manually pass cookies. Also see  https://github.com/yt-dlp/yt-dlp/wiki/Extractors#exporting-youtube-cookies  for tips on effectively exporting YouTube cookies,False
,Monkey Scout,,kids,lego kids,8.08,,I built BLUEY'S House with LEGO!,https://www.youtube.com/watch?v=TbX6Vy_js50,TbX6Vy_js50,ERROR: [youtube] TbX6Vy_js50: Sign in to confirm you’re not a bot. Use --cookies-from-browser or --cookies for the authentication. See  https://github.com/yt-dlp/yt-dlp/wiki/FAQ#how-do-i-pass-cookies-to-yt-dlp  for how to manually pass cookies. Also see  https://github.com/yt-dlp/yt-dlp/wiki/Extractors#exporting-youtube-cookies  for tips on effectively exporting YouTube cookies,False
,TD BRICKS,,kids,lego kids,7.58,,"LEGO, but EVERYTHING is TINY...",https://www.youtube.com/watch?v=6gZwKexA3_Q,6gZwKexA3_Q,ERROR: [youtube] 6gZwKexA3_Q: Sign in to confirm you’re not a bot. Use --cookies-from-browser or --cookies for the authentication. See  https://github.com/yt-dlp/yt-dlp/wiki/FAQ#how-do-i-pass-cookies-to-yt-dlp  for how to manually pass cookies. Also see  https://github.com/yt-dlp/yt-dlp/wiki/Extractors#exporting-youtube-cookies  for tips on effectively exporting YouTube cookies,False
,TD BRICKS,,kids,lego kids,7.56,,DUMB vs MASTER LEGO builder...,https://www.youtube.com/watch?v=9DjiCxfxJqk,9DjiCxfxJqk,ERROR: [youtube] 9DjiCxfxJqk: Sign in to confirm you’re not a bot. Use --cookies-from-browser or --cookies for the authentication. See  https://github.com/yt-dlp/yt-dlp/wiki/FAQ#how-do-i-pass-cookies-to-yt-dlp  for how to manually pass cookies. Also see  https://github.com/yt-dlp/yt-dlp/wiki/Extractors#exporting-youtube-cookies  for tips on effectively exporting YouTube cookies,False
,MADABOUTLEGO,,kids,lego kids,7.55,,LEGO City Fire and Police Movie.,https://www.youtube.com/watch?v=ZTJDtrdGyoQ,ZTJDtrdGyoQ,ERROR: [youtube] ZTJDtrdGyoQ: This video is not available,False
,Lego Cooking,,kids,lego kids,6.92,,From $1 to WOW: LEGO Costco Pizza Machine!,https://www.youtube.com/watch?v=cb8s3ph1mKQ,cb8s3ph1mKQ,ERROR: [youtube] cb8s3ph1mKQ: Sign in to confirm you’re not a bot. Use --cookies-from-browser or --cookies for the authentication. See  https://github.com/yt-dlp/yt-dlp/wiki/FAQ#how-do-i-pass-cookies-to-yt-dlp  for how to manually pass cookies. Also see  https://github.com/yt-dlp/yt-dlp/wiki/Extractors#exporting-youtube-cookies  for tips on effectively exporting YouTube cookies,False
,STUDS,,kids,lego kids,7.66,,I built TOY STORY 5 out of LEGO…,https://www.youtube.com/watch?v=9qDwRP0OQyY,9qDwRP0OQyY,ERROR: [youtube] 9qDwRP0OQyY: Sign in to confirm you’re not a bot. Use --cookies-from-browser or --cookies for the authentication. See  https://github.com/yt-dlp/yt-dlp/wiki/FAQ#how-do-i-pass-cookies-to-yt-dlp  for how to manually pass cookies. Also see  https://github.com/yt-dlp/yt-dlp/wiki/Extractors#exporting-youtube-cookies  for tips on effectively exporting YouTube cookies,False
,Genevieve's Playhouse - Learning Videos for Kids,,kids,lego kids,7.83,,Lego Duplo House for Toddlers and Kids! Learn Common Words with Building Block Toys =),https://www.youtube.com/watch?v=FGyFwE1dsMc,FGyFwE1dsMc,ERROR: [youtube] FGyFwE1dsMc: This video is not available,False
,RIAM Bricks,,kids,lego kids,7.95,,What Marvel Heroes Look Like as LEGO Dinosaurs | RIAM Bricks,https://www.youtube.com/watch?v=OoILar1Wit0,OoILar1Wit0,ERROR: [youtube] OoILar1Wit0: Sign in to confirm you’re not a bot. Use --cookies-from-browser or --cookies for the authentication. See  https://github.com/yt-dlp/yt-dlp/wiki/FAQ#how-do-i-pass-cookies-to-yt-dlp  for how to manually pass cookies. Also see  https://github.com/yt-dlp/yt-dlp/wiki/Extractors#exporting-youtube-cookies  for tips on effectively exporting YouTube cookies,False
,Brick Science,,kids,lego kids,7.47,,I Built a LEGO Submarine!,https://www.youtube.com/watch?v=s7Qo4izHW5c,s7Qo4izHW5c,ERROR: [youtube] s7Qo4izHW5c: Sign in to confirm you’re not a bot. Use --cookies-from-browser or --cookies for the authentication. See  https://github.com/yt-dlp/yt-dlp/wiki/FAQ#how-do-i-pass-cookies-to-yt-dlp  for how to manually pass cookies. Also see  https://github.com/yt-dlp/yt-dlp/wiki/Extractors#exporting-youtube-cookies  for tips on effectively exporting YouTube cookies,False
,MADABOUTLEGO,,kids,lego kids,7.41,,LEGO City Fire and Police sets 2022,https://www.youtube.com/watch?v=tc0Q_4Pfu_g,tc0Q_4Pfu_g,ERROR: [youtube] tc0Q_4Pfu_g: This video is not available,False
,RM Bricks Channel,,kids,lego kids,8.09,,LEGO Hybrid Dinosaurs: I Created a Mutant Dinosaur Collection | RM Bricks Channel,https://www.youtube.com/watch?v=Ydb0RAl4f4M,Ydb0RAl4f4M,ERROR: [youtube] Ydb0RAl4f4M: Sign in to confirm you’re not a bot. Use --cookies-from-browser or --cookies for the authentication. See  https://github.com/yt-dlp/yt-dlp/wiki/FAQ#how-do-i-pass-cookies-to-yt-dlp  for how to manually pass cookies. Also see  https://github.com/yt-dlp/yt-dlp/wiki/Extractors#exporting-youtube-cookies  for tips on effectively exporting YouTube cookies,False
,FloridaStuds and STUDS,,kids,lego kids,7.42,,Unboxing EVERY JURASSIC WORLD Dinosaur in LEGO…,https://www.youtube.com/watch?v=IsTc2UOQE4U,IsTc2UOQE4U,ERROR: [youtube] IsTc2UOQE4U: Sign in to confirm you’re not a bot. Use --cookies-from-browser or --cookies for the authentication. See  https://github.com/yt-dlp/yt-dlp/wiki/FAQ#how-do-i-pass-cookies-to-yt-dlp  for how to manually pass cookies. Also see  https://github.com/yt-dlp/yt-dlp/wiki/Extractors#exporting-youtube-cookies  for tips on effectively exporting YouTube cookies,False
,TD BRICKS,,kids,lego kids,8.69,,LEVEL 1 vs 100 LEGO BUILDER...,https://www.youtube.com/watch?v=54wpqk927T8,54wpqk927T8,ERROR: [youtube] 54wpqk927T8: Sign in to confirm you’re not a bot. Use --cookies-from-browser or --cookies for the authentication. See  https://github.com/yt-dlp/yt-dlp/wiki/FAQ#how-do-i-pass-cookies-to-yt-dlp  for how to manually pass cookies. Also see  https://github.com/yt-dlp/yt-dlp/wiki/Extractors#exporting-youtube-cookies  for tips on effectively exporting YouTube cookies,False
,TD BRICKS,,kids,lego kids,7.54,,"LEGO, but EVERYTHING is MULTIPLIED...",https://www.youtube.com/watch?v=GMVt8XXMOmc,GMVt8XXMOmc,ERROR: [youtube] GMVt8XXMOmc: Sign in to confirm you’re not a bot. Use --cookies-from-browser or --cookies for the authentication. See  https://github.com/yt-dlp/yt-dlp/wiki/FAQ#how-do-i-pass-cookies-to-yt-dlp  for how to manually pass cookies. Also see  https://github.com/yt-dlp/yt-dlp/wiki/Extractors#exporting-youtube-cookies  for tips on effectively exporting YouTube cookies,False
,LEGO Little Ones,,kids,lego kids,7.85,,My First Cars and Trucks - LEGO DUPLO - 10816 - Product Animation,https://www.youtube.com/watch?v=gIl6n8ZHyc0,gIl6n8ZHyc0,ERROR: [youtube] gIl6n8ZHyc0: This video is not available,False
,TD BRICKS,,kids,lego kids,7.66,,LEGO BUILDS for a DOG...,https://www.youtube.com/watch?v=2-YjvEdGlfE,2-YjvEdGlfE,ERROR: [youtube] 2-YjvEdGlfE: Sign in to confirm you’re not a bot. Use --cookies-from-browser or --cookies for the authentication. See  https://github.com/yt-dlp/yt-dlp/wiki/FAQ#how-do-i-pass-cookies-to-yt-dlp  for how to manually pass cookies. Also see  https://github.com/yt-dlp/yt-dlp/wiki/Extractors#exporting-youtube-cookies  for tips on effectively exporting YouTube cookies,False
,STUDS and Republic Studs,,kids,lego kids,7.06,,Unboxing JURASSIC WORLD REBIRTH Dinosaurs in LEGO...,https://www.youtube.com/watch?v=LSnniBwuVGo,LSnniBwuVGo,ERROR: [youtube] LSnniBwuVGo: Sign in to confirm you’re not a bot. Use --cookies-from-browser or --cookies for the authentication. See  https://github.com/yt-dlp/yt-dlp/wiki/FAQ#how-do-i-pass-cookies-to-yt-dlp  for how to manually pass cookies. Also see  https://github.com/yt-dlp/yt-dlp/wiki/Extractors#exporting-youtube-cookies  for tips on effectively exporting YouTube cookies,False
,Brickcraft Studio,,kids,lego kids,7.4,,Lego Mythical New Born to Beast  Sea Monsters Ranking Size Comparison,https://www.youtube.com/watch?v=QqB-G7dhaVE,QqB-G7dhaVE,ERROR: [youtube] QqB-G7dhaVE: Sign in to confirm you’re not a bot. Use --cookies-from-browser or --cookies for the authentication. See  https://github.com/yt-dlp/yt-dlp/wiki/FAQ#how-do-i-pass-cookies-to-yt-dlp  for how to manually pass cookies. Also see  https://github.com/yt-dlp/yt-dlp/wiki/Extractors#exporting-youtube-cookies  for tips on effectively exporting YouTube cookies,False
,Lego Auto Tech,,kids,lego kids,6.97,,Lego Technic Car: Rescue Excavator in Action! 🚜🛠️,https://www.youtube.com/watch?v=5REUn8Gwdbw,5REUn8Gwdbw,ERROR: [youtube] 5REUn8Gwdbw: Sign in to confirm you’re not a bot. Use --cookies-from-browser or --cookies for the authentication. See  https://github.com/yt-dlp/yt-dlp/wiki/FAQ#how-do-i-pass-cookies-to-yt-dlp  for how to manually pass cookies. Also see  https://github.com/yt-dlp/yt-dlp/wiki/Extractors#exporting-youtube-cookies  for tips on effectively exporting YouTube cookies,False
,The B3,,kids,lego kids,6.75,,I built a LEGO Dinosaur SKYSCRAPER!,https://www.youtube.com/watch?v=tMaDJhwIMhQ,tMaDJhwIMhQ,ERROR: [youtube] tMaDJhwIMhQ: Sign in to confirm you’re not a bot. Use --cookies-from-browser or --cookies for the authentication. See  https://github.com/yt-dlp/yt-dlp/wiki/FAQ#how-do-i-pass-cookies-to-yt-dlp  for how to manually pass cookies. Also see  https://github.com/yt-dlp/yt-dlp/wiki/Extractors#exporting-youtube-cookies  for tips on effectively exporting YouTube cookies,False
,TD BRICKS,,kids,lego kids,7.13,,$1 vs $1000 LEGO SET...,https://www.youtube.com/watch?v=W8l6_ROPvJw,W8l6_ROPvJw,ERROR: [youtube] W8l6_ROPvJw: Sign in to confirm you’re not a bot. Use --cookies-from-browser or --cookies for the authentication. See  https://github.com/yt-dlp/yt-dlp/wiki/FAQ#how-do-i-pass-cookies-to-yt-dlp  for how to manually pass cookies. Also see  https://github.com/yt-dlp/yt-dlp/wiki/Extractors#exporting-youtube-cookies  for tips on effectively exporting YouTube cookies,False
,MasterBuilders,,kids,lego kids,7.02,,"1,000 LEGO Minifigures vs Cat",https://www.youtube.com/watch?v=93gFPRellfg,93gFPRellfg,ERROR: [youtube] 93gFPRellfg: Sign in to confirm you’re not a bot. Use --cookies-from-browser or --cookies for the authentication. See  https://github.com/yt-dlp/yt-dlp/wiki/FAQ#how-do-i-pass-cookies-to-yt-dlp  for how to manually pass cookies. Also see  https://github.com/yt-dlp/yt-dlp/wiki/Extractors#exporting-youtube-cookies  for tips on effectively exporting YouTube cookies,False
,TD BRICKS,,kids,lego kids,6.65,,I built a LEGO ARMY...,https://www.youtube.com/watch?v=X1KF9dhxOxc,X1KF9dhxOxc,ERROR: [youtube] X1KF9dhxOxc: Sign in to confirm you’re not a bot. Use --cookies-from-browser or --cookies for the authentication. See  https://github.com/yt-dlp/yt-dlp/wiki/FAQ#how-do-i-pass-cookies-to-yt-dlp  for how to manually pass cookies. Also see  https://github.com/yt-dlp/yt-dlp/wiki/Extractors#exporting-youtube-cookies  for tips on effectively exporting YouTube cookies,False
,LEgend GO,,kids,lego kids,6.39,,LEGO JURASSIC WORLD : RAPTOR PEN🦖4K 💥,https://www.youtube.com/watch?v=LYWX1OfF-QQ,LYWX1OfF-QQ,ERROR: [youtube] LYWX1OfF-QQ: Sign in to confirm you’re not a bot. Use --cookies-from-browser or --cookies for the authentication. See  https://github.com/yt-dlp/yt-dlp/wiki/FAQ#how-do-i-pass-cookies-to-yt-dlp  for how to manually pass cookies. Also see  https://github.com/yt-dlp/yt-dlp/wiki/Extractors#exporting-youtube-cookies  for tips on effectively exporting YouTube cookies,False
,Bricks UP,,kids,lego kids,7.07,,LEGO Dinosaurs: Turning LEGO Sprunki Characters into Dinosaurs! | Bricks UP,https://www.youtube.com/watch?v=mm2G9xG0s1I,mm2G9xG0s1I,ERROR: [youtube] mm2G9xG0s1I: Sign in to confirm you’re not a bot. Use --cookies-from-browser or --cookies for the authentication. See  https://github.com/yt-dlp/yt-dlp/wiki/FAQ#how-do-i-pass-cookies-to-yt-dlp  for how to manually pass cookies. Also see  https://github.com/yt-dlp/yt-dlp/wiki/Extractors#exporting-youtube-cookies  for tips on effectively exporting YouTube cookies,False
,VaniMani,,kids,lego kids,6.99,,One Color LEGO Room Challenge! Can the Kids Finish in One Hour?,https://www.youtube.com/watch?v=_Ipxj7SlZgY,_Ipxj7SlZgY,ERROR: [youtube] _Ipxj7SlZgY: This video is not available,False
,TD BRICKS,,kids,lego kids,7.19,,I built a LEGO MINECRAFT WORLD...,https://www.youtube.com/watch?v=JKH5_UyDgsQ,JKH5_UyDgsQ,ERROR: [youtube] JKH5_UyDgsQ: Sign in to confirm you’re not a bot. Use --cookies-from-browser or --cookies for the authentication. See  https://github.com/yt-dlp/yt-dlp/wiki/FAQ#how-do-i-pass-cookies-to-yt-dlp  for how to manually pass cookies. Also see  https://github.com/yt-dlp/yt-dlp/wiki/Extractors#exporting-youtube-cookies  for tips on effectively exporting YouTube cookies,False
,ellieV ,,kids,lego kids,7.7,,Bluey’s House now comes in LEGO bricks 🏡 build & review,https://www.youtube.com/watch?v=vq6uznLyFgA,vq6uznLyFgA,ERROR: [youtube] vq6uznLyFgA: Sign in to confirm you’re not a bot. Use --cookies-from-browser or --cookies for the authentication. See  https://github.com/yt-dlp/yt-dlp/wiki/FAQ#how-do-i-pass-cookies-to-yt-dlp  for how to manually pass cookies. Also see  https://github.com/yt-dlp/yt-dlp/wiki/Extractors#exporting-youtube-cookies  for tips on effectively exporting YouTube cookies,False
,Blitz Bricks,,kids,lego kids,7.49,,I Built a GIANT LEGO Zoo,https://www.youtube.com/watch?v=5FOhGf3cd7I,5FOhGf3cd7I,ERROR: [youtube] 5FOhGf3cd7I: Sign in to confirm you’re not a bot. Use --cookies-from-browser or --cookies for the authentication. See  https://github.com/yt-dlp/yt-dlp/wiki/FAQ#how-do-i-pass-cookies-to-yt-dlp  for how to manually pass cookies. Also see  https://github.com/yt-dlp/yt-dlp/wiki/Extractors#exporting-youtube-cookies  for tips on effectively exporting YouTube cookies,False
,TD BRICKS,,kids,lego kids,7.37,,$1 vs $1000 LEGO MYSTERY box...,https://www.youtube.com/watch?v=ustAcdkHNl4,ustAcdkHNl4,ERROR: [youtube] ustAcdkHNl4: Sign in to confirm you’re not a bot. Use --cookies-from-browser or --cookies for the authentication. See  https://github.com/yt-dlp/yt-dlp/wiki/FAQ#how-do-i-pass-cookies-to-yt-dlp  for how to manually pass cookies. Also see  https://github.com/yt-dlp/yt-dlp/wiki/Extractors#exporting-youtube-cookies  for tips on effectively exporting YouTube cookies,False
,TD BRICKS and ZHC,,kids,lego kids,7.68,,FAILED LEGO ITEMS...,https://www.youtube.com/watch?v=B98H1DZwcBk,B98H1DZwcBk,ERROR: [youtube] B98H1DZwcBk: Sign in to confirm you’re not a bot. Use --cookies-from-browser or --cookies for the authentication. See  https://github.com/yt-dlp/yt-dlp/wiki/FAQ#how-do-i-pass-cookies-to-yt-dlp  for how to manually pass cookies. Also see  https://github.com/yt-dlp/yt-dlp/wiki/Extractors#exporting-youtube-cookies  for tips on effectively exporting YouTube cookies,False
,Lego Auto Tech and Lego Tractor,,kids,lego kids,7.55,,Lego Technic Rescue Train 🚢 All Terrain Emergency Vehicle,https://www.youtube.com/watch?v=QRHetp-o9Ww,QRHetp-o9Ww,ERROR: [youtube] QRHetp-o9Ww: Sign in to confirm you’re not a bot. Use --cookies-from-browser or --cookies for the authentication. See  https://github.com/yt-dlp/yt-dlp/wiki/FAQ#how-do-i-pass-cookies-to-yt-dlp  for how to manually pass cookies. Also see  https://github.com/yt-dlp/yt-dlp/wiki/Extractors#exporting-youtube-cookies  for tips on effectively exporting YouTube cookies,False
,Mr. Bricks,,kids,lego kids,7.52,,ILLEGAL LEGO Items…,https://www.youtube.com/watch?v=FzMQYwN5UjQ,FzMQYwN5UjQ,ERROR: [youtube] FzMQYwN5UjQ: Sign in to confirm you’re not a bot. Use --cookies-from-browser or --cookies for the authentication. See  https://github.com/yt-dlp/yt-dlp/wiki/FAQ#how-do-i-pass-cookies-to-yt-dlp  for how to manually pass cookies. Also see  https://github.com/yt-dlp/yt-dlp/wiki/Extractors#exporting-youtube-cookies  for tips on effectively exporting YouTube cookies,False
,Genevieve's Playhouse - Learning Videos for Kids,,kids,lego kids,8.32,,Best Marble Maze Building Block Toy Learning Videos for Kids!,https://www.youtube.com/watch?v=QjeK3XADvRI,QjeK3XADvRI,ERROR: [youtube] QjeK3XADvRI: This video is not available,False
,ellieV ,,kids,lego kids,8.52,,Lego Friends Heartlake Hospital Part 1 Build Review Silly Play Kids Toys,https://www.youtube.com/watch?v=J5Gk3b0MLMg,J5Gk3b0MLMg,ERROR: [youtube] J5Gk3b0MLMg: This video is not available,False
,Ms Rachel - Toddler Learning Videos,,kids,animals for kids,8.11,,Toddler Learning with Ms Rachel - Learn Zoo Animals - Kids Songs - Educational Videos for Toddlers,https://www.youtube.com/watch?v=_Z0ZQT0FttM,_Z0ZQT0FttM,ERROR: [youtube] _Z0ZQT0FttM: This video is not available,False
,My Little Star English,,kids,animals for kids,7.0,,Animals for Kids 40 min Farm animal sound,https://www.youtube.com/watch?v=22xOBPlNKvY,22xOBPlNKvY,ERROR: [youtube] 22xOBPlNKvY: This video is not available,False
,Animalstooni,,kids,animals for kids,7.68,,Safari Animal Sounds Song | Nursery Rhyme for Kids - Learn Animal Names and Sounds,https://www.youtube.com/watch?v=Ifr0dKhM2Nw,Ifr0dKhM2Nw,ERROR: [youtube] Ifr0dKhM2Nw: This video is not available,False
,Smile and Learn - English,,kids,animals for kids,7.5,,"Wild animals, farm animals and aquatic animals for kids - Vocabulary for kids",https://www.youtube.com/watch?v=KQt3jVyME-k,KQt3jVyME-k,ERROR: [youtube] KQt3jVyME-k: This video is not available,False
,Fun Time With Soso,,kids,animals for kids,7.01,,Heaviest Land Animals For Kids | Soso's Toy Animals Come to Life!🦒🐘,https://www.youtube.com/watch?v=GWxo8CRoY6A,GWxo8CRoY6A,ERROR: [youtube] GWxo8CRoY6A: This video is not available,False
,Fun Kids English,,kids,animals for kids,7.44,,Farm Animals Vocabulary Chant for Children | Fun Kids English,https://www.youtube.com/watch?v=t1tSx5cI9eg,t1tSx5cI9eg,ERROR: [youtube] t1tSx5cI9eg: This video is not available,False
,Vlit Kids - Cartoons & Learning for Kids!,,kids,animals for kids,8.19,,100 Animals for Toddlers | Guess the Animal Names for Kids | Fun English Vocabulary Learning,https://www.youtube.com/watch?v=0m-8vygxbZc,0m-8vygxbZc,ERROR: [youtube] 0m-8vygxbZc: This video is not available,False
,Kiddopedia,,kids,animals for kids,6.99,,"ZOO ANIMALS Names and Sounds to Learn for Kids, Preschoolers and Kindergarten",https://www.youtube.com/watch?v=VTmd1bZ3e9s,VTmd1bZ3e9s,ERROR: [youtube] VTmd1bZ3e9s: This video is not available,False
,LittlekidsTV - Nursery Rhymes & Kids Songs,,kids,animals for kids,7.17,,Jungle Safari Animal Sounds 🐘 Safari Animals for Toddlers 🦒 LittleKidsTV ,https://www.youtube.com/watch?v=h8b9dT5BN2k,h8b9dT5BN2k,ERROR: [youtube] h8b9dT5BN2k: This video is not available,False
,Sheriff Labrador - Kids Cartoon,,kids,cartoons for kids,6.47,,Cardboard World | Learn Occupations | Pretend Play |Preschool Cartoon | Sheriff Labrador,https://www.youtube.com/watch?v=TPvTK-S_VR4,TPvTK-S_VR4,ERROR: [youtube] TPvTK-S_VR4: This video is not available,False
,Nomad Kids 3D cartoons,,kids,cartoons for kids,6.93,,Wheels on the Ambulance | Kids Songs by Nomad Kids Cartoon,https://www.youtube.com/watch?v=3_S8-wULmuw,3_S8-wULmuw,ERROR: [youtube] 3_S8-wULmuw: This video is not available,False
,★ Kids Roma Show,,kids,cartoons for kids,6.62,,1 Hour Car Stories for Kids 🚗,https://www.youtube.com/watch?v=sG8PtWaP5yI,sG8PtWaP5yI,ERROR: [youtube] sG8PtWaP5yI: This video is not available,False
,Cocomelon - Nursery Rhymes,,kids,cartoons for kids,6.86,,Humpty Dumpty Grocery Store | CoComelon Nursery Rhymes & Kids Songs,https://www.youtube.com/watch?v=hxOApe1P9dM,hxOApe1P9dM,ERROR: [youtube] hxOApe1P9dM: This video is not available,False
,✿ Kids Diana Show,,kids,cartoons for kids,6.77,,A Day in KidZania Dubai –  City of Professions for Kids!,https://www.youtube.com/watch?v=kIijwsrIGy8,kIijwsrIGy8,ERROR: [youtube] kIijwsrIGy8: This video is not available,False
,SpongeBob SquarePants Official,,kids,cartoons for kids,6.79,,4 HOURS of SpongeBob 🧽 | SpongeBob,https://www.youtube.com/watch?v=xRfwXBitjc8,xRfwXBitjc8,ERROR: [youtube] xRfwXBitjc8: This video is not available,False
,Curious George Official,,kids,cartoons for kids,6.62,,George Loves Bubble Baths 🐵 Curious George 🐵 Kids Cartoon 🐵 Kids Movies,https://www.youtube.com/watch?v=lHmPEalzFK0,lHmPEalzFK0,ERROR: [youtube] lHmPEalzFK0: This video is not available,False
,WB Kids,,kids,cartoons for kids,7.35,,"Classic Cartoon MARATHON 📺 | Tom & Jerry, Looney Tunes, and Scooby-Doo! MEGA COMP ⭐️ | @wbkids",https://www.youtube.com/watch?v=G2GhANSw9QY,G2GhANSw9QY,ERROR: [youtube] G2GhANSw9QY: This video is not available,False
,Masha and The Bear,,kids,cartoons for kids,7.15,,Masha and the Bear 2024 🎬 NEW EPISODE! 🎬 Best cartoon collection 🥔 Soup Pursuit 🥕🍲,https://www.youtube.com/watch?v=gEbbHlMXE9Y,gEbbHlMXE9Y,ERROR: [youtube] gEbbHlMXE9Y: This video is not available,False
,SquareWheels TV,,kids,cartoons for kids,7.45,,"Color Balls & Sing a Song! | Wheels On the Bus, Ten in the Bed | Baby Nursery Rhymes & Kids Songs",https://www.youtube.com/watch?v=68pnAMQSj4Y,68pnAMQSj4Y,ERROR: [youtube] 68pnAMQSj4Y: This video is not available,False
,Cartoon Network India,,kids,cartoons for kids,7.26,,Tom and Jerry 😺🐭| Keep Calm And Watch The Chaos 🫨| Best Animations😆| @cnindia​,https://www.youtube.com/watch?v=8uXh3_bt77M,8uXh3_bt77M,ERROR: [youtube] 8uXh3_bt77M: This video is not available,False
,School of Action,,kids,cartoons for kids,7.56,,The GREAT Ant Flu | Antiks 🐜 | Action Cartoons For Kids,https://www.youtube.com/watch?v=GQLvRuN6Vb0,GQLvRuN6Vb0,ERROR: [youtube] GQLvRuN6Vb0: This video is not available,False
,Bunya Toy Town,,kids,cartoons for kids,6.95,,BLUEY Get Well Routine | Lessons For Kids | Bluey Toys Pretend Play,https://www.youtube.com/watch?v=G66yxl_hnP8,G66yxl_hnP8,ERROR: [youtube] G66yxl_hnP8: This video is not available,False
,WildBrain Learning Lab,,kids,cartoons for kids,7.59,,Paw Patrol - Ghost Time | Cartoons for Kids | WildBrain Wonder,https://www.youtube.com/watch?v=I1J7Y-8dG_Y,I1J7Y-8dG_Y,ERROR: [youtube] I1J7Y-8dG_Y: This video is not available,False
,Nick,,kids,cartoons for kids,7.36,,Cartoon fun for kids | Old MacDonald Had a Farm | Nursery Rhymes for baby | Cartoon Nick,https://www.youtube.com/watch?v=OfqGTuWAdRE,OfqGTuWAdRE,ERROR: [youtube] OfqGTuWAdRE: This video is not available,False
,Pororo the Little Penguin,,kids,cartoons for kids,7.61,,Pororo English Episodes | Ep4. Happy Trip with Friends  | Kids Cartoons & Animation,https://www.youtube.com/watch?v=8g8GDLkdUeY,8g8GDLkdUeY,ERROR: [youtube] 8g8GDLkdUeY: This video is not available,False
,Lalafun - Nursery Rhymes,,kids,cartoons for kids,7.67,,Baby’s First Swing (The Green Grass Grew) + MORE Lalafun Nursery Rhymes & Kids Songs,https://www.youtube.com/watch?v=F74ieD0nTVU,F74ieD0nTVU,ERROR: [youtube] F74ieD0nTVU: This video is not available,False
,SuperKID,,kids,cartoons for kids,7.04,,Sherif Labrador  Dress Up & Learn Colors 🌈 Educational Cartoon for Kids,https://www.youtube.com/watch?v=L6XQtD57vMA,L6XQtD57vMA,ERROR: [youtube] L6XQtD57vMA: This video is not available,False
,Lalafun - Nursery Rhymes,,kids,cartoons for kids,7.5,,Train Choo Choo Song | Find the Animal + More Lalafun Nursery Rhymes & Kids Songs,https://www.youtube.com/watch?v=dZUq8hpKICY,dZUq8hpKICY,ERROR: [youtube] dZUq8hpKICY: This video is not available,False
,Chris kids show,,kids,cartoons for kids,7.68,,Kids Superheroes Training Day at School - Funny Adventures!,https://www.youtube.com/watch?v=N3Eh4a3PrZs,N3Eh4a3PrZs,ERROR: [youtube] N3Eh4a3PrZs: This video is not available,False
,Where's Chicky? - Cartoon in English,,kids,cartoons for kids,7.49,,Where's Chicky? Funny Chicky 2023 | COMPILATION | Cartoon in English for Kids | New episodes,https://www.youtube.com/watch?v=gSqCz4aiqSs,gSqCz4aiqSs,ERROR: [youtube] gSqCz4aiqSs: This video is not available,False
,RooRoo Monkey Songs,,kids,cartoons for kids,7.04,,"Sharing is Caring | Hey Baby Monkey, Can You Share Rainbow Popcorn? | Nursery Rhymes & Kids Songs",https://www.youtube.com/watch?v=ldhUtthGEWM,ldhUtthGEWM,ERROR: [youtube] ldhUtthGEWM: This video is not available,False
,BabyBus - Preschool Songs & Learning Cartoons,,kids,cartoons for kids,7.07,,Sports Challenge | Funny Stories | Safety Rules for Kids | Sheriff Labrador | Kids Cartoon | BabyBus,https://www.youtube.com/watch?v=1esdm7BU7uM,1esdm7BU7uM,ERROR: [youtube] 1esdm7BU7uM: This video is not available,False
,BabyBus - Preschool Songs & Learning Cartoons,,kids,cartoons for kids,6.67,,Ten Little Babies Boo Boo Song | Take Care of Babies | Nursery Rhyme & Kids Song | BabyBus,https://www.youtube.com/watch?v=akIrVWm0v48,akIrVWm0v48,ERROR: [youtube] akIrVWm0v48: This video is not available,False
,RooRoo Monkey Songs,,kids,cartoons for kids,6.92,,Poor Hamster! Little Monkey Saved Him From The Rain! | Animal Song | Nursery Rhymes & Kids Songs,https://www.youtube.com/watch?v=H1U8A8JoiS0,H1U8A8JoiS0,ERROR: [youtube] H1U8A8JoiS0: This video is not available,False
,Deen Kids TV - English,,kids,cartoons for kids,6.51,,The Muslim Boy | 🕌 Muffin Man Islamic Version | Islamic Nursery Rhymes for Kids | Muslim Kids Song,https://www.youtube.com/watch?v=-36bn1lOHpA,-36bn1lOHpA,ERROR: [youtube] -36bn1lOHpA: This video is not available,False
,First Toons,,kids,cartoons for kids,6.72,,Helper cars full episodes cartoons for kids. Street vehicles & car transporter. Racing cars for kids,https://www.youtube.com/watch?v=tUQKXHnZZH8,tUQKXHnZZH8,ERROR: [youtube] tUQKXHnZZH8: This video is not available,False
,Cocomelon - Nursery Rhymes,,kids,cartoons for kids,7.08,,Sharing Snacks Song + MORE CoComelon Nursery Rhymes & Animal Songs,https://www.youtube.com/watch?v=vWtLDytxr64,vWtLDytxr64,ERROR: [youtube] vWtLDytxr64: This video is not available,False
,Where's Chicky? - Cartoon in English,,kids,cartoons for kids,6.9,,Where's Chicky? Funny Chicky 2021 | THE BIG CITY | Chicky Cartoon in English for Kids,https://www.youtube.com/watch?v=G1Lxvkf4T9Y,G1Lxvkf4T9Y,ERROR: [youtube] G1Lxvkf4T9Y: This video is not available,False
,PAW Patrol Official & Friends,,kids,cartoons for kids,7.43,,Chase and Skye Rescue Missions and MORE - PAW Patrol - Cartoons for Kids,https://www.youtube.com/watch?v=z49MDlVGIfA,z49MDlVGIfA,ERROR: [youtube] z49MDlVGIfA: This video is not available,False
,Pingu - Official Channel,,kids,cartoons for kids,7.34,,Pingu Cooks His Favorite Meals 🐧 | Pingu - Official Channel | Cartoons For Kids,https://www.youtube.com/watch?v=YHv3R29-3qc,YHv3R29-3qc,ERROR: [youtube] YHv3R29-3qc: This video is not available,False
,Jungle Beat,,kids,cartoons for kids,7.11,,A Monster?! 😱 | Jungle Beat: Munki & Trunk | Full Episodes | Kids Cartoon 2024,https://www.youtube.com/watch?v=M6gWY5lS9KU,M6gWY5lS9KU,ERROR: [youtube] M6gWY5lS9KU: This video is not available,False
,Spin Kids After School,,kids,cartoons for kids,7.36,,Mighty Pups Stop a Rocket Ship Lighthouse 🚀+ More Cartoons for Kids | PAW Patrol Episodes,https://www.youtube.com/watch?v=i96eOkNwUbo,i96eOkNwUbo,ERROR: [youtube] i96eOkNwUbo: This video is not available,False
,Kids Cartoons and Nursery Rhymes - Little Angel,,kids,cartoons for kids,7.61,,Lollipop Song + More Little Angel Kids Songs & Nursery Rhymes,https://www.youtube.com/watch?v=bSQnmAsTJ1A,bSQnmAsTJ1A,ERROR: [youtube] bSQnmAsTJ1A: This video is not available,False
,Monster Police Kids Songs,,kids,cartoons for kids,7.68,,Monster Police 🚨 | Kids Songs & Nursery Rhymes with Baby Blue,https://www.youtube.com/watch?v=8anZWMbSv5U,8anZWMbSv5U,ERROR: [youtube] 8anZWMbSv5U: This video is not available,False
,Curious George Official,,kids,cartoons for kids,7.28,,George the Digger!  🐵 Curious George 🐵 Kids Cartoon 🐵 Kids Movies,https://www.youtube.com/watch?v=2TZ6z8plCzo,2TZ6z8plCzo,ERROR: [youtube] 2TZ6z8plCzo: This video is not available,False
,Oscar's Oasis Official,,kids,cartoons for kids,7.34,,Oscar's Love For Corn + More Oscar's Oasis Cartoons for Kids,https://www.youtube.com/watch?v=3easnWEGMvw,3easnWEGMvw,ERROR: [youtube] 3easnWEGMvw: This video is not available,False
,Melody Kids Tv 멜로디 키즈 티비,,kids,cartoons for kids,7.57,,Oh No! Cars Stuck in Trouble 🚚🚌🚑 Rescue by Tow Truck!! + More Nursery Rhymes & Kids Songs,https://www.youtube.com/watch?v=p0NHTth7tK8,p0NHTth7tK8,ERROR: [youtube] p0NHTth7tK8: This video is not available,False
,Choo Choo Train Kids Videos,,kids,cartoons for kids,7.17,,🔴 Police Train Chase | train cartoon | Kids Vehicle Cartoon,https://www.youtube.com/watch?v=sb_8mlvhjVw,sb_8mlvhjVw,ERROR: [youtube] sb_8mlvhjVw: This video is not available,False
,Mighty Mike,,kids,cartoons for kids,7.75,,Duchess in charge | Mighty Mike | 75' Compilation | Cartoon for Kids,https://www.youtube.com/watch?v=QZPXhjxy2HY,QZPXhjxy2HY,ERROR: [youtube] QZPXhjxy2HY: This video is not available,False
,Booba – Cartoon for Kids,,kids,cartoons for kids,7.51,,Booba - Danger Zone Rules ⚠️ Cartoon for kids,https://www.youtube.com/watch?v=-ZkHt5MENLk,-ZkHt5MENLk,ERROR: [youtube] -ZkHt5MENLk: This video is not available,False
,Booba – Cartoon for Kids,,kids,cartoons for kids,6.76,,Booba - Secret Room Maze 🚪 Cartoon for kids,https://www.youtube.com/watch?v=uzPgXaivUX8,uzPgXaivUX8,ERROR: [youtube] uzPgXaivUX8: This video is not available,False
,Super Toons for Kids,,kids,cartoons for kids,7.73,,Talking Tom 🐱 Master of Trash 😀 Cartoon for kids Kedoo ToonsTV,https://www.youtube.com/watch?v=il_93l4wj_0,il_93l4wj_0,ERROR: [youtube] il_93l4wj_0: This video is not available,False
,PAW Patrol Official & Friends,,kids,cartoons for kids,7.48,,Pups Save a Tyrannosaurus’ Birthday and MORE! - PAW Patrol - Cartoons for Kids,https://www.youtube.com/watch?v=ds5RDF17HAg,ds5RDF17HAg,ERROR: [youtube] ds5RDF17HAg: This video is not available,False
,WB Kids,,kids,cartoons for kids,7.46,,Tom & Jerry | Tom & Jerry in Full Screen | Classic Cartoon Compilation | WB Kids,https://www.youtube.com/watch?v=t0Q2otsqC4I,t0Q2otsqC4I,ERROR: [youtube] t0Q2otsqC4I: This video is not available,False
,Eli Kids - Cartoons & Songs,,kids,cartoons for kids,7.26,,What's Inside Mom's Belly!? +More | Eli Kids Songs & Nursery Rhymes,https://www.youtube.com/watch?v=FktY0UInwb0,FktY0UInwb0,ERROR: [youtube] FktY0UInwb0: This video is not available,False
,Sheriff Labrador - Kids Cartoon,,kids,cartoons for kids,6.97,,The Treehouse Hotel | Fun Science for Kids | Educational Cartoon | Sheriff Labrador,https://www.youtube.com/watch?v=a2tvwlDYagE,a2tvwlDYagE,ERROR: [youtube] a2tvwlDYagE: This video is not available,False
,coilbook™ | Learning For Children,,kids,cartoons for kids,6.85,,"Learn Letters, Chain Reactions, Physics, Recycling and more | 7 Cartoons with Max and Friends!",https://www.youtube.com/watch?v=ILPjPIFNsRA,ILPjPIFNsRA,ERROR: [youtube] ILPjPIFNsRA: This video is not available,False
,Read and Learn,,kids,phonics for children,6.87,,Learn To Read Short Sound Words  -- / A  E  I  O  U /  -- Phonics for Children  -- Practice Reading,https://www.youtube.com/watch?v=bI6x-4ysDDM,bI6x-4ysDDM,ERROR: [youtube] bI6x-4ysDDM: This video is not available,False
,sadaf's Learning Hub ,,kids,phonics for children,6.94,,Jolly Phonics letters sound ( a-z),https://www.youtube.com/watch?v=wDmDWi-JaAc,wDmDWi-JaAc,ERROR: [youtube] wDmDWi-JaAc: This video is not available,False
,Tora the Teacher,,kids,phonics for children,7.06,,ABC Phonics Chant for Children  |  Sounds and Actions from A to Z,https://www.youtube.com/watch?v=ChqnN3cKzXQ,ChqnN3cKzXQ,ERROR: [youtube] ChqnN3cKzXQ: This video is not available,False
,Yes! Neo – Kids Songs and Cartoons,,kids,phonics for children,7.35,,"Phonics Song, ABC Song | ABC in the Supermarket | Nursery Rhymes & Kids Songs | Yes! Neo",https://www.youtube.com/watch?v=pDoUeQ26EDU,pDoUeQ26EDU,ERROR: [youtube] pDoUeQ26EDU: This video is not available,False
,Tora the Teacher,,kids,phonics for children,7.61,,ABC Animals Phonics Chant for Children | Lowercase Letters | Sounds and Actions from A to Z,https://www.youtube.com/watch?v=n0OTGGiJPpE,n0OTGGiJPpE,ERROR: [youtube] n0OTGGiJPpE: This video is not available,False
,KidsTV123,,kids,phonics for children,6.86,,Phonics Song 2 (new version),https://www.youtube.com/watch?v=ffeZXPtTGC4,ffeZXPtTGC4,ERROR: [youtube] ffeZXPtTGC4: This video is not available,False
,Alphablocks,,kids,phonics for children,7.59,,I Can Read! | Phonics for Kids - Learn To Read | Alphablocks,https://www.youtube.com/watch?v=TudDmLIBH4c,TudDmLIBH4c,ERROR: [youtube] TudDmLIBH4c: This video is not available,False
,English Singsing,,kids,phonics for children,7.65,,English Phonics Story | A to Z for Children | Collection of Kindergarten Story,https://www.youtube.com/watch?v=mO2tQvrqYHk,mO2tQvrqYHk,ERROR: [youtube] mO2tQvrqYHk: This video is not available,False
,Kids Academy,,kids,phonics for children,7.25,,Learn to Read | Phonics for Kids | ELA Lessons for Kindergarten & Grade 1 | Kids Academy,https://www.youtube.com/watch?v=g0ghV1JoSig,g0ghV1JoSig,ERROR: [youtube] g0ghV1JoSig: This video is not available,False
,Alphablocks,,kids,phonics for children,7.36,,Awesome Alphabet | Phonics for Kids - Learn To Read | Alphablocks,https://www.youtube.com/watch?v=s7LjGDcXqcs,s7LjGDcXqcs,ERROR: [youtube] s7LjGDcXqcs: This video is not available,False
,The Singing Walrus - English Songs For Kids,,kids,phonics for children,7.06,,ABC Phonics Song | The Singing Walrus,https://www.youtube.com/watch?v=bNg-ZQligKQ,bNg-ZQligKQ,ERROR: [youtube] bNg-ZQligKQ: This video is not available,False
,Gracie's Corner,,kids,phonics for children,7.17,,Phonics Song | Letter Sounds by Gracie’s Corner | Nursery Rhymes + Kids Songs,https://www.youtube.com/watch?v=ptk68qC1woI,ptk68qC1woI,ERROR: [youtube] ptk68qC1woI: This video is not available,False
,Fat Cat Books English with Mike ,,kids,phonics for children,8.09,,"3 letter words phonics sound,Learn to read,at word family,first word,CVC,letters,#kidslearning,#kids",https://www.youtube.com/watch?v=uw1G9Un997Y,uw1G9Un997Y,ERROR: [youtube] uw1G9Un997Y: This video is not available,False
,kids hub,,kids,phonics for children,7.65,,Jolly Phonics with Actions | Learn Phonics Sounds A–Z | Phonics Reading,https://www.youtube.com/watch?v=oBqFarfe1RI,oBqFarfe1RI,ERROR: [youtube] oBqFarfe1RI: This video is not available,False
,Gracie's Corner,,kids,phonics for children,7.97,,Phonics Song 2 (Pure Letter Sounds) | Learning with Gracie’s Corner | Kids Songs + Nursery Rhymes,https://www.youtube.com/watch?v=1b_-7PtpjUY,1b_-7PtpjUY,ERROR: [youtube] 1b_-7PtpjUY: This video is not available,False
,Little Hues - Dancing Fruit Baby Sensory,,kids,phonics for children,7.33,,ABC Phonics Song | A for Apple | A to Z Nursery Rhymes | Baby Sensory Video for Visual Stimulation,https://www.youtube.com/watch?v=4yHYMl9QLBc,4yHYMl9QLBc,ERROR: [youtube] 4yHYMl9QLBc: This video is not available,False
,Homeschool Pop,,kids,phonics for children,7.15,,Phonics for Kids | Letter Sounds A–Z,https://www.youtube.com/watch?v=3HmR8whNJm4,3HmR8whNJm4,ERROR: [youtube] 3HmR8whNJm4: This video is not available,False
,Netflix Jr.,,kids,phonics for children,7.2,,Sing the Phonics Song with Ms. Rachel & Friends! 🎵 Ms. Rachel | Netflix Jr,https://www.youtube.com/watch?v=slD01a3_SMQ,slD01a3_SMQ,ERROR: [youtube] slD01a3_SMQ: This video is not available,False
,Cocomelon - Nursery Rhymes,,kids,phonics for children,7.23,,ABC Phonics Song | CoComelon Nursery Rhymes & Kids Songs,https://www.youtube.com/watch?v=wSSlwtED2Yg,wSSlwtED2Yg,ERROR: [youtube] wSSlwtED2Yg: This video is not available,False
,Kids Channel Preschool Nursery Rhymes,,kids,phonics for children,6.66,,Phonics Song | Alphabets Sound For Babies | Nursery Rhymes and Songs For Children | Learning Videos,https://www.youtube.com/watch?v=ehGj4TFYknw,ehGj4TFYknw,ERROR: [youtube] ehGj4TFYknw: This video is not available,False
,Have Fun Teaching,,kids,phonics for children,7.14,,Alphabet Song | ABC Song | Phonics Song,https://www.youtube.com/watch?v=36IBDpTRVNE,36IBDpTRVNE,ERROR: [youtube] 36IBDpTRVNE: This video is not available,False
,Alphablocks,,kids,phonics for children,6.68,,One Syllable Words | Phonics for Kids - Learn To Read | Alphablocks,https://www.youtube.com/watch?v=VxBEmaaSh1c,VxBEmaaSh1c,ERROR: [youtube] VxBEmaaSh1c: This video is not available,False
,ChuChu TV Nursery Rhymes & Kids Songs,,kids,phonics for children,6.34,,Phonics Song with TWO Words - A For Apple - ABC Alphabet Songs with Sounds for Children,https://www.youtube.com/watch?v=hq3yfQnllfQ,hq3yfQnllfQ,ERROR: [youtube] hq3yfQnllfQ: This video is not available,False
,Mrs Honey - Learning Videos,481,kids,phonics for children,7.73,Digraphs with Examples | learning Phonics | English lesson | Adult Phonics,Digraphs with Examples | learning Phonics | English lesson | Adult Phonics,https://www.youtube.com/watch?v=rn_ZB2tE8l4,rn_ZB2tE8l4,,True
,Rock 'N Learn,,kids,phonics for children,7.02,,ABC Phonics Song with Sounds for Children - Alphabet Song with Two Words for Each Letter,https://www.youtube.com/watch?v=tKsIi1MH4lw,tKsIi1MH4lw,ERROR: [youtube] tKsIi1MH4lw: This video is not available,False
,Super Simple ABCs,,kids,phonics for children,7.24,,ABC Quack | Super Simple ABCs | Kids Alphabet Songs,https://www.youtube.com/watch?v=I_3mbra4dHU,I_3mbra4dHU,ERROR: [youtube] I_3mbra4dHU: This video is not available,False
,Gracie's Corner,,kids,phonics for children,7.35,,"Phonics, Counting, Colors + More Kids Learning Songs & Nursery Rhymes | Gracie’s Corner Compilation",https://www.youtube.com/watch?v=g6CVApMxmqg,g6CVApMxmqg,ERROR: [youtube] g6CVApMxmqg: This video is not available,False
,Scratch Garden,,kids,phonics for children,7.09,,Digraphs! | Top Ten English Digraphs | Phonics are Fun!,https://www.youtube.com/watch?v=3BB6Xx6Pw6o,3BB6Xx6Pw6o,ERROR: [youtube] 3BB6Xx6Pw6o: This video is not available,False
,Cocomelon - Nursery Rhymes,,kids,phonics for children,7.12,,ABC SONG | ABC Songs for Children - 13 Alphabet Songs & 26 Videos,https://www.youtube.com/watch?v=_UR-l3QI2nE,_UR-l3QI2nE,ERROR: [youtube] _UR-l3QI2nE: This video is not available,False
,KidsTV123,,kids,phonics for children,7.53,,Phonics Song 2,https://www.youtube.com/watch?v=BELlZKpi1Zs,BELlZKpi1Zs,ERROR: [youtube] BELlZKpi1Zs: This video is not available,False
,Jack Hartmann Kids Music Channel,,kids,phonics for children,7.39,,"See It, Say It, Sign It | Letter Sounds | ASL Alphabet | Jack Hartmann",https://www.youtube.com/watch?v=WP1blVh1ZQM,WP1blVh1ZQM,ERROR: [youtube] WP1blVh1ZQM: This video is not available,False
,Little Fox - Kids Stories and Songs,,kids,phonics for children,7.21,,"Word Families 1 |  -at, -am, -an, -ad  | Phonics CVC Words for Kindergarten",https://www.youtube.com/watch?v=uVeEAFy1z68,uVeEAFy1z68,ERROR: [youtube] uVeEAFy1z68: This video is not available,False
,Bounce Patrol - Kids Songs,,kids,phonics for children,7.58,,"""Alphabet Transport"" - ABC Transportation Song for Kids | Learn Vehicles, Phonics and Alphabet ABCs",https://www.youtube.com/watch?v=zWss7p8DjVU,zWss7p8DjVU,ERROR: [youtube] zWss7p8DjVU: This video is not available,False
,Bounce Patrol - Kids Songs,,kids,phonics for children,7.8,,Animal Phonics Song 🐊 Learn the ABCs - Kids Alphabet Songs,https://www.youtube.com/watch?v=AEKIV5JG3HQ,AEKIV5JG3HQ,ERROR: [youtube] AEKIV5JG3HQ: This video is not available,False
,Super Quack - ABC Songs,,kids,phonics for children,7.23,,"ABC Song Phonics - Toddler Learning Video , A for Apple , Nursery Rhymes , Alphabet song , ABC TV",https://www.youtube.com/watch?v=6Ad5LRNekX0,6Ad5LRNekX0,ERROR: [youtube] 6Ad5LRNekX0: This video is not available,False
,Super Simple ABCs,,kids,phonics for children,7.2,,ABC Songs | Phonics Songs | Lowercase | ​​🌈 Super Simple ABCs,https://www.youtube.com/watch?v=EVTB8xIHWU0,EVTB8xIHWU0,ERROR: [youtube] EVTB8xIHWU0: This video is not available,False
,Alphablocks,,kids,phonics for children,7.99,,"Phonics - Learn to Read | Letters S, T, U | Alphablocks",https://www.youtube.com/watch?v=wSYGM1envlI,wSYGM1envlI,ERROR: [youtube] wSYGM1envlI: This video is not available,False
,ChuChu TV Nursery Rhymes & Kids Songs,,kids,phonics for children,7.93,,Phonics Song with Two Words + More ChuChu TV Nursery Rhymes & Toddler Videos - Two Hours Collection,https://www.youtube.com/watch?v=dkvvkaPzm7w,dkvvkaPzm7w,ERROR: [youtube] dkvvkaPzm7w: This video is not available,False
,Ms Rachel - Toddler Learning Videos,,kids,phonics for children,7.55,,Phonics Song + More Kids Songs & Nursery Rhymes - Learn Letter Sounds - Videos for Kids - Ms Rachel,https://www.youtube.com/watch?v=1v3Dk41C_10,1v3Dk41C_10,ERROR: [youtube] 1v3Dk41C_10: This video is not available,False
,Patty Shukla Kids TV - Children's songs,,kids,phonics for children,7.81,,Learn Phonics Song for Children (Official Video) Alphabet Song | Letter Sounds | Signing for babies,https://www.youtube.com/watch?v=R2frjzrC5Jg,R2frjzrC5Jg,ERROR: [youtube] R2frjzrC5Jg: This video is not available,False
,Bounce Patrol - Kids Songs,,kids,phonics for children,7.33,,"""Alphabet Animals"" - ABC Animals Song for Kids | Learn animals, phonics and the alphabet",https://www.youtube.com/watch?v=_Wp0vZnR_FM,_Wp0vZnR_FM,ERROR: [youtube] _Wp0vZnR_FM: This video is not available,False
,Cocobi Colors - Play & Learn,,kids,phonics for children,6.61,,Learn Alphabets with Cars! + More ABC Songs for Kids | Cocobi,https://www.youtube.com/watch?v=YwRCjhDsZ-o,YwRCjhDsZ-o,ERROR: [youtube] YwRCjhDsZ-o: This video is not available,False
,Peppa Pig - Nursery Rhymes and Kids Songs,,kids,phonics for children,6.81,,ABC Phonics Song | Letter Sounds with Peppa Pig | ABC Phonics Song for Children | Kids Songs,https://www.youtube.com/watch?v=50SqWU6yEK0,50SqWU6yEK0,ERROR: [youtube] 50SqWU6yEK0: This video is not available,False
,Kiddos World TV,,kids,phonics for children,6.7,,Learn to Read - 3-Letter Word - Letter Sound - Phonics for Kids,https://www.youtube.com/watch?v=jiEv6VTDt5c,jiEv6VTDt5c,ERROR: [youtube] jiEv6VTDt5c: This video is not available,False
,Mr. Bricks,,kids,lego kids,6.9,,I Built LEGO Gadgets for My Dog,https://www.youtube.com/watch?v=M0rpigx0At0,M0rpigx0At0,ERROR: [youtube] M0rpigx0At0: Sign in to confirm you’re not a bot. Use --cookies-from-browser or --cookies for the authentication. See  https://github.com/yt-dlp/yt-dlp/wiki/FAQ#how-do-i-pass-cookies-to-yt-dlp  for how to manually pass cookies. Also see  https://github.com/yt-dlp/yt-dlp/wiki/Extractors#exporting-youtube-cookies  for tips on effectively exporting YouTube cookies,False
,Little Marvel Kids,,kids,phonics for children,7.02,,A to Z Phonics Sounds for Toddlers | Phonics Song | ABC Song | Kindergarten Learning Song,https://www.youtube.com/watch?v=QAJT_yU_W3U,QAJT_yU_W3U,ERROR: [youtube] QAJT_yU_W3U: This video is not available,False
,Numberblocks,,kids,math for kids,6.88,,Addition! | Level 1 | Numberblocks,https://www.youtube.com/watch?v=G0Di8DP9f8w,G0Di8DP9f8w,ERROR: [youtube] G0Di8DP9f8w: This video is not available,False
,Numberblocks,,kids,math for kids,6.86,,Colourful Math For Kids! | Numberblocks 1 Hour Compilation | 123 - Numbers Cartoon For Kids,https://www.youtube.com/watch?v=6r3Eqtl3nDM,6r3Eqtl3nDM,ERROR: [youtube] 6r3Eqtl3nDM: This video is not available,False
,Quiz Kognito,,kids,math for kids,6.74,,Grade 1 Math Quiz | Fun Addition Practice for Kids ➕ Can You Solve These?,https://www.youtube.com/watch?v=ELou1ddUVns,ELou1ddUVns,ERROR: [youtube] ELou1ddUVns: This video is not available,False
,Numberblocks,,kids,math for kids,6.43,,Exciting football highlights | Learn to count | 30 mins of Maths for Kids | @Numberblocks,https://www.youtube.com/watch?v=7c51zFHrjec,7c51zFHrjec,ERROR: [youtube] 7c51zFHrjec: This video is not available,False
,Brain Candy TV,,kids,math for kids,6.97,,Learn Math for Kids | Adding with Monster Trucks by Brain Candy TV,https://www.youtube.com/watch?v=XPFSLhUHSX4,XPFSLhUHSX4,ERROR: [youtube] XPFSLhUHSX4: This video is not available,False
,Toddler Learning Videos For Kids - Lucas & Friends,,kids,math for kids,7.21,,Maths Kids By RV AppStudios [English],https://www.youtube.com/watch?v=pqLDVLf5vgU,pqLDVLf5vgU,ERROR: [youtube] pqLDVLf5vgU: This video is not available,False
,Numberblocks,,kids,math for kids,7.18,,First Grade Math Compilation ➕ | Counting for Kids | 1 Hour of Full Episodes | @Numberblocks,https://www.youtube.com/watch?v=jSL5WNcTtUs,jSL5WNcTtUs,ERROR: [youtube] jSL5WNcTtUs: This video is not available,False
,Numberblocks,,kids,math for kids,6.81,,Numberblocks Kindergarten Math Fun! | 1 Hour Compilation | 123 - Numbers Cartoon For Kids,https://www.youtube.com/watch?v=RFsRnR9fbf8,RFsRnR9fbf8,ERROR: [youtube] RFsRnR9fbf8: This video is not available,False
,Smile and Learn - English,,kids,math for kids,7.3,,Subtraction for kids - Learn how to subtract - Mathematics for kids -,https://www.youtube.com/watch?v=qM7B2nwpV1M,qM7B2nwpV1M,ERROR: [youtube] qM7B2nwpV1M: This video is not available,False
,Brain Candy TV,,kids,math for kids,7.12,,Learn Math for Kids | Subtracting with Monster Trucks by Brain Candy TV,https://www.youtube.com/watch?v=t6eqTn9Sapg,t6eqTn9Sapg,ERROR: [youtube] t6eqTn9Sapg: This video is not available,False
,Preschool Prep Company,,kids,math for kids,8.0,,Meet the Math Facts - Addition & Subtraction Level 2 (FREE) | Preschool Prep Company,https://www.youtube.com/watch?v=1SmwBwhvbFk,1SmwBwhvbFk,ERROR: [youtube] 1SmwBwhvbFk: This video is not available,False
,Maths About You,,kids,math for kids,7.43,,Addition by Counting on - Grade 1,https://www.youtube.com/watch?v=VScM8Z8Jls0,VScM8Z8Jls0,ERROR: [youtube] VScM8Z8Jls0: This video is not available,False
,Preschool Prep Company,,kids,math for kids,8.15,,Meet the Math Facts - Addition & Subtraction Level 3 (FREE) | Preschool Prep Company,https://www.youtube.com/watch?v=k9ZT2YWkLBI,k9ZT2YWkLBI,ERROR: [youtube] k9ZT2YWkLBI: This video is not available,False
,Quiz Blitz,,kids,math for kids,7.7,,"Can You Pass This Maths Quiz...? ➗✖️🧠 | Easy, Medium, Hard, Impossible | Quiz Blitz",https://www.youtube.com/watch?v=Calc3x13m-M,Calc3x13m-M,ERROR: [youtube] Calc3x13m-M: This video is not available,False
,Kids Math,,kids,math for kids,8.06,,20 Addition Quiz Exercises for Kids,https://www.youtube.com/watch?v=-XmuErIQe_o,-XmuErIQe_o,ERROR: [youtube] -XmuErIQe_o: This video is not available,False
,Quinn's Playhouse - Kids Learning Videos,,kids,math for kids,8.2,,"Best Learning Numbers, Shapes & Counting 1 - 10! Preschool Toddler Learning Toy Video",https://www.youtube.com/watch?v=7yDDSornHow,7yDDSornHow,ERROR: [youtube] 7yDDSornHow: This video is not available,False
,Smile and Learn - English,,kids,math for kids,7.91,,Addition for kids - Mathematics for kids with dinosaurs - Exercises,https://www.youtube.com/watch?v=pIcxGD0cZQw,pIcxGD0cZQw,ERROR: [youtube] pIcxGD0cZQw: This video is not available,False
,Blippi Playtime,,kids,math for kids,6.72,,Learn Maths With Blippi | Numbers and Counting For Kids | Educational Videos For Children,https://www.youtube.com/watch?v=dh1fqv8uiVY,dh1fqv8uiVY,ERROR: [youtube] dh1fqv8uiVY: This video is not available,False
,Kids Academy,,kids,math for kids,7.46,,Learn Addition up to 10 | Addition 1 to 9 | Math for Kindergarten & 1st Grade | Kids Academy,https://www.youtube.com/watch?v=tVHOBVAFjUw,tVHOBVAFjUw,ERROR: [youtube] tVHOBVAFjUw: This video is not available,False
,Baby Shark Classroom - Learning for Kids,,kids,math for kids,7.27,,Simple Counting for Kids! | 1+1=? | Learn Math Fun with Songs | 15-Minute Learning with Baby Shark,https://www.youtube.com/watch?v=6o1xJ5Sgavw,6o1xJ5Sgavw,ERROR: [youtube] 6o1xJ5Sgavw: This video is not available,False
,Danny Go!,,kids,math for kids,7.23,,"""Math Whiz!"" Addition Song  /// Danny Go! Kids Learning Songs for Kindergarten",https://www.youtube.com/watch?v=iLXNBiGJAGs,iLXNBiGJAGs,ERROR: [youtube] iLXNBiGJAGs: This video is not available,False
,educational corner,,kids,math for kids,7.62,,Big Numbers True or False Math Quiz for Kids | Educational Corner,https://www.youtube.com/watch?v=XUujjkC9mwA,XUujjkC9mwA,ERROR: [youtube] XUujjkC9mwA: This video is not available,False
,Noodle Kidz,,kids,math for kids,7.23,,Basic Math Addition For Kids | Noodle Kidz Pre-K and Kindergarten Educational Video,https://www.youtube.com/watch?v=mjlsSYLLOSE,mjlsSYLLOSE,ERROR: [youtube] mjlsSYLLOSE: This video is not available,False
,Scratch Garden,,kids,math for kids,7.03,,Social Emotional Learning in Math! | Mini Math Movies | Scratch Garden,https://www.youtube.com/watch?v=yIx1DplJMB4,yIx1DplJMB4,ERROR: [youtube] yIx1DplJMB4: This video is not available,False
,Scratch Garden,,kids,math for kids,7.22,,Counting! | Mini Math Movies | Scratch Garden,https://www.youtube.com/watch?v=mKSNQuQrsm0,mKSNQuQrsm0,ERROR: [youtube] mKSNQuQrsm0: This video is not available,False
,Preschool Prep Company,,kids,math for kids,6.76,,Meet the Math Facts - Addition & Subtraction Level 1 (FREE) | Preschool Prep Company,https://www.youtube.com/watch?v=8cR_1Qi-tP4,8cR_1Qi-tP4,ERROR: [youtube] 8cR_1Qi-tP4: This video is not available,False
,Numberblocks,,kids,math for kids,6.87,,Second Grade Math made fun! | Division compilation | 123 - Learn to Count | Numberblocks,https://www.youtube.com/watch?v=xJ5w5WQBhO0,xJ5w5WQBhO0,ERROR: [youtube] xJ5w5WQBhO0: This video is not available,False
,Numberblocks,,kids,math for kids,7.1,,Colourful Math | Full Episodes | Learn to Count - @Numberblocks,https://www.youtube.com/watch?v=mRjKu4QwrE4,mRjKu4QwrE4,ERROR: [youtube] mRjKu4QwrE4: This video is not available,False
,Brain Candy TV,,kids,math for kids,6.52,,Learn Multiplication with Dump Trucks | Math Video for Kids by Brain Candy TV,https://www.youtube.com/watch?v=OZYOhb98GWU,OZYOhb98GWU,ERROR: [youtube] OZYOhb98GWU: This video is not available,False
,The Fixies,,kids,math for kids,8.17,,Multiplication 𝐗 | The Fixies | Animation for Kids | #Math,https://www.youtube.com/watch?v=_zvGmj5_nQI,_zvGmj5_nQI,ERROR: [youtube] _zvGmj5_nQI: This video is not available,False
,Brain Candy TV,,kids,math for kids,7.24,,Math for Kids - Vehicle Bowling | Crash Course Math Ep 3 by Brain Candy TV,https://www.youtube.com/watch?v=lji1yIKToj4,lji1yIKToj4,ERROR: [youtube] lji1yIKToj4: This video is not available,False
,Numberblocks,,kids,math for kids,7.15,,🔢 Addition Special Level 5 🧮  | 30 minute Compilation | Numbers Cartoon for Kids | @Numberblocks,https://www.youtube.com/watch?v=XI6vDDO0-j4,XI6vDDO0-j4,ERROR: [youtube] XI6vDDO0-j4: This video is not available,False
,Homeschool Pop,,kids,math for kids,6.99,,Fractions for Kids – Full Lesson | Homeschool Pop Math,https://www.youtube.com/watch?v=5arM5wpCNUo,5arM5wpCNUo,ERROR: [youtube] 5arM5wpCNUo: This video is not available,False
,Seendal Kids,,kids,math for kids,7.82,,Learn to Add! 🌟 Easy Math's Addition for Kindergarten Students | Counting & Math Fun for Kids,https://www.youtube.com/watch?v=QPN479b95dI,QPN479b95dI,ERROR: [youtube] QPN479b95dI: This video is not available,False
,Numberblocks,,kids,math for kids,8.2,,36 minutes of the BIGGEST @Numberblocks Ever! | Maths for Kids,https://www.youtube.com/watch?v=nS6K8bBQagk,nS6K8bBQagk,ERROR: [youtube] nS6K8bBQagk: This video is not available,False
,Super Simple Songs - Kids Songs,,kids,math for kids,7.48,,Our Favorite Numbers Songs | Kids Songs | Super Simple Songs,https://www.youtube.com/watch?v=V_lgJgBbqWE,V_lgJgBbqWE,ERROR: [youtube] V_lgJgBbqWE: This video is not available,False
,TED,,kids,math for kids,7.66,,4 Steps to Unlock Your Kid's Math Potential | Shalinee Sharma | TED,https://www.youtube.com/watch?v=hg_xzFJ4ZAA,hg_xzFJ4ZAA,ERROR: [youtube] hg_xzFJ4ZAA: Sign in to confirm you’re not a bot. Use --cookies-from-browser or --cookies for the authentication. See  https://github.com/yt-dlp/yt-dlp/wiki/FAQ#how-do-i-pass-cookies-to-yt-dlp  for how to manually pass cookies. Also see  https://github.com/yt-dlp/yt-dlp/wiki/Extractors#exporting-youtube-cookies  for tips on effectively exporting YouTube cookies,False
,Numberblocks,,kids,math for kids,7.58,,Learn Addition and Subtraction Level 1 | Learn to Count | Maths Cartoons for Kids | Numberblocks,https://www.youtube.com/watch?v=ebQX7uQ6Zak,ebQX7uQ6Zak,ERROR: [youtube] ebQX7uQ6Zak: This video is not available,False
,WhizKids!,,kids,math for kids,7.1,,"Learn and Practice math Addition (plus) using fingers, for Kindergarten and Grade 1 kids",https://www.youtube.com/watch?v=OjviXeDf1ms,OjviXeDf1ms,ERROR: [youtube] OjviXeDf1ms: This video is not available,False
,Smile and Learn - English,,kids,math for kids,7.47,,Addition and Subtraction with Dinosaurs - Math for Kids - Math Operations,https://www.youtube.com/watch?v=igcoDFokKzU,igcoDFokKzU,ERROR: [youtube] igcoDFokKzU: This video is not available,False
,Homeschool Pop,,kids,math for kids,7.17,,Multiplication for Kids – Full Math Lesson | Homeschool Pop,https://www.youtube.com/watch?v=TKAhQ-9BQnw,TKAhQ-9BQnw,ERROR: [youtube] TKAhQ-9BQnw: This video is not available,False
,Numberblocks,,kids,math for kids,6.88,,Number Songs | Maths for Kids | Learn to Count | @Numberblocks,https://www.youtube.com/watch?v=mFpJyFphQps,mFpJyFphQps,ERROR: [youtube] mFpJyFphQps: This video is not available,False
,Jack Hartmann Kids Music Channel,,kids,math for kids,7.62,,Making Math Fun! | 30 Minutes of Fun Math Songs for Kids | Jack Hartmann,https://www.youtube.com/watch?v=epMLaI7TT38,epMLaI7TT38,ERROR: [youtube] epMLaI7TT38: This video is not available,False
,Scratch Garden,,kids,math for kids,7.13,,Adding & Subtracting! | Mini Math Movies | Scratch Garden,https://www.youtube.com/watch?v=7J1OkxuyLD0,7J1OkxuyLD0,ERROR: [youtube] 7J1OkxuyLD0: This video is not available,False
,AAtoons Kids,,kids,math for kids,6.89,,Counting Quiz for Kids | Quiz Time | Math Quiz for kids | Easy & Fun Math Quiz for Kids,https://www.youtube.com/watch?v=uE4Buhzs41Q,uE4Buhzs41Q,ERROR: [youtube] uE4Buhzs41Q: This video is not available,False
,Toys and Colors,,kids,math for kids,7.24,,Wendy Alex and Lyndon Learn Math & Numbers for the School Exam | Fun Kids Videos,https://www.youtube.com/watch?v=WcgV9qWE7qU,WcgV9qWE7qU,ERROR: [youtube] WcgV9qWE7qU: This video is not available,False
,AAtoons Kids,,kids,math for kids,7.29,,Math Quiz for Kids | One Digit Addition Quiz | Mental Math Quiz for Kids | Quiz Time,https://www.youtube.com/watch?v=ITOXb8K74is,ITOXb8K74is,ERROR: [youtube] ITOXb8K74is: This video is not available,False
,Scratch Garden,,kids,math for kids,6.99,,Fractions! | Mini Math Movies | Scratch Garden,https://www.youtube.com/watch?v=362JVVvgYPE,362JVVvgYPE,ERROR: [youtube] 362JVVvgYPE: This video is not available,False
,Numberblocks,,kids,math for kids,7.14,,Learn multiplication | 30 Minutes of Multiplication! | Maths for Kids | @Numberblocks,https://www.youtube.com/watch?v=pEbjmAsrOic,pEbjmAsrOic,ERROR: [youtube] pEbjmAsrOic: This video is not available,False
,Numberblocks,,kids,math for kids,6.84,,Fun First Grade Math 📐 | Counting for Kids | 12345 | @Numberblocks,https://www.youtube.com/watch?v=1ZDcByAHKt8,1ZDcByAHKt8,ERROR: [youtube] 1ZDcByAHKt8: This video is not available,False
,Brick Science,,kids,lego kids,7.0,,I Built the Pyramids in LEGO!,https://www.youtube.com/watch?v=P5Qfshfjer0,P5Qfshfjer0,ERROR: [youtube] P5Qfshfjer0: Sign in to confirm you’re not a bot. Use --cookies-from-browser or --cookies for the authentication. See  https://github.com/yt-dlp/yt-dlp/wiki/FAQ#how-do-i-pass-cookies-to-yt-dlp  for how to manually pass cookies. Also see  https://github.com/yt-dlp/yt-dlp/wiki/Extractors#exporting-youtube-cookies  for tips on effectively exporting YouTube cookies,False
,Alexander Studios,,kids,lego kids,6.63,,Lego Theme Park,https://www.youtube.com/watch?v=cMtPJz3UkCA,cMtPJz3UkCA,ERROR: [youtube] cMtPJz3UkCA: Sign in to confirm you’re not a bot. Use --cookies-from-browser or --cookies for the authentication. See  https://github.com/yt-dlp/yt-dlp/wiki/FAQ#how-do-i-pass-cookies-to-yt-dlp  for how to manually pass cookies. Also see  https://github.com/yt-dlp/yt-dlp/wiki/Extractors#exporting-youtube-cookies  for tips on effectively exporting YouTube cookies,False
,Lego Cooking,,kids,lego kids,7.32,,LEGO Rainbow Ice Cream 🍦🌈 Perfect Dessert Recipe,https://www.youtube.com/watch?v=QkmYpk5LRCA,QkmYpk5LRCA,ERROR: [youtube] QkmYpk5LRCA: Sign in to confirm you’re not a bot. Use --cookies-from-browser or --cookies for the authentication. See  https://github.com/yt-dlp/yt-dlp/wiki/FAQ#how-do-i-pass-cookies-to-yt-dlp  for how to manually pass cookies. Also see  https://github.com/yt-dlp/yt-dlp/wiki/Extractors#exporting-youtube-cookies  for tips on effectively exporting YouTube cookies,False
,TD BRICKS,,kids,lego kids,6.96,,KID vs ADULT LEGO builder...,https://www.youtube.com/watch?v=O9m-syPz8kE,O9m-syPz8kE,ERROR: [youtube] O9m-syPz8kE: Sign in to confirm you’re not a bot. Use --cookies-from-browser or --cookies for the authentication. See  https://github.com/yt-dlp/yt-dlp/wiki/FAQ#how-do-i-pass-cookies-to-yt-dlp  for how to manually pass cookies. Also see  https://github.com/yt-dlp/yt-dlp/wiki/Extractors#exporting-youtube-cookies  for tips on effectively exporting YouTube cookies,False
,ToysMyToys,,kids,lego kids,7.46,,Policeman builds a Super Car - Lego City,https://www.youtube.com/watch?v=1F3VKfcW6gk,1F3VKfcW6gk,ERROR: [youtube] 1F3VKfcW6gk: This video is not available,False
,TD BRICKS,,kids,lego kids,7.29,,POPULAR TECH in LEGO...,https://www.youtube.com/watch?v=6-66RDslFuk,6-66RDslFuk,ERROR: [youtube] 6-66RDslFuk: Sign in to confirm you’re not a bot. Use --cookies-from-browser or --cookies for the authentication. See  https://github.com/yt-dlp/yt-dlp/wiki/FAQ#how-do-i-pass-cookies-to-yt-dlp  for how to manually pass cookies. Also see  https://github.com/yt-dlp/yt-dlp/wiki/Extractors#exporting-youtube-cookies  for tips on effectively exporting YouTube cookies,False
,Ms Rachel - Toddler Learning Videos,,kids,preschool learning,6.93,,"Preschool Learning, Activities, and Songs - Learn at Home with Ms Rachel - Educational Videos",https://www.youtube.com/watch?v=icUL7bjce8c,icUL7bjce8c,ERROR: [youtube] icUL7bjce8c: This video is not available,False
,Brickcraft Studio,,kids,lego kids,7.64,,Unboxing Lego Extra SLIDE Secret Box at 3am - Slide Creature Hunting,https://www.youtube.com/watch?v=M5a7n_MLL_Y,M5a7n_MLL_Y,ERROR: [youtube] M5a7n_MLL_Y: Sign in to confirm you’re not a bot. Use --cookies-from-browser or --cookies for the authentication. See  https://github.com/yt-dlp/yt-dlp/wiki/FAQ#how-do-i-pass-cookies-to-yt-dlp  for how to manually pass cookies. Also see  https://github.com/yt-dlp/yt-dlp/wiki/Extractors#exporting-youtube-cookies  for tips on effectively exporting YouTube cookies,False
,ELF Kids Videos,,kids,preschool learning,7.26,,Learn Colors - Preschool Chant - Colors Song for Preschool by ELF Learning - ELF Kids Videos,https://www.youtube.com/watch?v=qhOTU8_1Af4,qhOTU8_1Af4,ERROR: [youtube] qhOTU8_1Af4: This video is not available,False
,Ms Rachel - Toddler Learning Videos,,kids,preschool learning,7.45,,"Learn Colors, Fruits and Vegetables with Ms Rachel | Toddler Learning Video | Speech | Educational",https://www.youtube.com/watch?v=TyV-OhCrVDA,TyV-OhCrVDA,ERROR: [youtube] TyV-OhCrVDA: This video is not available,False
,WOW ENGLISH,,kids,preschool learning,7.52,,"How to teach Kids  | from a Prague kindergarten, part 1 | English for Children",https://www.youtube.com/watch?v=NIk1-ck4c6Q,NIk1-ck4c6Q,ERROR: [youtube] NIk1-ck4c6Q: This video is not available,False
,Lah-Lah,,kids,preschool learning,6.92,,ABC Dinosaur Songs + More | Fun Dinosaur Learning Songs for Kids by Lah-Lah,https://www.youtube.com/watch?v=kn_-_2Vek_o,kn_-_2Vek_o,ERROR: [youtube] kn_-_2Vek_o: This video is not available,False
,Toddler Learning Videos For Kids - Lucas & Friends,,kids,preschool learning,7.39,,"Toddler Learning First Words, Colors, ABCs & Songs | Baby Learning Video with Lucas for Preschoolers",https://www.youtube.com/watch?v=WOn8gdKrZzY,WOn8gdKrZzY,ERROR: [youtube] WOn8gdKrZzY: This video is not available,False
,The Activity Learner,,kids,preschool learning,7.33,,"Sesame Street Learning Videos | Learn Colors, Shapes & More | Educational Videos For Toddlers",https://www.youtube.com/watch?v=5825SDYRFFg,5825SDYRFFg,ERROR: [youtube] 5825SDYRFFg: This video is not available,False
,ABC FUNWORLD,,kids,preschool learning,6.53,,"Best Learn Numbers, Shapes & Counting 1 - 10 | Preschool Toddler Learning Toy Videos",https://www.youtube.com/watch?v=y_rH7cllMbU,y_rH7cllMbU,ERROR: [youtube] y_rH7cllMbU: This video is not available,False
,ChupiChapa,,kids,preschool learning,7.36,,"Create & explore colors, Fruits & Shapes | kids Toddler fun video",https://www.youtube.com/watch?v=99ko-QPJ4uQ,99ko-QPJ4uQ,ERROR: [youtube] 99ko-QPJ4uQ: This video is not available,False
,Ms Rachel - Toddler Learning Videos,,kids,preschool learning,6.92,,"Learn Numbers, Colors, Counting and Shapes with Ms Rachel | Learning Videos for Toddlers in English",https://www.youtube.com/watch?v=hOHrqPI9bVk,hOHrqPI9bVk,ERROR: [youtube] hOHrqPI9bVk: This video is not available,False
,Genevieve's Playhouse - Learning Videos for Kids,,kids,preschool learning,7.24,,Preschool Learning Video with Lots of Fun Educational Toys!,https://www.youtube.com/watch?v=XobhUpv1ttg,XobhUpv1ttg,ERROR: [youtube] XobhUpv1ttg: This video is not available,False
,Ms Rachel - Toddler Learning Videos,,kids,preschool learning,6.93,,"Toddler Learning Video with Ms Rachel | 2 Year Old Milestones, Speech & Social Skills for Toddlers",https://www.youtube.com/watch?v=INYqyOPAP9Y,INYqyOPAP9Y,ERROR: [youtube] INYqyOPAP9Y: This video is not available,False
,Ms Rachel - Toddler Learning Videos,,kids,preschool learning,7.26,,Songs for Littles Christmas Movie | Toddler Learning Video | Preschool with Ms Rachel,https://www.youtube.com/watch?v=HsT3iI6dT5U,HsT3iI6dT5U,ERROR: [youtube] HsT3iI6dT5U: This video is not available,False
,Ms Rachel - Toddler Learning Videos,,kids,preschool learning,7.52,,"Preschool Videos - Halloween Songs for Kids - Circle Time for Preschoolers - Learning, Movement",https://www.youtube.com/watch?v=B7AuefmcT6A,B7AuefmcT6A,ERROR: [youtube] B7AuefmcT6A: This video is not available,False
,ChupiChapa,,kids,preschool learning,7.43,,Best discover ABC with Alphabet Game | Fun Letters Hunt with Toys | kids Toddler fun video,https://www.youtube.com/watch?v=pYdVe3cii_4,pYdVe3cii_4,ERROR: [youtube] pYdVe3cii_4: This video is not available,False
,Genevieve's Playhouse - Learning Videos for Kids,,kids,preschool learning,6.99,,Best Car Toy Learning Video for Toddlers - Preschool Educational Toy Vehicle Puzzle!,https://www.youtube.com/watch?v=8x7uqLJmtrQ,8x7uqLJmtrQ,ERROR: [youtube] 8x7uqLJmtrQ: This video is not available,False
,The Kiboomers - Kids Music Channel,,kids,preschool learning,7.24,,Going on a Bear Hunt - THE KIBOOMERS Preschool Songs for Circle Time,https://www.youtube.com/watch?v=5_ShP3fiEhU,5_ShP3fiEhU,ERROR: [youtube] 5_ShP3fiEhU: This video is not available,False
,Ms Rachel - Toddler Learning Videos,,kids,preschool learning,6.99,,"Learn with Ms Rachel - Friendship & Social Skills - Videos for Kids - Colors, Letters & Counting",https://www.youtube.com/watch?v=2dDpryw3z5w,2dDpryw3z5w,ERROR: [youtube] 2dDpryw3z5w: This video is not available,False
,Ms. B Early Education ,,kids,preschool learning,6.93,,"What's That Animal? 🌊🐋 Learn Ocean Animals Names & Sounds for Toddlers (First Words, ESL)",https://www.youtube.com/watch?v=gVeO940dpmo,gVeO940dpmo,ERROR: [youtube] gVeO940dpmo: This video is not available,False
,Genevieve's Playhouse - Learning Videos for Kids,,kids,preschool learning,7.82,,Best Learning Video for Toddlers Learn Colors with Crayon Surprises!,https://www.youtube.com/watch?v=9_WBQISVHnw,9_WBQISVHnw,ERROR: [youtube] 9_WBQISVHnw: This video is not available,False
,Super Simple Play with Caitie!,,kids,preschool learning,7.8,,"Colors, Colors, Colors! | Caitie's Classroom | Pre-K Education",https://www.youtube.com/watch?v=VpZrYTgdGvM,VpZrYTgdGvM,ERROR: [youtube] VpZrYTgdGvM: This video is not available,False
,Super Simple Songs - Kids Songs,,kids,preschool learning,7.87,,Make A Circle | Preschool Song | Super Simple Songs,https://www.youtube.com/watch?v=ALcL3MuU4xQ,ALcL3MuU4xQ,ERROR: [youtube] ALcL3MuU4xQ: This video is not available,False
,Koala Moon - Kids Bedtime Stories,,kids,storytime for kids,7.52,,The Sleepy Dreamcoaster 🎢 😴 Cozy Bedtime Story for Kids 🌙,https://www.youtube.com/watch?v=VS6YM5E57tk,VS6YM5E57tk,ERROR: [youtube] VS6YM5E57tk: This video is not available,False
,Hoots & Tales,,kids,storytime for kids,7.03,,"2+ Hours of Children’s Read Alouds | Stories by Leslie Patricelli, Mem Fox, Eric Carle & More",https://www.youtube.com/watch?v=5c0BH7f6HL4,5c0BH7f6HL4,ERROR: [youtube] 5c0BH7f6HL4: This video is not available,False
,Fairy Tales and Stories for Kids,,kids,storytime for kids,6.9,,Red Shoes and The Duck | Bedtime Stories for Kids in English | Fairy Tales,https://www.youtube.com/watch?v=l5FKpT7QxM0,l5FKpT7QxM0,ERROR: [youtube] l5FKpT7QxM0: This video is not available,False
,Koala Moon - Kids Bedtime Stories,,kids,storytime for kids,7.55,,Winnie The Pooh 🍯🐻 Classic Bedtime Story to Help Kids Sleep | Goodnight Bedtime Stories,https://www.youtube.com/watch?v=i0GjUma0434,i0GjUma0434,ERROR: [youtube] i0GjUma0434: This video is not available,False
,Choo Choo Train Kids Videos,,kids,cartoons for kids,7.15,,Choo Choo & Jimmy Save the Day | Train Stuck on Bridge Rescue Story for Kids | Fun Cartoon Adventure,https://www.youtube.com/watch?v=xPkDE99t_U0,xPkDE99t_U0,ERROR: [youtube] xPkDE99t_U0: This video is not available,False
,Hoots & Tales,,kids,storytime for kids,7.74,,1+ Hour of Animal Storybooks 🐾 | Kids Read Aloud Compilation with Fun Learning Reflections,https://www.youtube.com/watch?v=SkkHJS9_-Nk,SkkHJS9_-Nk,ERROR: [youtube] SkkHJS9_-Nk: This video is not available,False
,RooRoo Monkey Songs,,kids,cartoons for kids,6.94,,"Sharing is Caring | Baby Monkey, Do You Like to Share with Me? | Nursery Rhymes & Kids Songs",https://www.youtube.com/watch?v=ZNEG5x-puJY,ZNEG5x-puJY,ERROR: [youtube] ZNEG5x-puJY: This video is not available,False
,WB Kids,,kids,cartoons for kids,7.44,,Tom & Jerry | A Bit of Fresh Air! | Classic Cartoon Compilation | @WB Kids,https://www.youtube.com/watch?v=5oH9Nr3bKfw,5oH9Nr3bKfw,ERROR: [youtube] 5oH9Nr3bKfw: This video is not available,False
,My Fun Animal Friends,,kids,cartoons for kids,6.98,,Wheels on the bus +Baby Shark & More Popular @CoComelon Animal Cartoons for Kids | Funny Cartoons,https://www.youtube.com/watch?v=oeAdpUrkPA0,oeAdpUrkPA0,ERROR: [youtube] oeAdpUrkPA0: This video is not available,False
,Yes! Neo – Kids Songs and Cartoons,,kids,cartoons for kids,7.12,,"Learn Excavator, Loader, Crane Truck | Construction Trucks | Nursery Rhymes & Kids Songs | Yes! Neo",https://www.youtube.com/watch?v=W-3IXpGXW98,W-3IXpGXW98,ERROR: [youtube] W-3IXpGXW98: This video is not available,False
,★ Kids Roma Show,,kids,cartoons for kids,6.62,,Kids Become Superheroes and Save the Day!,https://www.youtube.com/watch?v=1YgKvcfge2U,1YgKvcfge2U,ERROR: [youtube] 1YgKvcfge2U: This video is not available,False
,✿ Kids Diana Show,,kids,cartoons for kids,7.12,,ABC Adventure - Learn the Alphabet for Kids,https://www.youtube.com/watch?v=FT_Kx8LO-SU,FT_Kx8LO-SU,ERROR: [youtube] FT_Kx8LO-SU: This video is not available,False
,School of Action,,kids,cartoons for kids,7.01,,Joey & Boo's High Wire Garden Adventure! | Antiks 🐜 | Action Cartoons For Kids,https://www.youtube.com/watch?v=5r4PMTXhWsA,5r4PMTXhWsA,ERROR: [youtube] 5r4PMTXhWsA: This video is not available,False
,First Toons,,kids,cartoons for kids,7.17,,Sing with Mocas - Little Monster Cars! The Ants Go Marching song for babies & more songs for kids.,https://www.youtube.com/watch?v=2R2F_ybDA48,2R2F_ybDA48,ERROR: [youtube] 2R2F_ybDA48: This video is not available,False
,Zay's Dino Rescue Squad,,kids,cartoons for kids,6.77,,Family Dino Jungle Escape 🦖🚁 Kids Story | 3D Cartoon for Toddlers Adventure,https://www.youtube.com/watch?v=FUdGuvJJcAM,FUdGuvJJcAM,ERROR: [youtube] FUdGuvJJcAM: This video is not available,False
,Billion Surprise Toys,,kids,cartoons for kids,7.04,,Baby Police Saves the School Bus | Dinosaur Chase | Kids Cartoon,https://www.youtube.com/watch?v=18vgIB31xVA,18vgIB31xVA,ERROR: [youtube] 18vgIB31xVA: This video is not available,False
,KIDS crafts,,kids,kids crafts,7.41,,How To Make Easy Paper jet Airplane  For Kids /  Craft Ideas / Paper Craft Easy / KIDS crafts,https://www.youtube.com/watch?v=oNroQ-V0EkA,oNroQ-V0EkA,ERROR: [youtube] oNroQ-V0EkA: This video is not available,False
,Kids Art & Craft,,kids,kids crafts,7.46,,Super Easy Craft Activities for you | DIY Creative Kids Crafts that ANYONE Can Make,https://www.youtube.com/watch?v=fwpJGwCnwtM,fwpJGwCnwtM,ERROR: [youtube] fwpJGwCnwtM: This video is not available,False
,5-Minute Crafts,,kids,kids crafts,7.14,,INCREDIBLE RAINBOW CRAFTS || Fantastic Room Makeover Ideas,https://www.youtube.com/watch?v=T2kfQY3IHxs,T2kfQY3IHxs,ERROR: [youtube] T2kfQY3IHxs: Sign in to confirm you’re not a bot. Use --cookies-from-browser or --cookies for the authentication. See  https://github.com/yt-dlp/yt-dlp/wiki/FAQ#how-do-i-pass-cookies-to-yt-dlp  for how to manually pass cookies. Also see  https://github.com/yt-dlp/yt-dlp/wiki/Extractors#exporting-youtube-cookies  for tips on effectively exporting YouTube cookies,False
,Crayola Create Kids,,kids,kids crafts,7.09,,Fun Crafts for Kids | DIY Activities for the Whole Family || Crayola Create,https://www.youtube.com/watch?v=_oRX6LwcU_8,_oRX6LwcU_8,ERROR: [youtube] _oRX6LwcU_8: This video is not available,False
,5-Minute Crafts,,kids,kids crafts,8.23,,COOL RAINBOW CRAFTS AND EASY ART IDEAS,https://www.youtube.com/watch?v=B8p1jQM0KjY,B8p1jQM0KjY,ERROR: [youtube] B8p1jQM0KjY: Sign in to confirm you’re not a bot. Use --cookies-from-browser or --cookies for the authentication. See  https://github.com/yt-dlp/yt-dlp/wiki/FAQ#how-do-i-pass-cookies-to-yt-dlp  for how to manually pass cookies. Also see  https://github.com/yt-dlp/yt-dlp/wiki/Extractors#exporting-youtube-cookies  for tips on effectively exporting YouTube cookies,False
,SmileToon Kids – Laugh & Fun,,kids,kids crafts,7.16,,📱 Let’s Create & Play! Easy Paper Crafts and More Kid Fun! 🎀,https://www.youtube.com/watch?v=ebwq7rw9WFE,ebwq7rw9WFE,ERROR: [youtube] ebwq7rw9WFE: This video is not available,False
,KIDS crafts,,kids,kids crafts,7.78,,How To Make Easy Paper House For Kids / Nursery Craft Ideas / Paper Craft Easy / KIDS crafts,https://www.youtube.com/watch?v=2hcLN7OXCF0,2hcLN7OXCF0,ERROR: [youtube] 2hcLN7OXCF0: This video is not available,False
,Baker Ross,,kids,kids crafts,7.69,,15 Quick & Easy Sensory Crafts For Kids,https://www.youtube.com/watch?v=Cih4U17ph8A,Cih4U17ph8A,ERROR: [youtube] Cih4U17ph8A: This video is not available,False
,SparkleToon,,kids,kids crafts,7.8,,"Let’s Explore Fun Kids Ideas! 🎨 Magic Markers, Silly Crafts and More! 😊 #KidsLearning",https://www.youtube.com/watch?v=CjGT_QFjaXI,CjGT_QFjaXI,ERROR: [youtube] CjGT_QFjaXI: This video is not available,False
,FriendToon - Create & Play,,kids,kids crafts,7.7,,🤏 BEST DIY Squishy Crafts For Kids EVER! ✨😍,https://www.youtube.com/watch?v=Qaf7aFWxqBo,Qaf7aFWxqBo,ERROR: [youtube] Qaf7aFWxqBo: This video is not available,False
,KIDS crafts,,kids,kids crafts,7.03,,How To Make Easy Paper Cat For Kids / Nursery Craft Ideas / Paper Craft Easy / KIDS crafts,https://www.youtube.com/watch?v=uhfq_95kwwo,uhfq_95kwwo,ERROR: [youtube] uhfq_95kwwo: Sign in to confirm you’re not a bot. Use --cookies-from-browser or --cookies for the authentication. See  https://github.com/yt-dlp/yt-dlp/wiki/FAQ#how-do-i-pass-cookies-to-yt-dlp  for how to manually pass cookies. Also see  https://github.com/yt-dlp/yt-dlp/wiki/Extractors#exporting-youtube-cookies  for tips on effectively exporting YouTube cookies,False
,Fun Caboodle,,kids,kids crafts,7.08,,Bluey and Bingo DIY Squishies with Squishy Maker! Crafts for Kids,https://www.youtube.com/watch?v=J4Ag0vCy9P0,J4Ag0vCy9P0,ERROR: [youtube] J4Ag0vCy9P0: This video is not available,False
,5-Minute Crafts,,kids,kids crafts,7.63,,DIY FIDGET TOYS 😍✨IS THIS THE MOST SATISFYING SLIME EVER? 💙🍏,https://www.youtube.com/watch?v=qzj2dIEuxxs,qzj2dIEuxxs,ERROR: [youtube] qzj2dIEuxxs: Sign in to confirm you’re not a bot. Use --cookies-from-browser or --cookies for the authentication. See  https://github.com/yt-dlp/yt-dlp/wiki/FAQ#how-do-i-pass-cookies-to-yt-dlp  for how to manually pass cookies. Also see  https://github.com/yt-dlp/yt-dlp/wiki/Extractors#exporting-youtube-cookies  for tips on effectively exporting YouTube cookies,False
,LittleFlip Zoo – Explore & Smile,,kids,kids crafts,7.22,,🌈 BEST Rainbow Crafts For Kids EVER! 😍✨,https://www.youtube.com/watch?v=XAFKT18IHEA,XAFKT18IHEA,ERROR: [youtube] XAFKT18IHEA: This video is not available,False
,5-Minute Crafts,,kids,kids crafts,6.67,,17 COLORFUL CRAFTS FOR BORING DAYS,https://www.youtube.com/watch?v=XU2i3_QoRNA,XU2i3_QoRNA,ERROR: [youtube] XU2i3_QoRNA: Sign in to confirm you’re not a bot. Use --cookies-from-browser or --cookies for the authentication. See  https://github.com/yt-dlp/yt-dlp/wiki/FAQ#how-do-i-pass-cookies-to-yt-dlp  for how to manually pass cookies. Also see  https://github.com/yt-dlp/yt-dlp/wiki/Extractors#exporting-youtube-cookies  for tips on effectively exporting YouTube cookies,False
,Crayola Create Kids,,kids,kids crafts,6.98,,Fun Winter Hygiene Crafts for Kids ☃️ Stay Healthy & Happy!,https://www.youtube.com/watch?v=l39OPP1MvKc,l39OPP1MvKc,ERROR: [youtube] l39OPP1MvKc: This video is not available,False
,Kids Art & Craft,,kids,kids crafts,7.31,,Colorful DIY Crafts For Boring Days | Easy and Creative Crafts for Kids to Do at Home,https://www.youtube.com/watch?v=n2H74jYuz78,n2H74jYuz78,ERROR: [youtube] n2H74jYuz78: This video is not available,False
,Girl Crafts,,kids,kids crafts,7.15,,"100 DIY - EASY LIFE HACKS AND DIY PROJECTS YOU CAN DO IN 5 MINUTES - ROOM DECOR, PHONE CASE and more",https://www.youtube.com/watch?v=aUYpPS1SRmc,aUYpPS1SRmc,ERROR: [youtube] aUYpPS1SRmc: Sign in to confirm you’re not a bot. Use --cookies-from-browser or --cookies for the authentication. See  https://github.com/yt-dlp/yt-dlp/wiki/FAQ#how-do-i-pass-cookies-to-yt-dlp  for how to manually pass cookies. Also see  https://github.com/yt-dlp/yt-dlp/wiki/Extractors#exporting-youtube-cookies  for tips on effectively exporting YouTube cookies,False
,5-Minute Crafts,,kids,kids crafts,7.33,,Brighten Your School Day with These Rainbow DIYs! 🌈✂️,https://www.youtube.com/watch?v=8x4PyC-rjLg,8x4PyC-rjLg,ERROR: [youtube] 8x4PyC-rjLg: Sign in to confirm you’re not a bot. Use --cookies-from-browser or --cookies for the authentication. See  https://github.com/yt-dlp/yt-dlp/wiki/FAQ#how-do-i-pass-cookies-to-yt-dlp  for how to manually pass cookies. Also see  https://github.com/yt-dlp/yt-dlp/wiki/Extractors#exporting-youtube-cookies  for tips on effectively exporting YouTube cookies,False
,Crayola Create Kids,,kids,kids crafts,7.47,,Creative Drawing Tricks for Kids | DIY Fun Art Hacks and Colorful Ideas || Crayola Create,https://www.youtube.com/watch?v=FoJqyVAD-s8,FoJqyVAD-s8,ERROR: [youtube] FoJqyVAD-s8: This video is not available,False
,Crayola Create Kids,,kids,kids crafts,7.8,,Easy Way to Organize Your Desk 🖥️ | Back to School Crafts for Kids,https://www.youtube.com/watch?v=yLW_GWSIQlQ,yLW_GWSIQlQ,ERROR: [youtube] yLW_GWSIQlQ: This video is not available,False
,5-Minute Crafts,,kids,kids crafts,7.1,,GENIUS SUMMER HACKS || Best Ideas For Crafty Parents,https://www.youtube.com/watch?v=nDtqGRYGeHI,nDtqGRYGeHI,ERROR: [youtube] nDtqGRYGeHI: Sign in to confirm you’re not a bot. Use --cookies-from-browser or --cookies for the authentication. See  https://github.com/yt-dlp/yt-dlp/wiki/FAQ#how-do-i-pass-cookies-to-yt-dlp  for how to manually pass cookies. Also see  https://github.com/yt-dlp/yt-dlp/wiki/Extractors#exporting-youtube-cookies  for tips on effectively exporting YouTube cookies,False
,Crayola Create Kids,,kids,kids crafts,7.73,,Creative Back to School Crafts for Kids | Crayola Create,https://www.youtube.com/watch?v=wFkJw_hqWSg,wFkJw_hqWSg,ERROR: [youtube] wFkJw_hqWSg: This video is not available,False
,"SLICK SLIME SAM - DIY, Comedy, Science",,kids,kids crafts,7.81,,3 INSANELY COOL CRAFTS FOR ARTSY KIDS,https://www.youtube.com/watch?v=rhjfo1ZXw_g,rhjfo1ZXw_g,ERROR: [youtube] rhjfo1ZXw_g: This video is not available,False
,Meekah - Educational Videos for Kids,,kids,kids crafts,7.41,,Meekah & Blippi's Art & Crafts Marathon! | Educational Videos for Kids,https://www.youtube.com/watch?v=pGC1GjH4T8k,pGC1GjH4T8k,ERROR: [youtube] pGC1GjH4T8k: This video is not available,False
,5-Minute Crafts,,kids,kids crafts,7.33,,I TURNED SCHOOL SUPPLIES INTO FIDGETS! 🤯 Genius Back To School DIYs! 🔥,https://www.youtube.com/watch?v=hFz_ERoUOAw,hFz_ERoUOAw,ERROR: [youtube] hFz_ERoUOAw: Sign in to confirm you’re not a bot. Use --cookies-from-browser or --cookies for the authentication. See  https://github.com/yt-dlp/yt-dlp/wiki/FAQ#how-do-i-pass-cookies-to-yt-dlp  for how to manually pass cookies. Also see  https://github.com/yt-dlp/yt-dlp/wiki/Extractors#exporting-youtube-cookies  for tips on effectively exporting YouTube cookies,False
,5-Minute Crafts,,kids,kids crafts,8.03,,"DIY SQUISHIES FROM HOUSEHOLD ITEMS! 🏠 Easy Hacks, No Special Tools! 🤯",https://www.youtube.com/watch?v=nmY8QpLkmXs,nmY8QpLkmXs,ERROR: [youtube] nmY8QpLkmXs: Sign in to confirm you’re not a bot. Use --cookies-from-browser or --cookies for the authentication. See  https://github.com/yt-dlp/yt-dlp/wiki/FAQ#how-do-i-pass-cookies-to-yt-dlp  for how to manually pass cookies. Also see  https://github.com/yt-dlp/yt-dlp/wiki/Extractors#exporting-youtube-cookies  for tips on effectively exporting YouTube cookies,False
,Slick Slime Sam's Maker World,,kids,kids crafts,7.24,,Transform Your Doll Into A Mermaid Princess! Magic Crafts for Kids✨by Slick Slime Sam's Maker World,https://www.youtube.com/watch?v=0lEYACn3cjg,0lEYACn3cjg,ERROR: [youtube] 0lEYACn3cjg: This video is not available,False
,Crayola Create Kids,,kids,kids crafts,7.4,,Colorful Rainbow Crafts for Kids | Creative Family Fun!,https://www.youtube.com/watch?v=pb9A46ThZCk,pb9A46ThZCk,ERROR: [youtube] pb9A46ThZCk: This video is not available,False
,Fun Caboodle,,kids,kids crafts,8.21,,"DIY Micro Crafts Kits! Globe, Terrarium, Unicorn With Encanto Mirabel",https://www.youtube.com/watch?v=G9g4taUbvSg,G9g4taUbvSg,ERROR: [youtube] G9g4taUbvSg: This video is not available,False
,Our Upcycled Life,,kids,kids crafts,8.14,,Mind-Blowing DIY Crafts Your Kids Will Actually Love,https://www.youtube.com/watch?v=Stc14mprrV0,Stc14mprrV0,ERROR: [youtube] Stc14mprrV0: This video is not available,False
,Gabby's Dollhouse,,kids,kids crafts,8.12,,6 Gabby Crafts You Can Do At Home! 🧶🎨 30 Minutes of Kids Arts & Crafts | GABBY'S DOLLHOUSE,https://www.youtube.com/watch?v=0nLWOyWjres,0nLWOyWjres,ERROR: [youtube] 0nLWOyWjres: This video is not available,False
,5-Minute Crafts PLAY,,kids,kids crafts,7.2,,16 CREATIVE DRAWING HACKS,https://www.youtube.com/watch?v=xSsdnC896pU,xSsdnC896pU,ERROR: [youtube] xSsdnC896pU: This video is not available,False
,K10's Crafternoon- Safe & Educational Kids Crafts!,,kids,kids crafts,7.56,,Easy Crafts for Kids with NO GLUE! - 30 MIN COMPILATION,https://www.youtube.com/watch?v=FXsZhVdoOaY,FXsZhVdoOaY,ERROR: [youtube] FXsZhVdoOaY: This video is not available,False
,5-Minute Crafts,,kids,kids crafts,7.42,,💕 MAKE RAINBOW CRAFTS WITH POLYMER CLAY! Fun & Easy DIY Ideas 🧁🌈,https://www.youtube.com/watch?v=0xA4p8YctuE,0xA4p8YctuE,ERROR: [youtube] 0xA4p8YctuE: Sign in to confirm you’re not a bot. Use --cookies-from-browser or --cookies for the authentication. See  https://github.com/yt-dlp/yt-dlp/wiki/FAQ#how-do-i-pass-cookies-to-yt-dlp  for how to manually pass cookies. Also see  https://github.com/yt-dlp/yt-dlp/wiki/Extractors#exporting-youtube-cookies  for tips on effectively exporting YouTube cookies,False
,5-Minute Crafts,,kids,kids crafts,6.92,,Rainbow hacks and crafts || Colorful DIY Ideas for Everyone,https://www.youtube.com/watch?v=dPmFTthgAI8,dPmFTthgAI8,ERROR: [youtube] dPmFTthgAI8: Sign in to confirm you’re not a bot. Use --cookies-from-browser or --cookies for the authentication. See  https://github.com/yt-dlp/yt-dlp/wiki/FAQ#how-do-i-pass-cookies-to-yt-dlp  for how to manually pass cookies. Also see  https://github.com/yt-dlp/yt-dlp/wiki/Extractors#exporting-youtube-cookies  for tips on effectively exporting YouTube cookies,False
,5-Minute Crafts,,kids,kids crafts,7.79,,Can You Make These DIY Fidget & Squishy Crafts Under 5 Minutes? 🧸💡,https://www.youtube.com/watch?v=11uO7pgFZnk,11uO7pgFZnk,ERROR: [youtube] 11uO7pgFZnk: Sign in to confirm you’re not a bot. Use --cookies-from-browser or --cookies for the authentication. See  https://github.com/yt-dlp/yt-dlp/wiki/FAQ#how-do-i-pass-cookies-to-yt-dlp  for how to manually pass cookies. Also see  https://github.com/yt-dlp/yt-dlp/wiki/Extractors#exporting-youtube-cookies  for tips on effectively exporting YouTube cookies,False
,Crayola Create Kids,,kids,kids crafts,6.91,,"Backyard Camping Crafts for Kids ⛺🌿 | DIY Tent, Art & Campfire Fun!",https://www.youtube.com/watch?v=7BBdGJxTqp8,7BBdGJxTqp8,ERROR: [youtube] 7BBdGJxTqp8: This video is not available,False
,5-Minute Crafts,,kids,kids crafts,6.61,,🪐 NEW DIY FIDGETS 🌀💜 Fun Stress-Relieving Craft Ideas 💫,https://www.youtube.com/watch?v=A4pl4m6NzGQ,A4pl4m6NzGQ,ERROR: [youtube] A4pl4m6NzGQ: Sign in to confirm you’re not a bot. Use --cookies-from-browser or --cookies for the authentication. See  https://github.com/yt-dlp/yt-dlp/wiki/FAQ#how-do-i-pass-cookies-to-yt-dlp  for how to manually pass cookies. Also see  https://github.com/yt-dlp/yt-dlp/wiki/Extractors#exporting-youtube-cookies  for tips on effectively exporting YouTube cookies,False
,5-Minute Crafts,,kids,kids crafts,6.81,,🌈 CUTE FIDGETS YOU NEED TO TRY! 💕 Satisfying Crafts for Stress Relief,https://www.youtube.com/watch?v=jADyekutdRc,jADyekutdRc,ERROR: [youtube] jADyekutdRc: Sign in to confirm you’re not a bot. Use --cookies-from-browser or --cookies for the authentication. See  https://github.com/yt-dlp/yt-dlp/wiki/FAQ#how-do-i-pass-cookies-to-yt-dlp  for how to manually pass cookies. Also see  https://github.com/yt-dlp/yt-dlp/wiki/Extractors#exporting-youtube-cookies  for tips on effectively exporting YouTube cookies,False
,5-Minute Crafts,,kids,kids crafts,6.86,,🤩 Cool Fidget DIYs to Make at Home & More Creative Crafts! 🎨💕,https://www.youtube.com/watch?v=JTIiSvqjr44,JTIiSvqjr44,ERROR: [youtube] JTIiSvqjr44: Sign in to confirm you’re not a bot. Use --cookies-from-browser or --cookies for the authentication. See  https://github.com/yt-dlp/yt-dlp/wiki/FAQ#how-do-i-pass-cookies-to-yt-dlp  for how to manually pass cookies. Also see  https://github.com/yt-dlp/yt-dlp/wiki/Extractors#exporting-youtube-cookies  for tips on effectively exporting YouTube cookies,False
,SmileToon Kids – Laugh & Fun,,kids,kids crafts,7.18,,"😊 Easy Kids Crafts Time! DIY Toys, Games & More Fun! 🌊",https://www.youtube.com/watch?v=GT5IhRvHp04,GT5IhRvHp04,ERROR: [youtube] GT5IhRvHp04: This video is not available,False
,Fun Caboodle,,kids,kids crafts,7.38,,Bluey Pumpkin Painting and Decorating Ideas Without Carving! DIY Crafts for Kids,https://www.youtube.com/watch?v=7WM2S2fSYYE,7WM2S2fSYYE,ERROR: [youtube] 7WM2S2fSYYE: This video is not available,False
,SmileToon Kids – Laugh & Fun,,kids,kids crafts,7.54,,⏰ Wow! 😍 Fun DIY Crafts for Kids! Easy Cup Ideas And More! 🌈,https://www.youtube.com/watch?v=rfPbyighWfY,rfPbyighWfY,ERROR: [youtube] rfPbyighWfY: This video is not available,False
,Crayola Create Kids,,kids,kids crafts,7.43,,Beach Day to Craft Day! 🐚 Easy Summer Art Projects for Kids,https://www.youtube.com/watch?v=cmpwkkN6c7U,cmpwkkN6c7U,ERROR: [youtube] cmpwkkN6c7U: This video is not available,False
,Mukta Art & Craft,,kids,kids crafts,7.76,,10 Easy craft ideas/ miniature craft /Paper craft/ how to make /DIY/school project/Mukta Art & Craft,https://www.youtube.com/watch?v=JWNByqPQpqE,JWNByqPQpqE,ERROR: [youtube] JWNByqPQpqE: Sign in to confirm you’re not a bot. Use --cookies-from-browser or --cookies for the authentication. See  https://github.com/yt-dlp/yt-dlp/wiki/FAQ#how-do-i-pass-cookies-to-yt-dlp  for how to manually pass cookies. Also see  https://github.com/yt-dlp/yt-dlp/wiki/Extractors#exporting-youtube-cookies  for tips on effectively exporting YouTube cookies,False
,5-Minute Crafts,,kids,kids crafts,7.32,,🍉 EASY GLUE GUN HACKS & CRAFTS FOR HOME & SCHOOL! 🏠📚,https://www.youtube.com/watch?v=ASBmjA02k5M,ASBmjA02k5M,ERROR: [youtube] ASBmjA02k5M: Sign in to confirm you’re not a bot. Use --cookies-from-browser or --cookies for the authentication. See  https://github.com/yt-dlp/yt-dlp/wiki/FAQ#how-do-i-pass-cookies-to-yt-dlp  for how to manually pass cookies. Also see  https://github.com/yt-dlp/yt-dlp/wiki/Extractors#exporting-youtube-cookies  for tips on effectively exporting YouTube cookies,False
,Easy Kids Craft,,kids,kids crafts,7.78,,DIY School Crafts | Back to School Craft for Kids,https://www.youtube.com/watch?v=yrGda5ConAg,yrGda5ConAg,ERROR: [youtube] yrGda5ConAg: This video is not available,False
,5-Minute Crafts,,kids,kids crafts,7.81,,RAINBOW CRAFTS TO BRIGHTEN YOUR SCHOOL DAYS 🌈🎒,https://www.youtube.com/watch?v=3Ojk9xbCHBs,3Ojk9xbCHBs,ERROR: [youtube] 3Ojk9xbCHBs: Sign in to confirm you’re not a bot. Use --cookies-from-browser or --cookies for the authentication. See  https://github.com/yt-dlp/yt-dlp/wiki/FAQ#how-do-i-pass-cookies-to-yt-dlp  for how to manually pass cookies. Also see  https://github.com/yt-dlp/yt-dlp/wiki/Extractors#exporting-youtube-cookies  for tips on effectively exporting YouTube cookies,False
,5-Minute Crafts,,kids,kids crafts,7.9,,☀️ Summer Ideas Every Parent Needs to Know!,https://www.youtube.com/watch?v=7IFsyY_93Js,7IFsyY_93Js,ERROR: [youtube] 7IFsyY_93Js: Sign in to confirm you’re not a bot. Use --cookies-from-browser or --cookies for the authentication. See  https://github.com/yt-dlp/yt-dlp/wiki/FAQ#how-do-i-pass-cookies-to-yt-dlp  for how to manually pass cookies. Also see  https://github.com/yt-dlp/yt-dlp/wiki/Extractors#exporting-youtube-cookies  for tips on effectively exporting YouTube cookies,False
,Blippi - Educational Videos for Kids,,kids,educational videos for children,7.86,,Blippi Visits The Aquarium | Educational Fish and Animals for Kids and Toddlers,https://www.youtube.com/watch?v=2fOWFfpLYW0,2fOWFfpLYW0,ERROR: [youtube] 2fOWFfpLYW0: This video is not available,False
,✿ Kids Diana Show,,kids,educational videos for children,7.54,,Oliver at the Safari! Fun & Educational Adventures for Kids,https://www.youtube.com/watch?v=uCYJVRupJ9k,uCYJVRupJ9k,ERROR: [youtube] uCYJVRupJ9k: This video is not available,False
,Toddler Learning Videos For Kids - Lucas & Friends,,kids,educational videos for children,8.41,,Learn Colors For Kids | What Color Is It? | Educational Video For Babies & Toddlers To Learn Colors,https://www.youtube.com/watch?v=fAoAV6nTrEs,fAoAV6nTrEs,ERROR: [youtube] fAoAV6nTrEs: This video is not available,False
,Ms Rachel - Toddler Learning Videos,,kids,educational videos for children,8.12,,"Learning Videos for Toddlers | Animal Sounds, Farm Animals, Learn Colors, Numbers, Words | Speech",https://www.youtube.com/watch?v=559QxICEleA,559QxICEleA,ERROR: [youtube] 559QxICEleA: This video is not available,False
,Toddler Learning Videos For Kids - Lucas & Friends,,kids,educational videos for children,8.21,,"Toddler Learning Counting, Shapes, ABC, First Words For Kids, Toddler Videos & Baby Songs With Lucas",https://www.youtube.com/watch?v=noCiE_1YRJo,noCiE_1YRJo,ERROR: [youtube] noCiE_1YRJo: This video is not available,False
,The Soft Roots,,kids,educational videos for children,7.23,,Preschool Learning activities for 3 year olds at home | Learn ABC Phonics Shapes Numbers Colors 🌈,https://www.youtube.com/watch?v=B-Mqdd1qq6g,B-Mqdd1qq6g,ERROR: [youtube] B-Mqdd1qq6g: Sign in to confirm you’re not a bot. Use --cookies-from-browser or --cookies for the authentication. See  https://github.com/yt-dlp/yt-dlp/wiki/FAQ#how-do-i-pass-cookies-to-yt-dlp  for how to manually pass cookies. Also see  https://github.com/yt-dlp/yt-dlp/wiki/Extractors#exporting-youtube-cookies  for tips on effectively exporting YouTube cookies,False
,Little Fox - Kids Stories and Songs,,kids,educational videos for children,7.45,,"Meet the Animals 44 min | Shark, Alligator, Cheetah, Fox, Bear, Gorilla | Educational Videos",https://www.youtube.com/watch?v=ctQfCUY1CdA,ctQfCUY1CdA,ERROR: [youtube] ctQfCUY1CdA: This video is not available,False
,edubuzzkids,,kids,educational videos for children,7.35,,Learn Colors with Soccer Balls Xylophone Toy Wooden Hammer Street Vehicles - Educational Videos,https://www.youtube.com/watch?v=lZ1N-1pTajU,lZ1N-1pTajU,ERROR: [youtube] lZ1N-1pTajU: This video is not available,False
,Toys and Colors,,kids,educational videos for children,7.33,,Ellie Eva & Eric Learn Science with Balloon Pop Experiments for Kids,https://www.youtube.com/watch?v=4IIAIvPjHWA,4IIAIvPjHWA,ERROR: [youtube] 4IIAIvPjHWA: This video is not available,False
,KidsCamp Nursery Rhymes & Learning Videos for Kids,,kids,educational videos for children,6.97,,Best Learning Videos for Toddlers | Learning Colors and Shapes for Kids with Wooden Truck Toy,https://www.youtube.com/watch?v=5ajRc-YvLhg,5ajRc-YvLhg,ERROR: [youtube] 5ajRc-YvLhg: This video is not available,False
,Blippi - Educational Videos for Kids,,kids,educational videos for children,6.86,,Blippi Learns Colors & Letters For Kids With Clay | Educational Videos For Kids,https://www.youtube.com/watch?v=HJLNtge8jv4,HJLNtge8jv4,ERROR: [youtube] HJLNtge8jv4: This video is not available,False
,Blippi - Educational Videos for Kids,,kids,educational videos for children,6.56,,Learn With Blippi At The Discovery Children's Museum | Educational Videos for Kids,https://www.youtube.com/watch?v=L96V9lOo8ec,L96V9lOo8ec,ERROR: [youtube] L96V9lOo8ec: This video is not available,False
,Like Nastya Show,,kids,educational videos for children,6.7,,Nastya and Dad - the best video collection of educational videos for kids,https://www.youtube.com/watch?v=tVJGMP96_zo,tVJGMP96_zo,ERROR: [youtube] tVJGMP96_zo: This video is not available,False
,Brain Candy TV,,kids,educational videos for children,7.23,,"Learning Collection for Kids | Vol 4 | Counting, Patterns, Dinosaurs and More!",https://www.youtube.com/watch?v=VLEhno3-P4I,VLEhno3-P4I,ERROR: [youtube] VLEhno3-P4I: This video is not available,False
,Atrin and Soren with Nikan,,kids,educational videos for children,7.16,,Educational Video for Kids | Animal Video for Kids | Atrin & Soren Explore and Learn Animal Homes,https://www.youtube.com/watch?v=YLmTvwjJ9qo,YLmTvwjJ9qo,ERROR: [youtube] YLmTvwjJ9qo: This video is not available,False
,Blippi Playtime,,kids,educational videos for children,7.06,,Blippi Learns Jungle Animals | Animals For Kids | Educational Videos For Children,https://www.youtube.com/watch?v=a_xxkhtUonk,a_xxkhtUonk,ERROR: [youtube] a_xxkhtUonk: This video is not available,False
,Peekaboo Kidz,,kids,educational videos for children,7.23,,Natural Disasters compilation | The Dr. Binocs Show | Best Learning Videos For Kids | Peekaboo Kidz,https://www.youtube.com/watch?v=HaEmIakO7f4,HaEmIakO7f4,ERROR: [youtube] HaEmIakO7f4: This video is not available,False
,Blippi - Educational Videos for Kids,,kids,educational videos for children,7.28,,Learning With Blippi At An Indoor Playground For Kids | Educational Videos For Toddlers,https://www.youtube.com/watch?v=LLsqo5THFAE,LLsqo5THFAE,ERROR: [youtube] LLsqo5THFAE: This video is not available,False
,Blippi Playtime,,kids,educational videos for children,7.63,,Learn Food For Kids | Blippi And The Chocolate Factory | Educational Videos For Children,https://www.youtube.com/watch?v=COIw9e834Ag,COIw9e834Ag,ERROR: [youtube] COIw9e834Ag: This video is not available,False
,coilbook™ | Learning For Children,,kids,educational videos for children,7.74,,Learn to Count with Max the Glow Train and Team | The Amazing Water Adventure,https://www.youtube.com/watch?v=NrX9To4bjFk,NrX9To4bjFk,ERROR: [youtube] NrX9To4bjFk: This video is not available,False
,Ms Rachel - Toddler Learning Videos,,kids,educational videos for children,8.11,,Learning with Ms Rachel | Learn Words and Colors for Toddlers | Educational Kids Videos | Animals,https://www.youtube.com/watch?v=yBj9Qlpwjcs,yBj9Qlpwjcs,ERROR: [youtube] yBj9Qlpwjcs: This video is not available,False
,Super Crazy Kids,,kids,educational videos for children,7.71,,"Baby Learning Colors, Shapes, Numbers, Alphabet, Fruits, Veggies, Dinosaurs & Animals - 60 Min",https://www.youtube.com/watch?v=ibwyHihda6A,ibwyHihda6A,ERROR: [youtube] ibwyHihda6A: This video is not available,False
,Peekaboo Kidz,,kids,educational videos for children,8.14,,Best Learning Videos For Kids | The Dr.Binocs Show | Fun Learning Videos For Kids | By Peekaboo Kids,https://www.youtube.com/watch?v=OTuph9pJWU4,OTuph9pJWU4,ERROR: [youtube] OTuph9pJWU4: This video is not available,False
,Ms Rachel - Toddler Learning Videos,,kids,educational videos for children,8.33,,First Sentences for Toddlers | Learn to Talk | Toddler Speech Delay | Speech Practice Video English,https://www.youtube.com/watch?v=-1DYsiKC7b4,-1DYsiKC7b4,ERROR: [youtube] -1DYsiKC7b4: This video is not available,False
,Toddler Learning Videos For Kids - Lucas & Friends,,kids,educational videos for children,8.43,,ABC Flashcards for Toddlers | Babies First Words & ABCD Alphabets for Kids by RV AppStudios,https://www.youtube.com/watch?v=p-kAI-qOeJA,p-kAI-qOeJA,ERROR: [youtube] p-kAI-qOeJA: This video is not available,False
,Twinkle stories - Making Kids Smarter ,,kids,educational videos for children,7.99,,Parts of Body | Body Parts Name | Learning videos for kids | First words for babies | English vocab,https://www.youtube.com/watch?v=NUMz00m8ySk,NUMz00m8ySk,ERROR: [youtube] NUMz00m8ySk: This video is not available,False
,Toddler Learning Videos For Kids - Lucas & Friends,,kids,educational videos for children,8.46,,Toddler Learning Video With Lucas & Friends | Fun Educational Video for Toddlers To Learn New Words,https://www.youtube.com/watch?v=50HbumBoe1Q,50HbumBoe1Q,ERROR: [youtube] 50HbumBoe1Q: This video is not available,False
,Diana and Roma EN,,kids,educational videos for children,7.88,,Diana and Roma - the best educational stories for children,https://www.youtube.com/watch?v=OMRASCzuqH8,OMRASCzuqH8,ERROR: [youtube] OMRASCzuqH8: This video is not available,False
,Kiddos World TV,,kids,educational videos for children,8.38,,Learn Sea Animal Names - Ocean Animal Videos - Sea Animal Puzzle for Kids,https://www.youtube.com/watch?v=gc0XkB_jH0k,gc0XkB_jH0k,ERROR: [youtube] gc0XkB_jH0k: This video is not available,False
,Toddler Learning Videos For Kids - Lucas & Friends,,kids,educational videos for children,7.96,,Baby Learning First Words | Learn to Talk For Babies | Toddler Videos & Songs With Lucas & Friends,https://www.youtube.com/watch?v=XhSvTHsNtVg,XhSvTHsNtVg,ERROR: [youtube] XhSvTHsNtVg: This video is not available,False
,Blippi World,,kids,educational videos for children,7.61,,Blippi Learns and Plays with Colors! | Toys and Shapes | Educational Videos for Kids,https://www.youtube.com/watch?v=IUnGsvqHXP0,IUnGsvqHXP0,ERROR: [youtube] IUnGsvqHXP0: This video is not available,False
,Diana and Roma PHL,,kids,educational videos for children,7.39,,"Learn numbers, shapes, colors with Oliver | Educational videos for kids",https://www.youtube.com/watch?v=PhMa7ZthMBc,PhMa7ZthMBc,ERROR: [youtube] PhMa7ZthMBc: This video is not available,False
,Blippi - Educational Videos for Kids,,kids,educational videos for children,7.34,,Learning With Blippi At Kinderland Indoor Playground For Kids | Educational Videos For Toddlers,https://www.youtube.com/watch?v=Gh-XKNuvvC4,Gh-XKNuvvC4,ERROR: [youtube] Gh-XKNuvvC4: This video is not available,False
,Super Quack - ABC Songs,,kids,phonics for children,7.34,,"ABC Phonics Cocomelon , abc song nursery rhymes phonics , A for Apple , A to Z Phonics Sounds TV",https://www.youtube.com/watch?v=fEIjRsFh2Pg,fEIjRsFh2Pg,ERROR: [youtube] fEIjRsFh2Pg: This video is not available,False
,Super Quack - ABC Songs,,kids,phonics for children,7.19,,"ABC Phonics Song , Number Song , Toddlers , Babies , Nursery Rhymes , Colour Song , Shapes song, 123",https://www.youtube.com/watch?v=wIvLMYiRsRU,wIvLMYiRsRU,ERROR: [youtube] wIvLMYiRsRU: This video is not available,False
,★ Kids Roma Show,,kids,phonics for children,7.68,,Roma and Diana learn the alphabet / ABC song,https://www.youtube.com/watch?v=NvdUSZyCGRs,NvdUSZyCGRs,ERROR: [youtube] NvdUSZyCGRs: This video is not available,False
,Bob The Train - Sing Along Nursery Rhymes,,kids,phonics for children,7.4,,The Phonics Song + More Preschool Learning Videos And Children Songs,https://www.youtube.com/watch?v=IPr_Ay-7aT0,IPr_Ay-7aT0,ERROR: [youtube] IPr_Ay-7aT0: This video is not available,False
,ABC Junior Junction,,kids,phonics for children,7.85,,ABC Kid's Song / Phonics Song / Kiddos Study Zone / Tiny Tots / Kinder Book /Kidzee Rhymes #abcdsong,https://www.youtube.com/watch?v=2JW-ah1KmGE,2JW-ah1KmGE,ERROR: [youtube] 2JW-ah1KmGE: This video is not available,False
,Kids ABCD School ,,kids,phonics for children,7.39,,"ABC Song Phonics, Transportation Song, ABC Song, Alphabet Educational Song A to Z for kids",https://www.youtube.com/watch?v=N_Lo1i512Vo,N_Lo1i512Vo,ERROR: [youtube] N_Lo1i512Vo: This video is not available,False
,Ms Rachel - Toddler Learning Videos,,kids,phonics for children,7.52,,ABC Song - The Alphabet - ABCs & 123s - Phonics - Kids Songs & Nursery Rhymes for Children,https://www.youtube.com/watch?v=b051ktudQDQ,b051ktudQDQ,ERROR: [youtube] b051ktudQDQ: This video is not available,False
,Alphablocks,,kids,phonics for children,7.67,,The Ultimate A to Z Learn-A-Thon 📖✏️ | Learn to Read | Alphablocks,https://www.youtube.com/watch?v=9HKbQ1QyLaU,9HKbQ1QyLaU,ERROR: [youtube] 9HKbQ1QyLaU: This video is not available,False
,Yes! Neo – Kids Songs and Cartoons,,kids,phonics for children,8.24,,"Learn ABC in the Supermarket | Phonics Song, ABC Song | Nursery Rhymes & Kids Songs | Yes! Neo",https://www.youtube.com/watch?v=gCsY6CIez1Y,gCsY6CIez1Y,ERROR: [youtube] gCsY6CIez1Y: This video is not available,False
,ABC SONG'S ,,kids,phonics for children,8.42,,ABC Phonics Song | A is for Apple | ABC Song for Kids | Alphabet Song | Nursery Rhymes | Baby Song,https://www.youtube.com/watch?v=Ypz3bsr6SZc,Ypz3bsr6SZc,ERROR: [youtube] Ypz3bsr6SZc: This video is not available,False
,Little Marvel Kids,,kids,phonics for children,8.46,,Phonics Song for Kids,https://www.youtube.com/watch?v=sHd1TX0IZV8,sHd1TX0IZV8,ERROR: [youtube] sHd1TX0IZV8: This video is not available,False
,CBeebies,,kids,phonics for children,8.58,,Learn the Alphabet Sounds with Yakka Dee - A-L | CBeebies #phonics,https://www.youtube.com/watch?v=FjtyU_KNits,FjtyU_KNits,ERROR: [youtube] FjtyU_KNits: This video is not available,False
,Dave and Ava - Nursery Rhymes and Baby Songs,,kids,phonics for children,8.61,,The Phonics Song | ABC Song Collection | YouTube Nursery Rhymes from Dave and Ava,https://www.youtube.com/watch?v=KThdffor42g,KThdffor42g,ERROR: [youtube] KThdffor42g: This video is not available,False
,Fun Caboodle,,kids,kids crafts,8.52,,Gabby's Dollhouse DIY Color Changing Nail Polish Custom! Crafts for Kids with Pandy Paws,https://www.youtube.com/watch?v=qlRQLnSsAyY,qlRQLnSsAyY,ERROR: [youtube] qlRQLnSsAyY: This video is not available,False
,JollyToon World – Fun & Magic,,kids,kids crafts,8.22,,🌈 MOST Colorful Crafts A Kid Can Make! ✨😍,https://www.youtube.com/watch?v=LJLWfUzHVCo,LJLWfUzHVCo,ERROR: [youtube] LJLWfUzHVCo: This video is not available,False
,KIDS crafts,,kids,kids crafts,7.62,,How To Make Easy Paper Sword Toy  For Kids / Nursery Craft Ideas / Paper Craft Easy / KIDS crafts,https://www.youtube.com/watch?v=hBQRJGlOsGI,hBQRJGlOsGI,ERROR: [youtube] hBQRJGlOsGI: This video is not available,False
,Rainybow Kids,,kids,kids crafts,8.72,,Creating & Making Pretend Ice Creams with Creative Dough,https://www.youtube.com/watch?v=HlB5mWo-hvs,HlB5mWo-hvs,ERROR: [youtube] HlB5mWo-hvs: This video is not available,False
,PlayToon Land – Fun Adventure,,kids,kids crafts,8.11,,"Amazing Crafts I Made, Cute Creations, and More Kids Activities 🎨",https://www.youtube.com/watch?v=F_Yv63bWu9o,F_Yv63bWu9o,ERROR: [youtube] F_Yv63bWu9o: This video is not available,False
,ChupiChapa,,kids,kids crafts,8.88,,Making Animals with Clay 🐢🐬🐙 Fun Kids Craft,https://www.youtube.com/watch?v=0jHz8UfqX2o,0jHz8UfqX2o,ERROR: [youtube] 0jHz8UfqX2o: This video is not available,False
,SparkleToon,,kids,kids crafts,7.95,,📚 Yay 😄 Let's Craft Easy and Cute DIY for Kids! ✂️,https://www.youtube.com/watch?v=snCDvPOy-34,snCDvPOy-34,ERROR: [youtube] snCDvPOy-34: This video is not available,False
,Girl Crafts BOOM,,kids,kids crafts,7.49,,15 DIY Super Fidget Toys - Pop It and Stress Relief Toys - Viral TikTok Videos #fidget #diy #popit,https://www.youtube.com/watch?v=y8W_b6AMvys,y8W_b6AMvys,ERROR: [youtube] y8W_b6AMvys: Sign in to confirm you’re not a bot. Use --cookies-from-browser or --cookies for the authentication. See  https://github.com/yt-dlp/yt-dlp/wiki/FAQ#how-do-i-pass-cookies-to-yt-dlp  for how to manually pass cookies. Also see  https://github.com/yt-dlp/yt-dlp/wiki/Extractors#exporting-youtube-cookies  for tips on effectively exporting YouTube cookies,False
,SmileToon Kids – Laugh & Fun,,kids,kids crafts,7.26,,"🍬 Fun DIY Tricks & Sweet Ideas for Kids! Crafts, Games and More!",https://www.youtube.com/watch?v=GowMfUqJg_I,GowMfUqJg_I,ERROR: [youtube] GowMfUqJg_I: This video is not available,False
,123 Easy Paper Crafts DIY,,kids,kids crafts,7.61,,Amazing Paper Snake - Moving paper toys,https://www.youtube.com/watch?v=ws6BR741ios,ws6BR741ios,ERROR: [youtube] ws6BR741ios: Sign in to confirm you’re not a bot. Use --cookies-from-browser or --cookies for the authentication. See  https://github.com/yt-dlp/yt-dlp/wiki/FAQ#how-do-i-pass-cookies-to-yt-dlp  for how to manually pass cookies. Also see  https://github.com/yt-dlp/yt-dlp/wiki/Extractors#exporting-youtube-cookies  for tips on effectively exporting YouTube cookies,False
,Mukta Art & Craft,,kids,kids crafts,7.53,,10 Easy craft ideas/ miniature craft /Paper craft/ how to make /DIY/school project/Mukta Art & Craft,https://www.youtube.com/watch?v=f830MfsX_0g,f830MfsX_0g,ERROR: [youtube] f830MfsX_0g: Sign in to confirm you’re not a bot. Use --cookies-from-browser or --cookies for the authentication. See  https://github.com/yt-dlp/yt-dlp/wiki/FAQ#how-do-i-pass-cookies-to-yt-dlp  for how to manually pass cookies. Also see  https://github.com/yt-dlp/yt-dlp/wiki/Extractors#exporting-youtube-cookies  for tips on effectively exporting YouTube cookies,False
,FriendToon - Create & Play,,kids,kids crafts,7.54,,🌈 MOST Stunning Colorful Crafts For Kids! 🎨🤩,https://www.youtube.com/watch?v=gJqrpMZTuHg,gJqrpMZTuHg,ERROR: [youtube] gJqrpMZTuHg: This video is not available,False
,Blippi Playtime,,kids,kids crafts,7.44,,Blippi Learns Shapes And Colors With Clay | Arts And Crafts Videos For Kids,https://www.youtube.com/watch?v=_ftsTZf6g6c,_ftsTZf6g6c,ERROR: [youtube] _ftsTZf6g6c: This video is not available,False
,Mukta Art & Craft,,kids,kids crafts,7.48,,10 Easy craft ideas/ miniature craft /Paper craft/ how to make /DIY/school project/Mukta Art & Craft,https://www.youtube.com/watch?v=X1N9IStXOhg,X1N9IStXOhg,ERROR: [youtube] X1N9IStXOhg: Sign in to confirm you’re not a bot. Use --cookies-from-browser or --cookies for the authentication. See  https://github.com/yt-dlp/yt-dlp/wiki/FAQ#how-do-i-pass-cookies-to-yt-dlp  for how to manually pass cookies. Also see  https://github.com/yt-dlp/yt-dlp/wiki/Extractors#exporting-youtube-cookies  for tips on effectively exporting YouTube cookies,False
,Fun Caboodle,,kids,kids crafts,7.18,,Disney Frozen DIY Squishies Craft Activity Kit for Kids with Dolls! Squishy Maker Compilation,https://www.youtube.com/watch?v=IwiZj1G82WY,IwiZj1G82WY,ERROR: [youtube] IwiZj1G82WY: This video is not available,False
,Danny Go!,,kids,kids crafts,7.7,,"Kid's Painting Ideas w/ Danny Go! 🎨/// Colors, Shapes, Animals + Counting",https://www.youtube.com/watch?v=vjMHleB-Mlw,vjMHleB-Mlw,ERROR: [youtube] vjMHleB-Mlw: This video is not available,False
,Crafts And Kutir,,kids,kids crafts,7.65,,DIY - Jumping Frog Origami | Paper Jumping Frog | Paper Frog Making | PAPER FROG THAT JUMPS 🐸✨,https://www.youtube.com/watch?v=2dHhvV18eX8,2dHhvV18eX8,ERROR: [youtube] 2dHhvV18eX8: Sign in to confirm you’re not a bot. Use --cookies-from-browser or --cookies for the authentication. See  https://github.com/yt-dlp/yt-dlp/wiki/FAQ#how-do-i-pass-cookies-to-yt-dlp  for how to manually pass cookies. Also see  https://github.com/yt-dlp/yt-dlp/wiki/Extractors#exporting-youtube-cookies  for tips on effectively exporting YouTube cookies,False
,5-Minute Crafts,,kids,kids crafts,7.87,,USEFUL GADGETS FOR SMART PARENTS,https://www.youtube.com/watch?v=_7Tl61PViTE,_7Tl61PViTE,ERROR: [youtube] _7Tl61PViTE: Sign in to confirm you’re not a bot. Use --cookies-from-browser or --cookies for the authentication. See  https://github.com/yt-dlp/yt-dlp/wiki/FAQ#how-do-i-pass-cookies-to-yt-dlp  for how to manually pass cookies. Also see  https://github.com/yt-dlp/yt-dlp/wiki/Extractors#exporting-youtube-cookies  for tips on effectively exporting YouTube cookies,False
,Grasp123ABC,,kids,preschool learning,7.89,,earn Colors & Animal Sounds for Kids 🌈🐮 | Fun Preschool Learning,https://www.youtube.com/watch?v=dR1Y7YJpjGc,dR1Y7YJpjGc,ERROR: [youtube] dR1Y7YJpjGc: This video is not available,False
,Crayola Create Kids,,kids,kids crafts,8.3,,Spooky Fun Playbook! 🎃Boo-tiful Halloween Crafts!,https://www.youtube.com/watch?v=6FREEjQWSUo,6FREEjQWSUo,ERROR: [youtube] 6FREEjQWSUo: This video is not available,False
,Koala Moon - Kids Bedtime Stories,,kids,bedtime stories for kids,8.38,,Hector & Sunny Compilation 🐶🧡 Calming Bedtime Stories To Help Kids Sleep,https://www.youtube.com/watch?v=mhFUIBKXrn4,mhFUIBKXrn4,ERROR: [youtube] mhFUIBKXrn4: This video is not available,False
,Bedtime Story Co,,kids,bedtime stories for kids,8.28,,Goodnight Ocean  🌊 THE ULTIMATE Calming Bedtime Stories for Babies and Toddlers with Relaxing Music,https://www.youtube.com/watch?v=L77IDc1kJBc,L77IDc1kJBc,ERROR: [youtube] L77IDc1kJBc: This video is not available,False
,Snuggle,,kids,bedtime stories for kids,8.04,,The Cat's New Pyjamas 🐱💤The COZIEST Sleepy Story 💤 Non-Stimulating CUTE Story for Kids,https://www.youtube.com/watch?v=sDdfhvWXnvg,sDdfhvWXnvg,ERROR: [youtube] sDdfhvWXnvg: This video is not available,False
,Koala Moon - Kids Bedtime Stories,,kids,bedtime stories for kids,8.4,,Short Bedtime Story for Kids 💤 The Foxes Who Couldn't Sleep 🦊,https://www.youtube.com/watch?v=lYqZ9rydf3w,lYqZ9rydf3w,ERROR: [youtube] lYqZ9rydf3w: This video is not available,False
,Koala Moon - Kids Bedtime Stories,,kids,bedtime stories for kids,8.22,,Bedtime Stories for Kids Who Can't Sleep 😴 🌙,https://www.youtube.com/watch?v=5jDDtQtiPAs,5jDDtQtiPAs,ERROR: [youtube] 5jDDtQtiPAs: This video is not available,False
,Koala Moon Jr.,,kids,bedtime stories for kids,8.81,,The Very Cozy Caterpillar 🐛 Calm Bedtime Story for Toddlers 💤 with Relaxing Baby Sleep Music,https://www.youtube.com/watch?v=FnYQ0ATL1Gc,FnYQ0ATL1Gc,ERROR: [youtube] FnYQ0ATL1Gc: This video is not available,False
,Fairy Tales and Stories for Kids,,kids,bedtime stories for kids,8.01,,The Adventures of Pinocchio 🤥🎪 | Bedtime Stories for Kids in English | Fairy Tales,https://www.youtube.com/watch?v=7hrczJyqJFA,7hrczJyqJFA,ERROR: [youtube] 7hrczJyqJFA: This video is not available,False
,Fairy Tales and Stories for Kids,,kids,bedtime stories for kids,7.65,,Big Bad Wolf and Three Rabbits | Bedtime Stories for Kids in English | Fairy Tales,https://www.youtube.com/watch?v=GygBY01Qbnk,GygBY01Qbnk,ERROR: [youtube] GygBY01Qbnk: This video is not available,False
,Kids Story Spot,,kids,bedtime stories for kids,7.62,,The Princess Who Never Smiled 🌸 | Bedtime Story for Kids in English | Princess Story ✨,https://www.youtube.com/watch?v=iS9YcMncH0o,iS9YcMncH0o,ERROR: [youtube] iS9YcMncH0o: This video is not available,False
,Koala Moon - Kids Bedtime Stories,,kids,bedtime stories for kids,7.71,,The Autumn Fairy 🍁 Magical Bedtime Story for Kids 😴,https://www.youtube.com/watch?v=g9wrgW9MRDw,g9wrgW9MRDw,ERROR: [youtube] g9wrgW9MRDw: This video is not available,False
,Koala Moon - Kids Bedtime Stories and Silly Crocodile - Just For Kids,,kids,bedtime stories for kids,7.42,,The SLEEPY Silly Crocodile | Animated Bedtime Story For Kids,https://www.youtube.com/watch?v=f5IgT5BsL9o,f5IgT5BsL9o,ERROR: [youtube] f5IgT5BsL9o: This video is not available,False
,Koala Moon - Kids Bedtime Stories,,kids,bedtime stories for kids,7.37,,The Sleepy Autumn Train 🍁 🚂 Cozy Bedtime Story for Kids 💤,https://www.youtube.com/watch?v=9qq-c_sHtt0,9qq-c_sHtt0,ERROR: [youtube] 9qq-c_sHtt0: This video is not available,False
,Fairy Tales and Stories for Kids,,kids,bedtime stories for kids,7.1,,The Seven Little Goats and The Wounded Mermaid | Bedtime Stories for Kids in English | Fairy Tales,https://www.youtube.com/watch?v=VVgu67WS0DI,VVgu67WS0DI,ERROR: [youtube] VVgu67WS0DI: This video is not available,False
,Koala Moon - Kids Bedtime Stories,,kids,bedtime stories for kids,7.73,,Non-Stimulating Bedtime Stories To Help Kids Sleep 💤 🌙,https://www.youtube.com/watch?v=88VUlMfl2v0,88VUlMfl2v0,ERROR: [youtube] 88VUlMfl2v0: This video is not available,False
,Koala Moon - Kids Bedtime Stories,,kids,bedtime stories for kids,6.94,,The Best Bedtime Story EVER 😴 Calming Stories to Help Kids Sleep Better,https://www.youtube.com/watch?v=Ta8lfC1618Q,Ta8lfC1618Q,ERROR: [youtube] Ta8lfC1618Q: This video is not available,False
,Koala Moon - Kids Bedtime Stories,,kids,bedtime stories for kids,7.16,,The Sleepy Gingerbread Man 💤 Cozy Bedtime Story for Kids 🌙,https://www.youtube.com/watch?v=eIqgMTXfZAE,eIqgMTXfZAE,ERROR: [youtube] eIqgMTXfZAE: This video is not available,False
,Koala Moon Jr.,,kids,bedtime stories for kids,7.35,,Munchy The Hungry Raccoon 🍔 Cozy Bedtime Story for Toddlers 💤 🌙,https://www.youtube.com/watch?v=3u4tGI-rQa4,3u4tGI-rQa4,ERROR: [youtube] 3u4tGI-rQa4: This video is not available,False
,Fairy Tales and Stories for Kids,,kids,bedtime stories for kids,7.3,,Snow Queen + 5 More Princess Stories | Bedtime Stories for Kids in English | Fairy Tales,https://www.youtube.com/watch?v=qBvqCSgKKlo,qBvqCSgKKlo,ERROR: [youtube] qBvqCSgKKlo: This video is not available,False
,Bedtime Story Co,,kids,bedtime stories for kids,7.26,,Goodnight Zoo: Soothing Bedtime Story for Toddlers & Babies about Animals 📖 💤,https://www.youtube.com/watch?v=UzAvcmgsKMs,UzAvcmgsKMs,ERROR: [youtube] UzAvcmgsKMs: This video is not available,False
,Fairy Tales and Stories for Kids,,kids,bedtime stories for kids,7.51,,The Earth Princess | Bedtime Stories for Kids in English | Fairy Tales,https://www.youtube.com/watch?v=pPnfiqIM66c,pPnfiqIM66c,ERROR: [youtube] pPnfiqIM66c: This video is not available,False
,Koala Moon - Kids Bedtime Stories,,kids,bedtime stories for kids,7.76,,The Magical Locker ✨ Cozy Bedtime Story for Kids 😴 with The Jupiter Twins,https://www.youtube.com/watch?v=I1S_z1531aA,I1S_z1531aA,ERROR: [youtube] I1S_z1531aA: This video is not available,False
,Koala Moon - Kids Bedtime Stories,,kids,bedtime stories for kids,7.71,,"Sleepy Farm Bedtime Story 🚜 💤 Gentle, Dreamy & Safe for Kids 😴 Farm Animals & Sleepy Tractors 🐷",https://www.youtube.com/watch?v=UB7G4yyLYuE,UB7G4yyLYuE,ERROR: [youtube] UB7G4yyLYuE: This video is not available,False
,Mr Book and Me Stories,,kids,bedtime stories for kids,8.0,,Lilly the Clever Rabbit and the Magic Mask 🐰✨ | English Moral Stories | Bedtime Stories,https://www.youtube.com/watch?v=05cNmC2c12U,05cNmC2c12U,ERROR: [youtube] 05cNmC2c12U: This video is not available,False
,Koala Moon - Kids Bedtime Stories,,kids,bedtime stories for kids,8.22,,Award Winning Kids Bedtime Stories 💜 Kindest Animals Collection | Children’s Bedtime Stories,https://www.youtube.com/watch?v=k4w9UhY0_w8,k4w9UhY0_w8,ERROR: [youtube] k4w9UhY0_w8: This video is not available,False
,Koala Moon - Kids Bedtime Stories,,kids,bedtime stories for kids,8.23,,The Most Calming Sleepy Tales 😴 Relaxing Bedtime Stories for Hyper or ADHD Kids,https://www.youtube.com/watch?v=WqdEsz3lwxg,WqdEsz3lwxg,ERROR: [youtube] WqdEsz3lwxg: This video is not available,False
,Snuggle,,kids,bedtime stories for kids,8.08,,🐤The Very Sleepy Duckling🐤The CUTEST Story for Sleep 💤💤💤,https://www.youtube.com/watch?v=fmZ54EaTlEk,fmZ54EaTlEk,ERROR: [youtube] fmZ54EaTlEk: This video is not available,False
,Koala Moon - Kids Bedtime Stories,,kids,bedtime stories for kids,8.03,,The Sneaky Sock Thief 🧦 😮 Cozy Bedtime Story for Kids 💤 with Snaffles,https://www.youtube.com/watch?v=byPK6gxR7yg,byPK6gxR7yg,ERROR: [youtube] byPK6gxR7yg: This video is not available,False
,Toonshine Studio,,kids,bedtime stories for kids,7.92,,The Brave Little Fox | Short Story for Kids | Bedtime Stories for Kids | Learn English through Story,https://www.youtube.com/watch?v=ot4nXeZUMcc,ot4nXeZUMcc,ERROR: [youtube] ot4nXeZUMcc: This video is not available,False
,Mr Book and Me Stories,,kids,bedtime stories for kids,8.05,,The Fox and the Mysterious Sack 🦊 | English Moral Stories | Bedtime Stories,https://www.youtube.com/watch?v=574ostPpoKw,574ostPpoKw,ERROR: [youtube] 574ostPpoKw: This video is not available,False
,Koala Moon - Kids Bedtime Stories,,kids,bedtime stories for kids,8.25,,Overnight at the Toy Store 🤫 Sleepy Bedtime Story for Kids 💤 with Koko The Koala,https://www.youtube.com/watch?v=G3Jqi2LcjGY,G3Jqi2LcjGY,ERROR: [youtube] G3Jqi2LcjGY: This video is not available,False
,Koala Moon - Kids Bedtime Stories,,kids,bedtime stories for kids,7.45,,Overnight at the WaterPark 🤫 🛝 Sleepy Bedtime Story for Kids 💤 with Koko The Koala,https://www.youtube.com/watch?v=4lHDW4FGLus,4lHDW4FGLus,ERROR: [youtube] 4lHDW4FGLus: This video is not available,False
,Super Simple Songs - Kids Songs,,kids,bedtime stories for kids,7.65,,Best Bedtime Songs 😴 | Lullabies for Babies and Toddlers | Super Simple Songs,https://www.youtube.com/watch?v=RIJ4MTjQfFo,RIJ4MTjQfFo,ERROR: [youtube] RIJ4MTjQfFo: This video is not available,False
,Mr Book and Me Stories,,kids,bedtime stories for kids,7.68,,The Dirty Pig Learns a Lesson 🐷 | English Moral Stories | Bedtime Stories,https://www.youtube.com/watch?v=eP9Dft7YbXQ,eP9Dft7YbXQ,ERROR: [youtube] eP9Dft7YbXQ: This video is not available,False
,Zgapariko English,,kids,bedtime stories for kids,7.68,,The Three Billy Goats Gruff | Classic Bedtime Stories | Fairy Tales,https://www.youtube.com/watch?v=1vOqQl0vJ4k,1vOqQl0vJ4k,ERROR: [youtube] 1vOqQl0vJ4k: This video is not available,False
,Koala Moon - Kids Bedtime Stories,,kids,bedtime stories for kids,7.39,,The Scaredy Cats 🙀 👻 Kids Halloween Bedtime Story 💤 🎃,https://www.youtube.com/watch?v=gXmkb1q0aos,gXmkb1q0aos,ERROR: [youtube] gXmkb1q0aos: This video is not available,False
,Fox & Sheep,,kids,bedtime stories for kids,7.09,,Nighty Night Farm Animals 🐑 the perfect bedtime story app for kids and toddlers with lullaby music,https://www.youtube.com/watch?v=6Bc-HBcV7SE,6Bc-HBcV7SE,ERROR: [youtube] 6Bc-HBcV7SE: This video is not available,False
,Danny Go!,,kids,music for children,6.97,,"Wiggle, Bounce, and Shake! 💥 | Dance Compilation | Danny Go! Songs for Kids",https://www.youtube.com/watch?v=vXIz152zx6E,vXIz152zx6E,ERROR: [youtube] vXIz152zx6E: This video is not available,False
,TheLearningStation - Kids Songs and Nursery Rhymes,,kids,music for children,7.3,,Herman the Worm - Popular Nursery Rhymes Playlist for Children - by The Learning Station,https://www.youtube.com/watch?v=raMEQzGVY3w,raMEQzGVY3w,ERROR: [youtube] raMEQzGVY3w: This video is not available,False
,Best Disney Songs,,kids,music for children,7.24,,Disney Soundtracks With Lyrics 👛 Walt Disney's Best Classic Movie Soundtracks 🎐 Disney Songs,https://www.youtube.com/watch?v=ytMV5cTcjjk,ytMV5cTcjjk,ERROR: [youtube] ytMV5cTcjjk: This video is not available,False
,Robert Miles,,kids,music for children,7.6,,Robert Miles - Children [Dream Version],https://www.youtube.com/watch?v=CC5ca6Hsb2Q,CC5ca6Hsb2Q,ERROR: [youtube] CC5ca6Hsb2Q: Sign in to confirm you’re not a bot. Use --cookies-from-browser or --cookies for the authentication. See  https://github.com/yt-dlp/yt-dlp/wiki/FAQ#how-do-i-pass-cookies-to-yt-dlp  for how to manually pass cookies. Also see  https://github.com/yt-dlp/yt-dlp/wiki/Extractors#exporting-youtube-cookies  for tips on effectively exporting YouTube cookies,False
,DisneyMusicVEVO,,kids,music for children,7.61,,Dwayne Johnson - You're Welcome (from Moana/Official Video),https://www.youtube.com/watch?v=79DijItQXMM,79DijItQXMM,ERROR: [youtube] 79DijItQXMM: This video is not available,False
,★ Kids Roma Show,,kids,music for children,8.27,,Roma and Diana songs - Best music video,https://www.youtube.com/watch?v=yyZKwPRNmB4,yyZKwPRNmB4,ERROR: [youtube] yyZKwPRNmB4: This video is not available,False
,Kiwi Kids - Nursery Rhymes & Kids Songs,,kids,music for children,7.79,,"Dubi Dubi Dum Dum & More Kids Rhymes | Wheels on the Bus, Old McDonald, ABC Song #dudidudidamdam",https://www.youtube.com/watch?v=rupgNaa5q4I,rupgNaa5q4I,ERROR: [youtube] rupgNaa5q4I: This video is not available,False
,Gracie's Corner,,kids,music for children,7.73,,Veggie Dance | Eating Healthy with Gracie’s Corner | Nursery Rhymes + Kids Songs,https://www.youtube.com/watch?v=T3D7dlXry7s,T3D7dlXry7s,ERROR: [youtube] T3D7dlXry7s: This video is not available,False
,Super Simple Songs - Kids Songs,,kids,music for children,7.96,,Five Little Monkeys | + More Super Simple Songs & Nursery Rhymes,https://www.youtube.com/watch?v=VTmmoaO2M_U,VTmmoaO2M_U,ERROR: [youtube] VTmmoaO2M_U: This video is not available,False
,RaceToyTime,,kids,animals for kids,8.16,,Zoo Wild Animals Toys Fun For Kids - Learn Animal Names,https://www.youtube.com/watch?v=e64O1saNmrw,e64O1saNmrw,ERROR: [youtube] e64O1saNmrw: This video is not available,False
,Papa Joel,,kids,animals for kids,7.78,,Baby King Learns Farm Animals for Kids | Educational Animal Videos by Papa Joel’s English,https://www.youtube.com/watch?v=UelD3g-wHj0,UelD3g-wHj0,ERROR: [youtube] UelD3g-wHj0: This video is not available,False
,Toddler Learning Videos For Kids - Lucas & Friends,,kids,animals for kids,8.21,,Animal Names for Kids | Animals Sounds & Baby Names | Educational Videos For Kids By RV AppStudios,https://www.youtube.com/watch?v=4jeHK_9NiXI,4jeHK_9NiXI,ERROR: [youtube] 4jeHK_9NiXI: This video is not available,False
,Pregnancy and Postpartum TV,,kids,kids exercise,7.76,,Kids Workout | Unicorn Sparkle Surprise | Kids Exercise Videos,https://www.youtube.com/watch?v=Akjvq9rgRjs,Akjvq9rgRjs,ERROR: [youtube] Akjvq9rgRjs: This video is not available,False
,PE Bowman,,kids,kids exercise,7.71,,Floor Is Lava  |  Lava Leap 2  |  Super Mario  |  Exercises For Kids,https://www.youtube.com/watch?v=VmcXWCKQcUc,VmcXWCKQcUc,ERROR: [youtube] VmcXWCKQcUc: This video is not available,False
,Miss Linky,,kids,kids exercise,8.12,,Paw Patrol Exercise Adventure | Indoor Workout Video for Children | Adventure Run,https://www.youtube.com/watch?v=-31SSbbbO4Y,-31SSbbbO4Y,ERROR: [youtube] -31SSbbbO4Y: This video is not available,False
,GVO Kids,,kids,kids exercise,7.73,,Kids Workout (Gabby's Dollhouse Workout!) Fun Exercises For Kids,https://www.youtube.com/watch?v=gVGBEDGcIoI,gVGBEDGcIoI,ERROR: [youtube] gVGBEDGcIoI: This video is not available,False
,Yoga Guppy,,kids,kids exercise,7.66,,Jungle Yoga Freeze Dance | Warm Up | Action Song for Kids | Yoga Guppy by Rashmi Ramesh,https://www.youtube.com/watch?v=ErmHGFMRtm0,ErmHGFMRtm0,ERROR: [youtube] ErmHGFMRtm0: This video is not available,False
,PE Bowman,,kids,kids exercise,8.2,,Level Up 5 (Monster Mania) - Video Game Workout For Kids - Exercises For Kids,https://www.youtube.com/watch?v=-iRZUuaXs2c,-iRZUuaXs2c,ERROR: [youtube] -iRZUuaXs2c: This video is not available,False
,TABATA KIDS,,kids,kids exercise,7.48,,DRAGON WORKOUT (ages 3-8) | Tabata Kids Workout,https://www.youtube.com/watch?v=VvMfM-kJPq4,VvMfM-kJPq4,ERROR: [youtube] VvMfM-kJPq4: This video is not available,False
,WonderGrove Kids,,kids,kids exercise,7.28,,WonderGrove Kids Workout | Spine and Back Stretches,https://www.youtube.com/watch?v=-T_WK0SbJE4,-T_WK0SbJE4,ERROR: [youtube] -T_WK0SbJE4: Sign in to confirm you’re not a bot. Use --cookies-from-browser or --cookies for the authentication. See  https://github.com/yt-dlp/yt-dlp/wiki/FAQ#how-do-i-pass-cookies-to-yt-dlp  for how to manually pass cookies. Also see  https://github.com/yt-dlp/yt-dlp/wiki/Extractors#exporting-youtube-cookies  for tips on effectively exporting YouTube cookies,False
,Pregnancy and Postpartum TV,,kids,kids exercise,7.82,,Kids Workout: The FLOOR IS LAVA!! Fun Kids Exercise Games & Brain Break!,https://www.youtube.com/watch?v=m9ST61u3gnU,m9ST61u3gnU,ERROR: [youtube] m9ST61u3gnU: This video is not available,False
,Jack Hartmann Kids Music Channel,,kids,phonics for children,7.15,,Sing the Phonics Song | Jack Hartmann,https://www.youtube.com/watch?v=lFXaB4zZvMI,lFXaB4zZvMI,ERROR: [youtube] lFXaB4zZvMI: This video is not available,False
,Jack Hartmann Kids Music Channel,,kids,phonics for children,6.97,,Fun With Phonics! | Over One Hour of Fun Phonics Songs for Kids! | Jack Hartmann,https://www.youtube.com/watch?v=Ijc8PgSnvho,Ijc8PgSnvho,ERROR: [youtube] Ijc8PgSnvho: This video is not available,False
,Mr Bates Creates- Educational Videos for KIDS!,,kids,phonics for children,7.73,,Jolly Phonics || All songs with WORDS and ACTIONS  || Mr Bates Creates,https://www.youtube.com/watch?v=4Egx_jg-j8w,4Egx_jg-j8w,ERROR: [youtube] 4Egx_jg-j8w: This video is not available,False
,Mrs Honey - Learning Videos,,kids,phonics for children,6.88,,Fun ABC Phonics Chant for Kids: A to Z Letter Sounds and Actions!,https://www.youtube.com/watch?v=oLRDXPCbMKg,oLRDXPCbMKg,ERROR: [youtube] oLRDXPCbMKg: This video is not available,False
,Lotty Learns,,kids,phonics for children,7.55,,PHONICS A to Z for kids | Alphabet Letter Sounds | LOTTY LEARNS,https://www.youtube.com/watch?v=g0SFjRzqj94,g0SFjRzqj94,ERROR: [youtube] g0SFjRzqj94: This video is not available,False
,Jolly Learning - The Home of Jolly Phonics,,kids,phonics for children,7.66,,"Jolly Phonics Songs Group 1 - Learn Letter Sounds s, a, t, i, p, n for Kids in American English",https://www.youtube.com/watch?v=4icYb-aTw9A,4icYb-aTw9A,ERROR: [youtube] 4icYb-aTw9A: This video is not available,False
,Hopscotch Songs,,kids,phonics for children,7.53,,Alphabet Phonics Song,https://www.youtube.com/watch?v=kVwrNKUw7sg,kVwrNKUw7sg,ERROR: [youtube] kVwrNKUw7sg: This video is not available,False
,Miss Phonics,,kids,phonics for children,7.93,,Sounds of the Alphabet | Learn Phonics | British Teacher | Learn to Read,https://www.youtube.com/watch?v=ZkzwAt-TPro,ZkzwAt-TPro,ERROR: [youtube] ZkzwAt-TPro: This video is not available,False
,Patty Shukla Kids TV - Children's songs,,kids,phonics for children,7.79,,Learn Alphabet Phonics Song for Children A toZ Signing for Babies Letter Sounds Patty Shukla 90 Mins,https://www.youtube.com/watch?v=U7LcuOSQA74,U7LcuOSQA74,ERROR: [youtube] U7LcuOSQA74: This video is not available,False
,Ryan's World,,kids,toy review kids,7.73,,Nerf Gun War Kid vs Daddy! Protect the Fort! Family Fun Playtime with Ryan ToysReview,https://www.youtube.com/watch?v=8zj5a2Qy2ig,8zj5a2Qy2ig,ERROR: [youtube] 8zj5a2Qy2ig: This video is not available,False
,Kiddos World TV,,kids,phonics for children,8.46,,Learning the Sounds of Letters - Teaching 3-Letter Word Reading to Toddlers and Kids,https://www.youtube.com/watch?v=nAaXwVabpZk,nAaXwVabpZk,ERROR: [youtube] nAaXwVabpZk: This video is not available,False
,Little Fox - Kids Stories and Songs,,kids,phonics for children,8.53,,Phonics Song | Letter A to Z | Phonics sounds of Alphabet | Nursery Rhymes for Kids,https://www.youtube.com/watch?v=Asq3maldhwc,Asq3maldhwc,ERROR: [youtube] Asq3maldhwc: This video is not available,False
,Genevieve's Playhouse - Learning Videos for Kids,,kids,toy review kids,7.52,,Paw Patrol Snuggle Pups Complete! Best One Hour Toy Learning Video,https://www.youtube.com/watch?v=dzYJLwSl0RI,dzYJLwSl0RI,ERROR: [youtube] dzYJLwSl0RI: This video is not available,False
,The Kiboomers - Kids Music Channel,,kids,phonics for children,8.59,,ABC Phonics Song - THE KIBOOMERS Preschool Songs - Learn Alphabet Sounds,https://www.youtube.com/watch?v=nKYCy4ZNBpU,nKYCy4ZNBpU,ERROR: [youtube] nKYCy4ZNBpU: This video is not available,False
,Ryan's World,,kids,toy review kids,8.54,,Disney Toys  Surprise and Tomica Trains for Kids Ryan ToysReview,https://www.youtube.com/watch?v=umMXOF2elA8,umMXOF2elA8,ERROR: [youtube] umMXOF2elA8: This video is not available,False
,CKN ,,kids,toy review kids,7.48,,Chocolate Surprise Egg Maker DIY Kinder Surprise Egg CKN,https://www.youtube.com/watch?v=e_bR6L-NV2I,e_bR6L-NV2I,ERROR: [youtube] e_bR6L-NV2I: This video is not available,False
,Vlad and Niki,,kids,toy review kids,8.06,,Chris and mom doing shopping in Toy store,https://www.youtube.com/watch?v=eHb33AkEgdU,eHb33AkEgdU,ERROR: [youtube] eHb33AkEgdU: This video is not available,False
,Ryan's World,,kids,toy review kids,7.88,,TOYS HUNT at Toys R Us Ryan ToysReview! Giant Life Size Dinosaur kids toy store! Family Fun Trip,https://www.youtube.com/watch?v=WFavtggJBZ8,WFavtggJBZ8,ERROR: [youtube] WFavtggJBZ8: This video is not available,False
,Ryan's World,,kids,toy review kids,6.9,,Ryan's Drive Thru Pretend Play Restaurant on Kids Power Wheels!!!,https://www.youtube.com/watch?v=zhf-GTbtZ_0,zhf-GTbtZ_0,ERROR: [youtube] zhf-GTbtZ_0: This video is not available,False
,Ryan's World,,kids,toy review kids,7.35,,SQUISHY BALLS Mesh Slime and  Learn Colors and Animals name,https://www.youtube.com/watch?v=i_iNYF_NeSk,i_iNYF_NeSk,ERROR: [youtube] i_iNYF_NeSk: This video is not available,False
,Vooks - Stories and Read Alouds for Kids,,kids,storytime for kids,6.79,,Read Aloud Animated Kids Book Compilation | Vooks Narrated Storybooks,https://www.youtube.com/watch?v=j7DFrIZhGEs,j7DFrIZhGEs,ERROR: [youtube] j7DFrIZhGEs: This video is not available,False
,Mochi - Funny Cartoon in English,,kids,family friendly animation,6.8,,Mochi Cartoons Episode 38: Skateboarding with a Kitten | Funny Cartoon for Kids,https://www.youtube.com/watch?v=kbDN7WIQu34,kbDN7WIQu34,ERROR: [youtube] kbDN7WIQu34: This video is not available,False
,Kids TV - Fairytales & Children's Stories ,,kids,storytime for kids,8.11,,Little Red Riding Hood | Short Stories For Children | Storytime For Babies | Fairy Tales For Kids,https://www.youtube.com/watch?v=U08ojTuYf2U,U08ojTuYf2U,ERROR: [youtube] U08ojTuYf2U: This video is not available,False
,KinoCheck.com,,kids,family friendly animation,6.49,,THE BEST UPCOMING ANIMATION & FAMILY MOVIES 2026 (Trailers),https://www.youtube.com/watch?v=a7uODWK01Ls,a7uODWK01Ls,ERROR: [youtube] a7uODWK01Ls: Sign in to confirm you’re not a bot. Use --cookies-from-browser or --cookies for the authentication. See  https://github.com/yt-dlp/yt-dlp/wiki/FAQ#how-do-i-pass-cookies-to-yt-dlp  for how to manually pass cookies. Also see  https://github.com/yt-dlp/yt-dlp/wiki/Extractors#exporting-youtube-cookies  for tips on effectively exporting YouTube cookies,False
,FranzAnimation,,kids,family friendly animation,6.91,,GODZILLA's family Picnic: A Fun Day of DESTRUCTION 🎬 2D Animation,https://www.youtube.com/watch?v=0yNu0sUumec,0yNu0sUumec,ERROR: [youtube] 0yNu0sUumec: Sign in to confirm you’re not a bot. Use --cookies-from-browser or --cookies for the authentication. See  https://github.com/yt-dlp/yt-dlp/wiki/FAQ#how-do-i-pass-cookies-to-yt-dlp  for how to manually pass cookies. Also see  https://github.com/yt-dlp/yt-dlp/wiki/Extractors#exporting-youtube-cookies  for tips on effectively exporting YouTube cookies,False
,JJ and Mikey Animations,,kids,family friendly animation,7.38,,Baby JJ Come To School - Maizen Minecraft Animation,https://www.youtube.com/watch?v=XbKC7EYmjU0,XbKC7EYmjU0,ERROR: [youtube] XbKC7EYmjU0: Sign in to confirm you’re not a bot. Use --cookies-from-browser or --cookies for the authentication. See  https://github.com/yt-dlp/yt-dlp/wiki/FAQ#how-do-i-pass-cookies-to-yt-dlp  for how to manually pass cookies. Also see  https://github.com/yt-dlp/yt-dlp/wiki/Extractors#exporting-youtube-cookies  for tips on effectively exporting YouTube cookies,False
,Jungle Beat,,kids,family friendly animation,7.34,,Cute Puppy! | Good Dog | Jungle Beat: Munki & Trunk | Kids Animation 2023,https://www.youtube.com/watch?v=17qqQfV88s4,17qqQfV88s4,ERROR: [youtube] 17qqQfV88s4: This video is not available,False
,Kids Academy,,kids,family friendly animation,7.41,,Finger Family Song - Children Song with Lyrics - Nursery Rhymes | Kids Academy,https://www.youtube.com/watch?v=G6k7dChBaJ8,G6k7dChBaJ8,ERROR: [youtube] G6k7dChBaJ8: This video is not available,False
,Caillou - WildBrain,,kids,family friendly animation,7.19,,Caillou has HIGH FEVER | Fun for Kids | Videos for Toddlers | Family Fun | Full Episode,https://www.youtube.com/watch?v=Fg8bliAcS2k,Fg8bliAcS2k,ERROR: [youtube] Fg8bliAcS2k: This video is not available,False
,GULU Animation,,kids,family friendly animation,7.53,,Banana - Animated Short Film by GULU #banana #animation #cartoon,https://www.youtube.com/watch?v=jrANEMUx0Ms,jrANEMUx0Ms,ERROR: [youtube] jrANEMUx0Ms: Sign in to confirm you’re not a bot. Use --cookies-from-browser or --cookies for the authentication. See  https://github.com/yt-dlp/yt-dlp/wiki/FAQ#how-do-i-pass-cookies-to-yt-dlp  for how to manually pass cookies. Also see  https://github.com/yt-dlp/yt-dlp/wiki/Extractors#exporting-youtube-cookies  for tips on effectively exporting YouTube cookies,False
,The Land Before Time,,kids,family friendly animation,7.7,,Land Before Time | The Lone Dinosaur Returns  | Cartoon for Kids | Kids Movies,https://www.youtube.com/watch?v=Nz18QfdLXfM,Nz18QfdLXfM,ERROR: [youtube] Nz18QfdLXfM: This video is not available,False
,CraftedPin,,kids,family friendly animation,7.98,,Doki Doki Literature Club | Recap Animation,https://www.youtube.com/watch?v=3U06tLJM4AU,3U06tLJM4AU,ERROR: [youtube] 3U06tLJM4AU: Sign in to confirm you’re not a bot. Use --cookies-from-browser or --cookies for the authentication. See  https://github.com/yt-dlp/yt-dlp/wiki/FAQ#how-do-i-pass-cookies-to-yt-dlp  for how to manually pass cookies. Also see  https://github.com/yt-dlp/yt-dlp/wiki/Extractors#exporting-youtube-cookies  for tips on effectively exporting YouTube cookies,False
,Zuno & Zupi,,kids,family friendly animation,8.54,,Zuno & Zupi – Back to the Countryside (Family Friendly Animation),https://www.youtube.com/watch?v=sqQMCCtVoXI,sqQMCCtVoXI,ERROR: [youtube] sqQMCCtVoXI: This video is not available,False
,Shivank's Toon Hub,,kids,family friendly animation,8.46,,"🐻🌸 Masha and the Bear — “Liar, Liar, Pants on Fire!” 🔥👖 | Episode 57 Cartoon Collection",https://www.youtube.com/watch?v=iBAtF91RfVA,iBAtF91RfVA,ERROR: [youtube] iBAtF91RfVA: This video is not available,False
,The Fixies,,kids,family friendly animation,8.04,,ELECTRIC SHOCK! ⚡️ | The Fixies | Animation for Kids,https://www.youtube.com/watch?v=V6MKQn3dT8o,V6MKQn3dT8o,ERROR: [youtube] V6MKQn3dT8o: This video is not available,False
,TheCGBros,,kids,family friendly animation,8.79,,"CGI 3D Animated Short: ""Take Me Home"" - by Nair Archawattana | TheCGBros",https://www.youtube.com/watch?v=D_Rx4qZ8QRc,D_Rx4qZ8QRc,ERROR: [youtube] D_Rx4qZ8QRc: Sign in to confirm you’re not a bot. Use --cookies-from-browser or --cookies for the authentication. See  https://github.com/yt-dlp/yt-dlp/wiki/FAQ#how-do-i-pass-cookies-to-yt-dlp  for how to manually pass cookies. Also see  https://github.com/yt-dlp/yt-dlp/wiki/Extractors#exporting-youtube-cookies  for tips on effectively exporting YouTube cookies,False
,Zippy Animation,,kids,family friendly animation,8.24,,JINU IS MISSING! | KPop Demon Hunters Animation,https://www.youtube.com/watch?v=D2mXalENGuk,D2mXalENGuk,ERROR: [youtube] D2mXalENGuk: Sign in to confirm you’re not a bot. Use --cookies-from-browser or --cookies for the authentication. See  https://github.com/yt-dlp/yt-dlp/wiki/FAQ#how-do-i-pass-cookies-to-yt-dlp  for how to manually pass cookies. Also see  https://github.com/yt-dlp/yt-dlp/wiki/Extractors#exporting-youtube-cookies  for tips on effectively exporting YouTube cookies,False
,GameToons,,kids,family friendly animation,8.39,,CHOO CHOO CHARLES FAMILY REUNION?! (Cartoon Animation),https://www.youtube.com/watch?v=ojM_aAxB01Y,ojM_aAxB01Y,ERROR: [youtube] ojM_aAxB01Y: Sign in to confirm you’re not a bot. Use --cookies-from-browser or --cookies for the authentication. See  https://github.com/yt-dlp/yt-dlp/wiki/FAQ#how-do-i-pass-cookies-to-yt-dlp  for how to manually pass cookies. Also see  https://github.com/yt-dlp/yt-dlp/wiki/Extractors#exporting-youtube-cookies  for tips on effectively exporting YouTube cookies,False
,MAGNETFILM,,kids,family friendly animation,7.57,,Peep and the Paperplane | Animated short film by Christoph Englert,https://www.youtube.com/watch?v=C0zL5_Hwusw,C0zL5_Hwusw,ERROR: [youtube] C0zL5_Hwusw: This video is not available,False
,Recreatoon - Chansons & Contes pour Enfants,,kids,family friendly animation,8.89,,🐷 3 LITTLE PIGS Full Animated Movie 🐺 Bright Cartoons for Kids ✨,https://www.youtube.com/watch?v=oAWOSWM-raQ,oAWOSWM-raQ,ERROR: [youtube] oAWOSWM-raQ: This video is not available,False
,GameToons,,kids,family friendly animation,7.85,,LILY LOVEBRAIDS: ABANDONED at BIRTH... (Poppy Playtime Animation),https://www.youtube.com/watch?v=zOHSBahxiWw,zOHSBahxiWw,ERROR: [youtube] zOHSBahxiWw: Sign in to confirm you’re not a bot. Use --cookies-from-browser or --cookies for the authentication. See  https://github.com/yt-dlp/yt-dlp/wiki/FAQ#how-do-i-pass-cookies-to-yt-dlp  for how to manually pass cookies. Also see  https://github.com/yt-dlp/yt-dlp/wiki/Extractors#exporting-youtube-cookies  for tips on effectively exporting YouTube cookies,False
,SKIPPERS,,kids,family friendly animation,7.5,,Funny ANIMAL HOSPITAL Animation | Friendly Stalker in Crazzy Family (All episodes),https://www.youtube.com/watch?v=0-XHhMs0SRs,0-XHhMs0SRs,ERROR: [youtube] 0-XHhMs0SRs: Sign in to confirm you’re not a bot. Use --cookies-from-browser or --cookies for the authentication. See  https://github.com/yt-dlp/yt-dlp/wiki/FAQ#how-do-i-pass-cookies-to-yt-dlp  for how to manually pass cookies. Also see  https://github.com/yt-dlp/yt-dlp/wiki/Extractors#exporting-youtube-cookies  for tips on effectively exporting YouTube cookies,False
,Talisman Tales,,kids,family friendly animation,6.96,,Loopy. The Day of Change | Animated Short Film by Talisman Animation,https://www.youtube.com/watch?v=Cxt2szmCAcg,Cxt2szmCAcg,ERROR: [youtube] Cxt2szmCAcg: Sign in to confirm you’re not a bot. Use --cookies-from-browser or --cookies for the authentication. See  https://github.com/yt-dlp/yt-dlp/wiki/FAQ#how-do-i-pass-cookies-to-yt-dlp  for how to manually pass cookies. Also see  https://github.com/yt-dlp/yt-dlp/wiki/Extractors#exporting-youtube-cookies  for tips on effectively exporting YouTube cookies,False
,Relax a Little Beat,,kids,music for children,7.74,,"Happy Music for Playtime, Great for Babies & Toddlers | 1 Hour Upbeat Background Music for Kids",https://www.youtube.com/watch?v=WF8w8VjM9xc,WF8w8VjM9xc,ERROR: [youtube] WF8w8VjM9xc: This video is not available,False
,Oliver’s Melody Club - Interactive Classroom Songs,,kids,music for children,6.74,,Ocean Dance Song for Kids🐬 | School Program Dance for Kids | Sea Animal Song,https://www.youtube.com/watch?v=MLj2WZLK8NA,MLj2WZLK8NA,ERROR: [youtube] MLj2WZLK8NA: This video is not available,False
,Super Simple Songs - Kids Songs,,kids,music for children,6.9,,Humpty Dumpty | + More Kids Songs | Super Simple Songs,https://www.youtube.com/watch?v=0n_J2z-ILXo,0n_J2z-ILXo,ERROR: [youtube] 0n_J2z-ILXo: This video is not available,False
,Kidsberry - Nursery Rhymes ♫ ,,kids,music for children,6.65,,If You Are Happy + More Nursery Rhymes & Baby Songs - Kidsberry,https://www.youtube.com/watch?v=Xjzzu4ZwCe8,Xjzzu4ZwCe8,ERROR: [youtube] Xjzzu4ZwCe8: This video is not available,False
,ChuChu TV Nursery Rhymes & Kids Songs,,kids,music for children,7.78,,"Head, Shoulders, Knees & Toes - Exercise Song For Kids",https://www.youtube.com/watch?v=h4eueDYPTIg,h4eueDYPTIg,ERROR: [youtube] h4eueDYPTIg: This video is not available,False
,CocoBerry Nursery Rhymes & Kids Songs,,kids,music for children,7.06,,Zombie Dance | Kids Fun Halloween Songs | CocoBerry - Nursery Rhymes & Kids Songs,https://www.youtube.com/watch?v=IyfkFWyx3t0,IyfkFWyx3t0,ERROR: [youtube] IyfkFWyx3t0: This video is not available,False
,The Singing Walrus - English Songs For Kids,,kids,music for children,7.43,,Months of the Year Song | Song for Kids | The Singing Walrus,https://www.youtube.com/watch?v=Fe9bnYRzFvk,Fe9bnYRzFvk,ERROR: [youtube] Fe9bnYRzFvk: This video is not available,False
,Eli Kids - Cartoons & Songs,,kids,music for children,7.31,,"What About Me? (I'm A Baby, Too) +More | Eli Kids Songs & Nursery Rhymes",https://www.youtube.com/watch?v=rfvRtiqfWhw,rfvRtiqfWhw,ERROR: [youtube] rfvRtiqfWhw: This video is not available,False
,The Kiboomers - Kids Music Channel,,kids,music for children,7.42,,Floor Is Lava Song - THE KIBOOMERS Preschool Songs - Freeze Dance,https://www.youtube.com/watch?v=wbNAiN8FTfc,wbNAiN8FTfc,ERROR: [youtube] wbNAiN8FTfc: This video is not available,False
,Relax a Little Beat,,kids,music for children,7.68,,"Happy Music for Playtime, Great for Babies & Toddlers | 1 Hour Happy Upbeat Morning Music for Kids",https://www.youtube.com/watch?v=k0ivU4tXd94,k0ivU4tXd94,ERROR: [youtube] k0ivU4tXd94: This video is not available,False
,Relax a Little Beat,,kids,music for children,7.76,,"Happy Music for Playtime, Great for Babies & Toddlers | 1 Hour Happy Upbeat Morning Music for Kids",https://www.youtube.com/watch?v=_Fk22yZsdGo,_Fk22yZsdGo,ERROR: [youtube] _Fk22yZsdGo: This video is not available,False
,Turtle Interactive,,kids,music for children,8.46,,The ants go marching one by one song | Ants at war,https://www.youtube.com/watch?v=Pjw2A3QU8Qg,Pjw2A3QU8Qg,ERROR: [youtube] Pjw2A3QU8Qg: This video is not available,False
,Oliver’s Melody Club - Interactive Classroom Songs,,kids,music for children,8.02,,Jungle Dance Song for Kids | School Program Dance for Kids | Kids Dance Song | Animal Song,https://www.youtube.com/watch?v=Eaw2OKc5HQk,Eaw2OKc5HQk,ERROR: [youtube] Eaw2OKc5HQk: This video is not available,False
,LooLoo Kids - Nursery Rhymes and Children's Songs,,kids,music for children,7.88,,Johny Johny Yes Papa - Learn Colors with Colorful BALLS + Baby Shark Surprise Eggs - Kids Songs,https://www.youtube.com/watch?v=HI5upQGIqmY,HI5upQGIqmY,ERROR: [youtube] HI5upQGIqmY: This video is not available,False
,Danny Go!,,kids,kids exercise,7.88,,"""The Floor is Lava Dance!"" 🌋 /// Danny Go! Kids Brain Break Activity Songs",https://www.youtube.com/watch?v=nEUTY8n2iZo,nEUTY8n2iZo,ERROR: [youtube] nEUTY8n2iZo: This video is not available,False
,Oliver’s Melody Club - Interactive Classroom Songs,,kids,music for children,9.0,,"Jungle Dance, Mexican Dance + More Hits | 20 Mins Dance Party for Kids",https://www.youtube.com/watch?v=A6RNG2R-owg,A6RNG2R-owg,ERROR: [youtube] A6RNG2R-owg: This video is not available,False
,Danny Go!,,kids,kids exercise,7.77,,Summer Dance CHALLENGE! ☀️💦 30min+ Exercise Movement Break | Danny Go! Songs for Kids,https://www.youtube.com/watch?v=AuEIIRbXMHU,AuEIIRbXMHU,ERROR: [youtube] AuEIIRbXMHU: This video is not available,False
,Sleep Sounds 4k - HDR,,kids,music for children,8.98,,Sleep Instantly Within 3 Minutes ♥ Sleep Music for Babies ♫ Mozart Brahms Lullaby,https://www.youtube.com/watch?v=flJo10TDHcU,flJo10TDHcU,ERROR: [youtube] flJo10TDHcU: This video is not available,False
,Buki Kids,,kids,music for children,9.54,,Che Che Kule Dance Challenge 🌍 Kids Around the World Sing & Dance | Buki Kids,https://www.youtube.com/watch?v=c03cnrmq8Tk,c03cnrmq8Tk,ERROR: [youtube] c03cnrmq8Tk: This video is not available,False
,Defne ile Tav Tav,,kids,kids exercise,7.59,,Toca Toca - Zumba Dance Kids - Dance Choreography For Preschool Children - Zumba Animation,https://www.youtube.com/watch?v=rlO7bQQzJXI,rlO7bQQzJXI,ERROR: [youtube] rlO7bQQzJXI: This video is not available,False
,VaniMani,,kids,kids exercise,8.92,,How to be Strong and Win: Healthy Lifestyle Lessons | Best Kids Stories Collection,https://www.youtube.com/watch?v=BgQUl8lalho,BgQUl8lalho,ERROR: [youtube] BgQUl8lalho: This video is not available,False
,Art for Kids Hub,,kids,drawing for kids,7.88,,How To Draw A Dachshund,https://www.youtube.com/watch?v=j7CjkMtWJrw,j7CjkMtWJrw,ERROR: [youtube] j7CjkMtWJrw: This video is not available,False
,Art for Kids Hub,,kids,drawing for kids,7.4,,How To Draw A Rocket Popsicle,https://www.youtube.com/watch?v=sybb9wvlBvU,sybb9wvlBvU,ERROR: [youtube] sybb9wvlBvU: This video is not available,False
,Art for Kids Hub,,kids,drawing for kids,7.81,,How To Draw Ariel The Little Mermaid,https://www.youtube.com/watch?v=jBfMs-YskHo,jBfMs-YskHo,ERROR: [youtube] jBfMs-YskHo: This video is not available,False
,Rb Drawing for kids,,kids,drawing for kids,7.21,,How to Draw Ice Cream I Easy lce Cream Drawing for Kids I Step by Step Drawing🍦,https://www.youtube.com/watch?v=PJTaHuBXGBM,PJTaHuBXGBM,ERROR: [youtube] PJTaHuBXGBM: This video is not available,False
,Cute Easy Drawings,,kids,drawing for kids,7.74,,How to Draw a Cute Chocolate Bar Simple & Easy for Kids,https://www.youtube.com/watch?v=imKc7XrkWZk,imKc7XrkWZk,ERROR: [youtube] imKc7XrkWZk: This video is not available,False
,Art for Kids Hub,,kids,drawing for kids,7.1,,How To Draw A Funny School Notebook,https://www.youtube.com/watch?v=DcHWr651ddA,DcHWr651ddA,ERROR: [youtube] DcHWr651ddA: This video is not available,False
,Art for Kids Hub,,kids,drawing for kids,7.47,,How To Draw A Mythical Kitten Dragon,https://www.youtube.com/watch?v=eFHwTD9eHyw,eFHwTD9eHyw,ERROR: [youtube] eFHwTD9eHyw: This video is not available,False
,Cute Easy Drawings,,kids,drawing for kids,7.75,,How to Draw a Cute Glass of Juice / Watermelon Drink for Kids Step by Step,https://www.youtube.com/watch?v=nlHbM4fj_Gs,nlHbM4fj_Gs,ERROR: [youtube] nlHbM4fj_Gs: This video is not available,False
,Cute Easy Drawings,,kids,drawing for kids,7.16,,How to Draw a Cute Easy Lollipop for Kids Step by Step,https://www.youtube.com/watch?v=drcwuPicIOg,drcwuPicIOg,ERROR: [youtube] drcwuPicIOg: This video is not available,False
,Bee Art TV,,kids,drawing for kids,6.97,,How to draw a Princess - Drawing 6 Cute Princesses Characters and Peppa Pig Drawing,https://www.youtube.com/watch?v=tNdtQGpunsY,tNdtQGpunsY,ERROR: [youtube] tNdtQGpunsY: This video is not available,False
,Paint Jelly,,kids,drawing for kids,7.74,,"Vehicles for Kids Compilation | Jelly Painting, Drawing and Coloring for Children, Learn colors",https://www.youtube.com/watch?v=4hN6eqK0K9E,4hN6eqK0K9E,ERROR: [youtube] 4hN6eqK0K9E: This video is not available,False
,Art for Kids Hub,,kids,drawing for kids,7.22,,How To Draw Cartoon Spider-Man,https://www.youtube.com/watch?v=Ngz2vfk2n1Q,Ngz2vfk2n1Q,ERROR: [youtube] Ngz2vfk2n1Q: This video is not available,False
,Super Easy Drawings,,kids,drawing for kids,7.4,,Drawing and Coloring a Cute Mermaid 🧜‍♀️🌊🐚🌈 Drawings for Kids,https://www.youtube.com/watch?v=W57GO6jjfPs,W57GO6jjfPs,ERROR: [youtube] W57GO6jjfPs: This video is not available,False
,Art for Kids Hub,,kids,drawing for kids,7.4,,How To Draw Hello Kitty (New Lesson With Color),https://www.youtube.com/watch?v=tMqZTzIFz3Q,tMqZTzIFz3Q,ERROR: [youtube] tMqZTzIFz3Q: This video is not available,False
,Cute Easy Drawings,,kids,drawing for kids,8.93,,"How to Draw a Cute Orange, Easy Step by Step for Kids and Toddlers! draw along video",https://www.youtube.com/watch?v=NL_To_DnhUw,NL_To_DnhUw,ERROR: [youtube] NL_To_DnhUw: This video is not available,False
,Little Drawings,,kids,drawing for kids,8.0,,Butterfly Drawing Easy Step by Step | Easy Drawings For Kids,https://www.youtube.com/watch?v=oVZwLW7t1hQ,oVZwLW7t1hQ,ERROR: [youtube] oVZwLW7t1hQ: This video is not available,False
,Cute Easy Drawings,,kids,drawing for kids,7.48,,How to Draw a Cute Cherry Easy for Kids,https://www.youtube.com/watch?v=irQDMiYlWX0,irQDMiYlWX0,ERROR: [youtube] irQDMiYlWX0: This video is not available,False
,Easy Kids Drawing Hindi ,,kids,drawing for kids,8.3,,"🦷🪥 Toothbrush & Wash Basin Drawing for Kids | Easy Drawing, painting, for Toddlers 🫧🧼",https://www.youtube.com/watch?v=AKAEIw-FvSk,AKAEIw-FvSk,ERROR: [youtube] AKAEIw-FvSk: This video is not available,False
,Art for Kids Hub,,kids,drawing for kids,8.47,,How To Draw A Cartoon Dolphin,https://www.youtube.com/watch?v=ou7NitF6gkU,ou7NitF6gkU,ERROR: [youtube] ou7NitF6gkU: This video is not available,False
,Art for Kids Hub,,kids,drawing for kids,8.13,,How To Draw The Pusheen Cat,https://www.youtube.com/watch?v=DS_PQYIGrTc,DS_PQYIGrTc,ERROR: [youtube] DS_PQYIGrTc: This video is not available,False
,Cute Easy Drawings,,kids,drawing for kids,8.49,,How to Draw a Cute Rainbow Flower Simple & Easy for Kids,https://www.youtube.com/watch?v=12t0V7z0a04,12t0V7z0a04,ERROR: [youtube] 12t0V7z0a04: This video is not available,False
,Chiki Art,,kids,drawing for kids,8.13,,How to Draw Shapes Step By Step | Easy Drawing for Kids | Chiki Art,https://www.youtube.com/watch?v=bUS-NASiYCs,bUS-NASiYCs,ERROR: [youtube] bUS-NASiYCs: This video is not available,False
,Art for Kids Hub,,kids,drawing for kids,7.85,,How To Draw A Red Panda Drinking Boba,https://www.youtube.com/watch?v=5Za4VXhsdUE,5Za4VXhsdUE,ERROR: [youtube] 5Za4VXhsdUE: This video is not available,False
,Cute Easy Drawings,,kids,drawing for kids,8.29,,How to Draw a Cute I LOVE YOU 'MOM' Card for Mother’s Day | Cute Easy Drawing for Kids,https://www.youtube.com/watch?v=oM7SV9HEn_I,oM7SV9HEn_I,ERROR: [youtube] oM7SV9HEn_I: This video is not available,False
,Art for Kids Hub,,kids,drawing for kids,7.69,,How To Draw A Cartoon Ankylosaurus,https://www.youtube.com/watch?v=p-dHw804GIo,p-dHw804GIo,ERROR: [youtube] p-dHw804GIo: This video is not available,False
,Cute Easy Drawings,,kids,drawing for kids,8.2,,How to Draw a Cute Coffee or Chocolate Cup – Easy for Kids and Toddlers!,https://www.youtube.com/watch?v=hVyt8vba-eU,hVyt8vba-eU,ERROR: [youtube] hVyt8vba-eU: This video is not available,False
,Art for Kids Hub,,kids,drawing for kids,7.93,,How To Draw A Unicorn Popsicle,https://www.youtube.com/watch?v=WMDfEeksr14,WMDfEeksr14,ERROR: [youtube] WMDfEeksr14: This video is not available,False
,Art for Kids Hub,,kids,drawing for kids,8.22,,How To Draw A Teddy Bear - US National Teddy Bear Day,https://www.youtube.com/watch?v=7q3Y6cyE0LI,7q3Y6cyE0LI,ERROR: [youtube] 7q3Y6cyE0LI: This video is not available,False
,Cute Easy Drawings,,kids,drawing for kids,7.83,,How to Draw a Cute Watermelon Ice Cream Easy for Kids and Toddlers,https://www.youtube.com/watch?v=eLwLxC6fVnI,eLwLxC6fVnI,ERROR: [youtube] eLwLxC6fVnI: This video is not available,False
,Art for Kids Hub,,kids,drawing for kids,7.65,,How To Draw A Bean Sprout Folding Surprise,https://www.youtube.com/watch?v=QPcSceXFric,QPcSceXFric,ERROR: [youtube] QPcSceXFric: This video is not available,False
,Cute Easy Drawings,,kids,drawing for kids,7.46,,How to Draw a Cute Watermelon Slice 🍉 | Easy Drawing for Kids | Kawaii Fruit Drawing,https://www.youtube.com/watch?v=1IeUmuKpHCI,1IeUmuKpHCI,ERROR: [youtube] 1IeUmuKpHCI: This video is not available,False
,Chiki Doodle - Learn How To Draw,,kids,drawing for kids,7.72,,10 Easy Animal Drawings for Kids Vol. 1 | Step by Step Drawing Tutorials | How to Draw Cute Animals,https://www.youtube.com/watch?v=7SWvlUd2at8,7SWvlUd2at8,ERROR: [youtube] 7SWvlUd2at8: This video is not available,False
,Cute Easy Drawings,,kids,drawing for kids,7.45,,"How to Draw a Cute Carrot, Easy Step by Step for Kids and Toddlers! draw along video",https://www.youtube.com/watch?v=t_BmP50DQqo,t_BmP50DQqo,ERROR: [youtube] t_BmP50DQqo: This video is not available,False
,Art for Kids Hub,,kids,drawing for kids,7.53,,How To Draw A Cute Ice Cream Cone,https://www.youtube.com/watch?v=UW6H5dAPuhY,UW6H5dAPuhY,ERROR: [youtube] UW6H5dAPuhY: This video is not available,False
,Art for Kids Hub,,kids,drawing for kids,8.0,,How To Draw SpongeBob SquarePants,https://www.youtube.com/watch?v=2bkwLTMVLww,2bkwLTMVLww,ERROR: [youtube] 2bkwLTMVLww: This video is not available,False
,Art for Kids Hub,,kids,drawing for kids,7.71,,How To Draw Stitch From Lilo And Stitch,https://www.youtube.com/watch?v=_g4vy7H8bdo,_g4vy7H8bdo,ERROR: [youtube] _g4vy7H8bdo: This video is not available,False
,Art for Kids Hub,,kids,drawing for kids,8.69,,How To Draw A Shark Folding Surprise Puppet,https://www.youtube.com/watch?v=wy2-3BxdtYY,wy2-3BxdtYY,ERROR: [youtube] wy2-3BxdtYY: This video is not available,False
,Art for Kids Hub,,kids,drawing for kids,8.67,,How To Draw Pizza - Preschool,https://www.youtube.com/watch?v=1gTJQOChf94,1gTJQOChf94,ERROR: [youtube] 1gTJQOChf94: This video is not available,False
,HooplaKidz How To - Featuring Chiki Art,,kids,drawing for kids,8.36,,How to Draw Simple Landscape Picture | Glitter Painting for Kids | HooplaKidz How To,https://www.youtube.com/watch?v=eGGwB93IGwo,eGGwB93IGwo,ERROR: [youtube] eGGwB93IGwo: This video is not available,False
,Art for Kids Hub,,kids,drawing for kids,7.86,,How To Draw Cinnamoroll From Hello Kitty,https://www.youtube.com/watch?v=vInTXlOIRzQ,vInTXlOIRzQ,ERROR: [youtube] vInTXlOIRzQ: This video is not available,False
,Draw So Cute,,kids,drawing for kids,7.73,,How to Draw a Stanley Quencher Tumbler Cup,https://www.youtube.com/watch?v=-hfbrnXzpWQ,-hfbrnXzpWQ,ERROR: [youtube] -hfbrnXzpWQ: This video is not available,False
,Art for Kids Hub,,kids,drawing for kids,7.56,,How To Draw Cartoon Candy Corn,https://www.youtube.com/watch?v=mEpUqkwdMVw,mEpUqkwdMVw,ERROR: [youtube] mEpUqkwdMVw: This video is not available,False
,DrawinGeek,,kids,drawing for kids,7.24,,Easy Drawings for Kids | How to draw a cute Ladybud,https://www.youtube.com/watch?v=Kg159gNncRg,Kg159gNncRg,ERROR: [youtube] Kg159gNncRg: This video is not available,False
,Art for Kids Hub,,kids,drawing for kids,7.63,,How To Draw A Dirt Bike,https://www.youtube.com/watch?v=KQcE05BlOh4,KQcE05BlOh4,ERROR: [youtube] KQcE05BlOh4: This video is not available,False
,Art for Kids Hub,,kids,drawing for kids,7.55,,How To Draw A Baby Axolotl,https://www.youtube.com/watch?v=2iF-9DAqYu8,2iF-9DAqYu8,ERROR: [youtube] 2iF-9DAqYu8: This video is not available,False
,Art for Kids Hub,,kids,drawing for kids,7.29,,How To Draw A Minion,https://www.youtube.com/watch?v=Td_BpE4DDXA,Td_BpE4DDXA,ERROR: [youtube] Td_BpE4DDXA: This video is not available,False
,Magic Fingers Art,,kids,drawing for kids,7.11,,"Apple and 8 More Fruits Drawing, Painting, Coloring for Kids and Toddlers | Learn Fruits #309",https://www.youtube.com/watch?v=uonquoP1iGw,uonquoP1iGw,ERROR: [youtube] uonquoP1iGw: This video is not available,False
,Cute Easy Drawings,,kids,drawing for kids,6.96,,How to Draw a Cute Easy Boba Tea / Bubble Chocolate Tea for Kids Step by Step,https://www.youtube.com/watch?v=gcfy8QA76zA,gcfy8QA76zA,ERROR: [youtube] gcfy8QA76zA: This video is not available,False
,Easy Kids Drawings,,kids,drawing for kids,7.93,,How to Draw a CAR - Easy Kids Drawings,https://www.youtube.com/watch?v=cYwCVvI9B_M,cYwCVvI9B_M,ERROR: [youtube] cYwCVvI9B_M: This video is not available,False
,Art for Kids Hub,,kids,drawing for kids,8.23,,How To Draw A Cute Cat Unicorn,https://www.youtube.com/watch?v=rznC52oPBuY,rznC52oPBuY,ERROR: [youtube] rznC52oPBuY: This video is not available,False
,Coach Corey Martin,,kids,kids exercise,7.83,,🟪 KPop Brain Break Party 🟪 K-Pop Demon Hunters 🟪 Brain Breaks for Kids 🟪 Danny Go Inspired,https://www.youtube.com/watch?v=SeZo3b7_sfU,SeZo3b7_sfU,ERROR: [youtube] SeZo3b7_sfU: This video is not available,False
,Numberblocks,,kids,math for kids,7.79,,Learn to Count from 1 to 100! 🎲 l Counting for Kids | 12345 | @Numberblocks,https://www.youtube.com/watch?v=7S7fO7I3mRQ,7S7fO7I3mRQ,ERROR: [youtube] 7S7fO7I3mRQ: This video is not available,False
,Super Simple Songs - Kids Songs,,kids,math for kids,7.38,,Adding Up To 10 | Bumble Nums Counting Song! | Super Simple Songs,https://www.youtube.com/watch?v=vR4pVGNisZA,vR4pVGNisZA,ERROR: [youtube] vR4pVGNisZA: This video is not available,False
,Numberblocks,,kids,math for kids,8.05,,First Grade Math Extravaganza! 🧮 | Counting for Kids | @Numberblocks,https://www.youtube.com/watch?v=dCIhDUWS2X8,dCIhDUWS2X8,ERROR: [youtube] dCIhDUWS2X8: This video is not available,False
,Numberblocks,,kids,math for kids,8.14,,Multiplication for Kids Compilation - Best Times Tables Tricks! | Learn to Count | @Numberblocks,https://www.youtube.com/watch?v=W_GH5z8Nuoc,W_GH5z8Nuoc,ERROR: [youtube] W_GH5z8Nuoc: This video is not available,False
,Alan Becker,,kids,math for kids,8.45,,Animation vs. Math,https://www.youtube.com/watch?v=B1J6Ou4q8vE,B1J6Ou4q8vE,ERROR: [youtube] B1J6Ou4q8vE: Sign in to confirm you’re not a bot. Use --cookies-from-browser or --cookies for the authentication. See  https://github.com/yt-dlp/yt-dlp/wiki/FAQ#how-do-i-pass-cookies-to-yt-dlp  for how to manually pass cookies. Also see  https://github.com/yt-dlp/yt-dlp/wiki/Extractors#exporting-youtube-cookies  for tips on effectively exporting YouTube cookies,False
,Math Quiz for Kids,,kids,math for kids,7.29,,20 Math Quiz for Kids | One Digit Addition Quiz,https://www.youtube.com/watch?v=VvKAVy5MKLA,VvKAVy5MKLA,ERROR: [youtube] VvKAVy5MKLA: This video is not available,False
,Numberock,,kids,math for kids,7.59,,"Place Value Song For Kids | Ones, Tens, & Hundreds | 1st - 3rd Grade",https://www.youtube.com/watch?v=a4FXl4zb3E4,a4FXl4zb3E4,ERROR: [youtube] a4FXl4zb3E4: This video is not available,False
,Numberblocks,,kids,math for kids,7.19,,Second Grade Math - Learn To Count! | Numberblocks Compilation | 123 -Numbers Cartoon For Kids,https://www.youtube.com/watch?v=QdSUN96eQKY,QdSUN96eQKY,ERROR: [youtube] QdSUN96eQKY: This video is not available,False
,Numberock,,kids,math for kids,7.76,,Counting to 20 Song For Kids | Learn To Count From 1-20 | Pre-K - Kindergarten,https://www.youtube.com/watch?v=Be4j6lJpFTQ,Be4j6lJpFTQ,ERROR: [youtube] Be4j6lJpFTQ: This video is not available,False
,The Kids' Picture Show,,kids,math for kids,7.2,,"Vehicle Math - Addition 2 - With Trucks, Buses & Emergency Vehicles - The Kids' Picture Show",https://www.youtube.com/watch?v=YomsOLck0vQ,YomsOLck0vQ,ERROR: [youtube] YomsOLck0vQ: This video is not available,False
,Tiny Math Genius,,kids,math for kids,8.68,,Solve These Addition Problems Before Time Runs Out ⏰| Kids Math Challenge,https://www.youtube.com/watch?v=sa1YW48_lMQ,sa1YW48_lMQ,ERROR: [youtube] sa1YW48_lMQ: This video is not available,False
,Jack Hartmann Kids Music Channel,,kids,math for kids,8.62,,Let's Get Fit | Count to 100 by 1's | 100 Days of School Song | Counting to 100 | Jack Hartmann,https://www.youtube.com/watch?v=0TgLtF3PMOc,0TgLtF3PMOc,ERROR: [youtube] 0TgLtF3PMOc: This video is not available,False
,Scratch Garden,,kids,math for kids,8.3,,Mini Math Movies Compilation! | Math Video Collection | Scratch Garden,https://www.youtube.com/watch?v=RdzCXBgB-9s,RdzCXBgB-9s,ERROR: [youtube] RdzCXBgB-9s: This video is not available,False
,Numberblocks,,kids,math for kids,8.05,,Super Simple Sums - First Day of Spring 🌷 | Learn Adition & Substraction for Kids | @Numberblocks,https://www.youtube.com/watch?v=f1HNApls7Es,f1HNApls7Es,ERROR: [youtube] f1HNApls7Es: This video is not available,False
,educational corner and Educational Fun Blocks,,kids,math for kids,7.14,,NUMBERBLOCKS ADDITION OF BIG TO SMALL NUMBERS @educationalcorner110 |Math for kids,https://www.youtube.com/watch?v=wdfc9hZVtMs,wdfc9hZVtMs,ERROR: [youtube] wdfc9hZVtMs: This video is not available,False
,Kids Learn and Grow - Educational Videos,,kids,math for kids,7.52,,"Best Learn Shapes, Numbers & Counting 1 to 20 | Preschool Toddler Learning Toy Video",https://www.youtube.com/watch?v=IC1i7GAaYGY,IC1i7GAaYGY,ERROR: [youtube] IC1i7GAaYGY: This video is not available,False
,Lalafun - Nursery Rhymes,,kids,kids songs,7.11,,Old MacDonald Song with Safari Animals | Lalafun Nursery Rhymes & Kids Songs,https://www.youtube.com/watch?v=drkOBuiGPCM,drkOBuiGPCM,ERROR: [youtube] drkOBuiGPCM: This video is not available,False
,Cocomelon - Nursery Rhymes,,kids,kids songs,7.38,,Baby Shark | @CoComelon Nursery Rhymes & Kids Songs,https://www.youtube.com/watch?v=020g-0hhCAU,020g-0hhCAU,ERROR: [youtube] 020g-0hhCAU: This video is not available,False
,Gaby and Alex,,kids,kids songs,6.68,,Head Shoulders Knees and Toes + More Nursery Rhymes & Kids Songs with Gaby and Alex,https://www.youtube.com/watch?v=jHfwxsGO904,jHfwxsGO904,ERROR: [youtube] jHfwxsGO904: This video is not available,False
,My Fun Animal Friends,,kids,kids songs,6.88,,Let's Count 5 Little Ducks! 🐤 | CoComelon Nursery Rhymes and Kids Songs | Animals for Kids,https://www.youtube.com/watch?v=Z_sWD5iSE0w,Z_sWD5iSE0w,ERROR: [youtube] Z_sWD5iSE0w: This video is not available,False
,Pups Songs | Learn Music Skills for Kids,,kids,kids songs,7.02,,Grip It Don’t Quit It Song | Fun Puppy Rescue Song for Kids- Learning Perseverance & Positive Habits,https://www.youtube.com/watch?v=yyytDPaQy-M,yyytDPaQy-M,ERROR: [youtube] yyytDPaQy-M: This video is not available,False
,Genki Park,,kids,kids songs,7.12,,Brush Your Teeth Song - Kids Songs - Nursery Rhymes - Dental Health - Kindergarten - Healthy Habits,https://www.youtube.com/watch?v=T1Fnb4iVf-c,T1Fnb4iVf-c,ERROR: [youtube] T1Fnb4iVf-c: This video is not available,False
,God’s Joy Kids,,kids,kids songs,7.24,,"I've Got the Joy, Joy, Joy | Christian Song for Kids | Bible Worship Fun & Learning",https://www.youtube.com/watch?v=jjYi-qTzqr4,jjYi-qTzqr4,ERROR: [youtube] jjYi-qTzqr4: This video is not available,False
,Kids Funny Songs,,kids,kids songs,7.03,,Don't Lie - Always Tell the Truth Song with new heroes | Kids Funny Songs,https://www.youtube.com/watch?v=fu9NVGd_tcA,fu9NVGd_tcA,ERROR: [youtube] fu9NVGd_tcA: This video is not available,False
,Lalafun - Nursery Rhymes,,kids,kids songs,7.12,,Good Manners Song | Good Boy Learns Manners + MORE Lalafun Nursery Rhymes & Original Kids Songs,https://www.youtube.com/watch?v=Yhi4-bQm1os,Yhi4-bQm1os,ERROR: [youtube] Yhi4-bQm1os: This video is not available,False
,Super Simple Songs - Topic,,kids,kids songs,7.66,,Old MacDonald Had a Farm,https://www.youtube.com/watch?v=j9-7ooe3JLM,j9-7ooe3JLM,ERROR: [youtube] j9-7ooe3JLM: This video is not available,False
,Super Simple Songs - Kids Songs,,kids,kids songs,7.75,,Who Took The Cookie? | Nursery Rhyme | Super Simple Songs,https://www.youtube.com/watch?v=OzKY5YHnOTg,OzKY5YHnOTg,ERROR: [youtube] OzKY5YHnOTg: This video is not available,False
,TigiBoo,,kids,kids songs,8.39,,Surprise Eggs Kids Songs | TigiBoo | Nursery Rhymes,https://www.youtube.com/watch?v=TGNxqahCsdw,TGNxqahCsdw,ERROR: [youtube] TGNxqahCsdw: This video is not available,False
,KopaKopa,,kids,kids songs,7.25,,Poppy Bobby Likes To Play | Kids Songs,https://www.youtube.com/watch?v=gHTN_1AEBd8,gHTN_1AEBd8,ERROR: [youtube] gHTN_1AEBd8: This video is not available,False
,Ms Rachel - Toddler Learning Videos,,kids,kids songs,8.15,,Wheels On The Bus + More Nursery Rhymes & Kids Songs - Educational Videos for Kids & Toddlers,https://www.youtube.com/watch?v=bOiYN7iU-W8,bOiYN7iU-W8,ERROR: [youtube] bOiYN7iU-W8: This video is not available,False
,Lil' Lil Kid's Songs,,kids,kids songs,7.74,,See You Later Alligator 🐊 + 6 More Adorable Kids Songs | Cute 3D Animated Nursery Rhymes Compilation,https://www.youtube.com/watch?v=M01dnDK8mL0,M01dnDK8mL0,ERROR: [youtube] M01dnDK8mL0: This video is not available,False
,✿ Kids Diana Show,,kids,kids songs,7.26,,Diana and Roma - Best Kids Songs,https://www.youtube.com/watch?v=ejcQiDPh7Ok,ejcQiDPh7Ok,ERROR: [youtube] ejcQiDPh7Ok: This video is not available,False
,Super Simple Songs - Kids Songs,,kids,kids songs,8.11,,One Little Finger featuring @NoodleAndPals | Kids Song | Super Simple Songs,https://www.youtube.com/watch?v=eBVqcTEC3zQ,eBVqcTEC3zQ,ERROR: [youtube] eBVqcTEC3zQ: This video is not available,False
,Lil' Lil Kid's Songs,,kids,kids songs,7.87,,See You Later Alligator 🐊 + 3 More Adorable Songs | Cutest 3D Kids Song Compilation,https://www.youtube.com/watch?v=5m7mc8cmjng,5m7mc8cmjng,ERROR: [youtube] 5m7mc8cmjng: This video is not available,False
,Leo Kids Songs,,kids,kids songs,7.84,,Here You Are Song For Kids | Nursery Rhymes & Toddler Songs | Leo Kids Songs,https://www.youtube.com/watch?v=vbYhhMLFJ9g,vbYhhMLFJ9g,ERROR: [youtube] vbYhhMLFJ9g: This video is not available,False
,Hooray Kids Songs & Nursery Rhymes,,kids,kids songs,7.12,,Healthy habits kids songs compilation | Hooray Kids Songs | Hacky Smacky - Wash us - Boo-boo Song,https://www.youtube.com/watch?v=vCMNOiQlnD0,vCMNOiQlnD0,ERROR: [youtube] vCMNOiQlnD0: This video is not available,False
,Eli Kids - Cartoons & Songs,,kids,kids songs,7.45,,Ice Cream Floods The House +More | Eli Kids Songs & Nursery Rhymes,https://www.youtube.com/watch?v=Qbk33zDq9og,Qbk33zDq9og,ERROR: [youtube] Qbk33zDq9og: This video is not available,False
,Twin Toons TV,,kids,kids songs,6.4,,പപ്പടം പാട്ട് | Pappadam Song for Kids | 3D Malayalam Cartoon Kids Songs,https://www.youtube.com/watch?v=pWHTyuF2rf4,pWHTyuF2rf4,ERROR: [youtube] pWHTyuF2rf4: This video is not available,False
,King English Kids,,kids,kids songs,7.27,,"See You Later, Alligator 🐊 | I Love You Mommy ❤️, I Love You Daddy ❤️ | Kids Songs",https://www.youtube.com/watch?v=CGjRPy31uZE,CGjRPy31uZE,ERROR: [youtube] CGjRPy31uZE: This video is not available,False
,Hi Heaven,,kids,kids songs,7.31,,Father Abraham ⭐ Kids Songs ⭐ Hi Heaven,https://www.youtube.com/watch?v=hzvkmkgbyAc,hzvkmkgbyAc,ERROR: [youtube] hzvkmkgbyAc: This video is not available,False
,Buki Kids,,kids,kids songs,7.06,,"Buki Kids Songs Compilation Vol 1.🎵 | Kye Kye Kule, Kwakwe Bibio, Across Africa & Amina Tolé",https://www.youtube.com/watch?v=vsRI-KAHYCk,vsRI-KAHYCk,ERROR: [youtube] vsRI-KAHYCk: This video is not available,False
,NuNu Tv Nursery Rhymes,,kids,kids songs,6.89,,A Ram Sam Sam + More Dance Songs for kids | Nursery Rhymes & Kids Songs | NuNu Tv,https://www.youtube.com/watch?v=LrO_ckUNTbU,LrO_ckUNTbU,ERROR: [youtube] LrO_ckUNTbU: This video is not available,False
,Super Simple Songs - Kids Songs,,kids,kids songs,6.73,,Five Little Ducks | Kids Songs | Super Simple Songs,https://www.youtube.com/watch?v=pZw9veQ76fo,pZw9veQ76fo,ERROR: [youtube] pZw9veQ76fo: This video is not available,False
,Baby JoJo - Nursery Rhymes,,kids,kids songs,7.39,,The Ice Cream Song + More Children Songs & Cartoons | Baby JoJo Nursery Rhymes & Kids Songs,https://www.youtube.com/watch?v=ARyyXpyMWR8,ARyyXpyMWR8,ERROR: [youtube] ARyyXpyMWR8: This video is not available,False
,Twinkle Little Songs - Nursery Rhymes,,kids,kids songs,7.56,,Nursery Rhymes for Babies | If You Are Happy + More Kids Songs | Twinkle Little Songs,https://www.youtube.com/watch?v=8fOOYjUIb1g,8fOOYjUIb1g,ERROR: [youtube] 8fOOYjUIb1g: This video is not available,False
,JuJJu Kids Tamil,,kids,kids songs,7.69,,🐱 மியாவ் மியாவ் மியாவ் | Meow Meow Meow | Tamil Kids Song | Tamil Rhymes for Children | JuJJu Kids,https://www.youtube.com/watch?v=lSqBiuA30j0,lSqBiuA30j0,ERROR: [youtube] lSqBiuA30j0: This video is not available,False
,Ms Rachel - Toddler Learning Videos,,kids,kids songs,7.16,,Caterpillar Song - Kids Songs and Nursery Rhymes - Songs for Toddlers - Ms Rachel Songs on YouTube,https://www.youtube.com/watch?v=yQyEmZIw1e8,yQyEmZIw1e8,ERROR: [youtube] yQyEmZIw1e8: This video is not available,False
,KidsTV123,,kids,kids songs,7.02,,Kids Songs Collection,https://www.youtube.com/watch?v=j1bR-0XBfcs,j1bR-0XBfcs,ERROR: [youtube] j1bR-0XBfcs: This video is not available,False
,Kids Faith TV,,kids,kids songs,8.04,,Walking with Jesus | More Christian Songs for Kids | Kids Faith TV,https://www.youtube.com/watch?v=HL_JwHDVaXw,HL_JwHDVaXw,ERROR: [youtube] HL_JwHDVaXw: This video is not available,False
,Mr. Bricks,,kids,lego kids,6.96,,LEGO minifigure… But it’s NOT plastic,https://www.youtube.com/watch?v=TyunQ_Ee11c,TyunQ_Ee11c,ERROR: [youtube] TyunQ_Ee11c: Sign in to confirm you’re not a bot. Use --cookies-from-browser or --cookies for the authentication. See  https://github.com/yt-dlp/yt-dlp/wiki/FAQ#how-do-i-pass-cookies-to-yt-dlp  for how to manually pass cookies. Also see  https://github.com/yt-dlp/yt-dlp/wiki/Extractors#exporting-youtube-cookies  for tips on effectively exporting YouTube cookies,False
,NuNu Tv Nursery Rhymes,,kids,kids songs,8.1,,"Finger Family Song + More Nursery Rhymes & Kids Songs | Sing, Laugh & Learn | NuNu Tv",https://www.youtube.com/watch?v=ydzMRmnPSX0,ydzMRmnPSX0,ERROR: [youtube] ydzMRmnPSX0: This video is not available,False
,Digit Kids,,kids,kids songs,8.08,,Che Che Kule – Danse Africaine Enfants 🔥 Comptine Africaine Fun | Digit Kids Official,https://www.youtube.com/watch?v=A_LksR8-3w8,A_LksR8-3w8,ERROR: [youtube] A_LksR8-3w8: This video is not available,False
,KIDS2KIDS,,kids,toy review kids,8.22,,Monster Truck Toys UNBOXING 📦 Monster Jam MEGALODON MONSTER Car WASH (Dirty to Clean Color Changers),https://www.youtube.com/watch?v=vhX_BD_OKhk,vhX_BD_OKhk,ERROR: [youtube] vhX_BD_OKhk: This video is not available,False
,HeyKids - Nursery Rhymes,,kids,kids songs,8.7,,A Ram Sam Sam song for kids + more nursery rhymes by HeyKids,https://www.youtube.com/watch?v=WEwmqyjUE8E,WEwmqyjUE8E,ERROR: [youtube] WEwmqyjUE8E: This video is not available,False
,Ms Rachel - Toddler Learning Videos,,kids,nursery rhymes,7.37,,Hop Little Bunnies Hop Hop Hop + More Ms Rachel Nursery Rhymes & Kids Songs,https://www.youtube.com/watch?v=gngPQ771Ahk,gngPQ771Ahk,ERROR: [youtube] gngPQ771Ahk: This video is not available,False
,Pop Babies,,kids,nursery rhymes,8.47,,If You're Happy And You Know It + More Nursery Rhymes | 26 Mins Non-Stop Compilation | Pop Babies,https://www.youtube.com/watch?v=AQ3iGtewmWQ,AQ3iGtewmWQ,ERROR: [youtube] AQ3iGtewmWQ: This video is not available,False
,Mr Tumble and Friends,,kids,nursery rhymes,8.5,,Mr Tumble's Super Songs and Nursery Rhymes Compilation! 🎶 | With Makaton | Mr Tumble and Friends,https://www.youtube.com/watch?v=U4nMMMJKL7c,U4nMMMJKL7c,ERROR: [youtube] U4nMMMJKL7c: This video is not available,False
,Sing and Learn with Vicky,,kids,nursery rhymes,8.12,,Wind The Bobbin Up! And lots more Nursery Rhymes! 65 minutes!,https://www.youtube.com/watch?v=1mcvQgp-iV4,1mcvQgp-iV4,ERROR: [youtube] 1mcvQgp-iV4: This video is not available,False
,Nursery Rhymes TV,,kids,nursery rhymes,7.0,,TOP 30 NURSERY RHYMES SONGS | Compilation | Nursery Rhymes TV | English Songs For Kids,https://www.youtube.com/watch?v=5rh-G4CevUA,5rh-G4CevUA,ERROR: [youtube] 5rh-G4CevUA: This video is not available,False
,Little LaLa's Nursery Rhymes,,kids,nursery rhymes,8.65,,5 Little Ducks song | Newborn Baby Songs & Nursery Rhymes,https://www.youtube.com/watch?v=izfUsHZw9bs,izfUsHZw9bs,ERROR: [youtube] izfUsHZw9bs: This video is not available,False
,Kids Carnival,,kids,nursery rhymes,7.69,,Top 10 - Ten Most Popular Nursery Rhymes Collection Vol. 1 with Lyrics | Kids Videos For Kids,https://www.youtube.com/watch?v=lI2wHDsnk0Q,lI2wHDsnk0Q,ERROR: [youtube] lI2wHDsnk0Q: This video is not available,False
,Sing and Learn with Vicky,,kids,nursery rhymes,7.05,,The Wheels On The Bus And Lots More Nursery Rhymes! 30 minutes!,https://www.youtube.com/watch?v=ag0jIHvWirM,ag0jIHvWirM,ERROR: [youtube] ag0jIHvWirM: This video is not available,False
,Kidsberry - Nursery Rhymes ♫ ,,kids,nursery rhymes,6.84,,Old MacdDonald Had A Farm + More Kidsberry Nursery Rhymes & Baby Songs,https://www.youtube.com/watch?v=6FVLPV4HmBo,6FVLPV4HmBo,ERROR: [youtube] 6FVLPV4HmBo: This video is not available,False
,Dave and Ava - Nursery Rhymes and Baby Songs,,kids,nursery rhymes,6.76,,📚 Days of the Week | Nursery Rhymes & Baby Songs by Dave and Ava 📚,https://www.youtube.com/watch?v=hcOdWqzo_qQ,hcOdWqzo_qQ,ERROR: [youtube] hcOdWqzo_qQ: This video is not available,False
,Sing and Learn with Vicky,,kids,nursery rhymes,6.17,,Old MacDonald Had A Farm! And lots more Nursery Rhymes! 90 minutes!,https://www.youtube.com/watch?v=BfKFrec8mGA,BfKFrec8mGA,ERROR: [youtube] BfKFrec8mGA: This video is not available,False
,ChuChu TV Nursery Rhymes & Kids Songs,,kids,nursery rhymes,6.84,,"Rain, Rain, Go Away Nursery Rhyme With Lyrics - Cartoon Animation Rhymes & Songs for Children",https://www.youtube.com/watch?v=Zu6o23Pu0Do,Zu6o23Pu0Do,ERROR: [youtube] Zu6o23Pu0Do: This video is not available,False
,Nursery Rhymes TV,,kids,nursery rhymes,6.2,,TOP 20 ENGLISH NURSERY RHYMES | Compilation | Nursery Rhymes TV | English Songs For Kids,https://www.youtube.com/watch?v=lzc_Rd4TuYg,lzc_Rd4TuYg,ERROR: [youtube] lzc_Rd4TuYg: This video is not available,False
,Super Simple Songs - Kids Songs,,kids,nursery rhymes,6.31,,Old MacDonald Had A Farm + More | Kids Songs and Nursery Rhymes | Super Simple Songs,https://www.youtube.com/watch?v=lWhqORImND0,lWhqORImND0,ERROR: [youtube] lWhqORImND0: This video is not available,False
,IshKids Baby Songs,,kids,nursery rhymes,5.9,,BINGO | Nursery Rhymes | Baby Song | IshKids Baby Songs,https://www.youtube.com/watch?v=prCvGKoybNE,prCvGKoybNE,ERROR: [youtube] prCvGKoybNE: This video is not available,False
,Cocomelon - Nursery Rhymes,,kids,nursery rhymes,5.74,,Finger Family - Classic Nursery Rhymes | CoComelon Nursery Rhymes & Kids Songs,https://www.youtube.com/watch?v=vTLfOqEolsk,vTLfOqEolsk,ERROR: [youtube] vTLfOqEolsk: This video is not available,False
,Toddler Fun Learning,,kids,nursery rhymes,6.04,,Incy Wincy Spider and More Nursery Rhymes for children! | Children Songs | Toddler Fun Learning,https://www.youtube.com/watch?v=buE6l32rCHo,buE6l32rCHo,ERROR: [youtube] buE6l32rCHo: This video is not available,False
,Sing and Learn with Vicky,,kids,nursery rhymes,5.72,,Down In The Jungle! And lots more Nursery Rhymes! 75 minutes!,https://www.youtube.com/watch?v=gb85n7gSJWo,gb85n7gSJWo,ERROR: [youtube] gb85n7gSJWo: This video is not available,False
,ChuChu TV Nursery Rhymes & Kids Songs,,kids,nursery rhymes,5.26,,"ChuChu TV Classics - Head, Shoulders, Knees & Toes Exercise Song + More Popular Baby Nursery Rhymes",https://www.youtube.com/watch?v=VXokId-v7oU,VXokId-v7oU,ERROR: [youtube] VXokId-v7oU: This video is not available,False
,T-Series Kids Hut,,kids,bedtime stories for kids,5.17,,🐱 The Lost Little Kitten | Moral Story for Kids | Bedtime Story | Learning & Life Lessons,https://www.youtube.com/watch?v=fiA9eVpXUKs,fiA9eVpXUKs,ERROR: [youtube] fiA9eVpXUKs: This video is not available,False
,Kraff Official,,kids,nursery rhymes,5.34,,Kraff - Nursery Rhymes  | Official Music Video (Dutty Money Riddim),https://www.youtube.com/watch?v=k5HwLyuAnpA,k5HwLyuAnpA,ERROR: [youtube] k5HwLyuAnpA: Sign in to confirm you’re not a bot. Use --cookies-from-browser or --cookies for the authentication. See  https://github.com/yt-dlp/yt-dlp/wiki/FAQ#how-do-i-pass-cookies-to-yt-dlp  for how to manually pass cookies. Also see  https://github.com/yt-dlp/yt-dlp/wiki/Extractors#exporting-youtube-cookies  for tips on effectively exporting YouTube cookies,False
,Der Kommandant English,,youtube,documentary,7.74,,THE ENTIRE World War II From The German Perspective | Documentary in PURE COLOR,https://www.youtube.com/watch?v=dAHJ0omYo7U,dAHJ0omYo7U,ERROR: [youtube] dAHJ0omYo7U: Sign in to confirm you’re not a bot. Use --cookies-from-browser or --cookies for the authentication. See  https://github.com/yt-dlp/yt-dlp/wiki/FAQ#how-do-i-pass-cookies-to-yt-dlp  for how to manually pass cookies. Also see  https://github.com/yt-dlp/yt-dlp/wiki/Extractors#exporting-youtube-cookies  for tips on effectively exporting YouTube cookies,False
,National Geographic and Nat Geo Animals,,youtube,documentary,8.38,,Ocean with David Attenborough (Full Documentary) | World Ocean Day Special | National Geographic,https://www.youtube.com/watch?v=ugJB5haR0SE,ugJB5haR0SE,ERROR: [youtube] ugJB5haR0SE: Sign in to confirm you’re not a bot. Use --cookies-from-browser or --cookies for the authentication. See  https://github.com/yt-dlp/yt-dlp/wiki/FAQ#how-do-i-pass-cookies-to-yt-dlp  for how to manually pass cookies. Also see  https://github.com/yt-dlp/yt-dlp/wiki/Extractors#exporting-youtube-cookies  for tips on effectively exporting YouTube cookies,False
,WILD NATURE - Nature animal documentary,,youtube,documentary,8.46,,AFRICAN SAVANNAH | Serengeti's Greatest Fight for Survival (Full Episode) | Wildlife Documentary,https://www.youtube.com/watch?v=L7DA10jOzcY,L7DA10jOzcY,ERROR: [youtube] L7DA10jOzcY: Sign in to confirm you’re not a bot. Use --cookies-from-browser or --cookies for the authentication. See  https://github.com/yt-dlp/yt-dlp/wiki/FAQ#how-do-i-pass-cookies-to-yt-dlp  for how to manually pass cookies. Also see  https://github.com/yt-dlp/yt-dlp/wiki/Extractors#exporting-youtube-cookies  for tips on effectively exporting YouTube cookies,False
,Free Documentary - History,,youtube,documentary,8.33,,Soviet Union: Rise & Fall of the Communist Empire | Free Documentary History,https://www.youtube.com/watch?v=u3VQAxq6i4k,u3VQAxq6i4k,ERROR: [youtube] u3VQAxq6i4k: Sign in to confirm you’re not a bot. Use --cookies-from-browser or --cookies for the authentication. See  https://github.com/yt-dlp/yt-dlp/wiki/FAQ#how-do-i-pass-cookies-to-yt-dlp  for how to manually pass cookies. Also see  https://github.com/yt-dlp/yt-dlp/wiki/Extractors#exporting-youtube-cookies  for tips on effectively exporting YouTube cookies,False
,DW Documentary,,youtube,documentary,8.49,,The fight for water | DW Documentary,https://www.youtube.com/watch?v=1MZFrJPPIQ8,1MZFrJPPIQ8,ERROR: [youtube] 1MZFrJPPIQ8: Sign in to confirm you’re not a bot. Use --cookies-from-browser or --cookies for the authentication. See  https://github.com/yt-dlp/yt-dlp/wiki/FAQ#how-do-i-pass-cookies-to-yt-dlp  for how to manually pass cookies. Also see  https://github.com/yt-dlp/yt-dlp/wiki/Extractors#exporting-youtube-cookies  for tips on effectively exporting YouTube cookies,False
,Finding Daylight,,youtube,documentary,8.72,,Finding Daylight | 9/11 25th Anniversary Documentary (Full Film),https://www.youtube.com/watch?v=hPdyiDSvuGw,hPdyiDSvuGw,ERROR: [youtube] hPdyiDSvuGw: Sign in to confirm you’re not a bot. Use --cookies-from-browser or --cookies for the authentication. See  https://github.com/yt-dlp/yt-dlp/wiki/FAQ#how-do-i-pass-cookies-to-yt-dlp  for how to manually pass cookies. Also see  https://github.com/yt-dlp/yt-dlp/wiki/Extractors#exporting-youtube-cookies  for tips on effectively exporting YouTube cookies,False
,American Experience | PBS,,youtube,documentary,8.87,,"The Brief, Violent Life of Billy The Kid | Full Documentary | American Experience PBS",https://www.youtube.com/watch?v=p7acAcG99tY,p7acAcG99tY,ERROR: [youtube] p7acAcG99tY: Sign in to confirm you’re not a bot. Use --cookies-from-browser or --cookies for the authentication. See  https://github.com/yt-dlp/yt-dlp/wiki/FAQ#how-do-i-pass-cookies-to-yt-dlp  for how to manually pass cookies. Also see  https://github.com/yt-dlp/yt-dlp/wiki/Extractors#exporting-youtube-cookies  for tips on effectively exporting YouTube cookies,False
,Sport X,,youtube,documentary,9.01,,Dennis Rodman • BAD BOY • Documentary,https://www.youtube.com/watch?v=ukOOIx_jFAA,ukOOIx_jFAA,ERROR: [youtube] ukOOIx_jFAA: Sign in to confirm you’re not a bot. Use --cookies-from-browser or --cookies for the authentication. See  https://github.com/yt-dlp/yt-dlp/wiki/FAQ#how-do-i-pass-cookies-to-yt-dlp  for how to manually pass cookies. Also see  https://github.com/yt-dlp/yt-dlp/wiki/Extractors#exporting-youtube-cookies  for tips on effectively exporting YouTube cookies,False
,Get.factual,,youtube,documentary,9.06,,"Birds: Melodies, Feathers, and Flight | Full Wildlife Documentary",https://www.youtube.com/watch?v=__6mXmIc3p4,__6mXmIc3p4,ERROR: [youtube] __6mXmIc3p4: Sign in to confirm you’re not a bot. Use --cookies-from-browser or --cookies for the authentication. See  https://github.com/yt-dlp/yt-dlp/wiki/FAQ#how-do-i-pass-cookies-to-yt-dlp  for how to manually pass cookies. Also see  https://github.com/yt-dlp/yt-dlp/wiki/Extractors#exporting-youtube-cookies  for tips on effectively exporting YouTube cookies,False
,DW Documentary,,youtube,documentary,9.27,,Inside the AfD - How Germany's far-right populist party operates | DW Documentary,https://www.youtube.com/watch?v=gedOEGjyMHA,gedOEGjyMHA,ERROR: [youtube] gedOEGjyMHA: Sign in to confirm you’re not a bot. Use --cookies-from-browser or --cookies for the authentication. See  https://github.com/yt-dlp/yt-dlp/wiki/FAQ#how-do-i-pass-cookies-to-yt-dlp  for how to manually pass cookies. Also see  https://github.com/yt-dlp/yt-dlp/wiki/Extractors#exporting-youtube-cookies  for tips on effectively exporting YouTube cookies,False
,Disturbed World,,youtube,documentary,9.15,,Inside the IRA's War Against Britain | Full Documentary,https://www.youtube.com/watch?v=WKartru6lyA,WKartru6lyA,ERROR: [youtube] WKartru6lyA: Sign in to confirm you’re not a bot. Use --cookies-from-browser or --cookies for the authentication. See  https://github.com/yt-dlp/yt-dlp/wiki/FAQ#how-do-i-pass-cookies-to-yt-dlp  for how to manually pass cookies. Also see  https://github.com/yt-dlp/yt-dlp/wiki/Extractors#exporting-youtube-cookies  for tips on effectively exporting YouTube cookies,False
,PBS NewsHour,,youtube,documentary,9.21,,China: Power and Prosperity -- Watch the full documentary,https://www.youtube.com/watch?v=JovtmKFxi3c,JovtmKFxi3c,ERROR: [youtube] JovtmKFxi3c: Sign in to confirm you’re not a bot. Use --cookies-from-browser or --cookies for the authentication. See  https://github.com/yt-dlp/yt-dlp/wiki/FAQ#how-do-i-pass-cookies-to-yt-dlp  for how to manually pass cookies. Also see  https://github.com/yt-dlp/yt-dlp/wiki/Extractors#exporting-youtube-cookies  for tips on effectively exporting YouTube cookies,False
,PBS Documentaries,,youtube,documentary,9.32,,The Real History of Africa They Never Taught You | Full Documentary | Africa's Great Civilizations,https://www.youtube.com/watch?v=2XS7s9S6q8Q,2XS7s9S6q8Q,ERROR: [youtube] 2XS7s9S6q8Q: Sign in to confirm you’re not a bot. Use --cookies-from-browser or --cookies for the authentication. See  https://github.com/yt-dlp/yt-dlp/wiki/FAQ#how-do-i-pass-cookies-to-yt-dlp  for how to manually pass cookies. Also see  https://github.com/yt-dlp/yt-dlp/wiki/Extractors#exporting-youtube-cookies  for tips on effectively exporting YouTube cookies,False
,The Unseen Earth,,youtube,documentary,9.22,,"COASTAL SEAS | Life, Waves and Secrets Along the World’s Shores | FULL DOCUMENTARY",https://www.youtube.com/watch?v=soPxOWqQpUc,soPxOWqQpUc,ERROR: [youtube] soPxOWqQpUc: Sign in to confirm you’re not a bot. Use --cookies-from-browser or --cookies for the authentication. See  https://github.com/yt-dlp/yt-dlp/wiki/FAQ#how-do-i-pass-cookies-to-yt-dlp  for how to manually pass cookies. Also see  https://github.com/yt-dlp/yt-dlp/wiki/Extractors#exporting-youtube-cookies  for tips on effectively exporting YouTube cookies,False
,Open Planet and 4 more,,youtube,documentary,9.31,,How to Live on Earth | Feature Documentary | Presented by Benedict Cumberbatch,https://www.youtube.com/watch?v=h3mRsvFmWi0,h3mRsvFmWi0,ERROR: [youtube] h3mRsvFmWi0: Premieres in 4 hours,False
,Free High-Quality Documentaries,,youtube,documentary,9.34,,The fascinating migration of tuna | Full Documentary,https://www.youtube.com/watch?v=x9eReaWALCU,x9eReaWALCU,ERROR: [youtube] x9eReaWALCU: Sign in to confirm you’re not a bot. Use --cookies-from-browser or --cookies for the authentication. See  https://github.com/yt-dlp/yt-dlp/wiki/FAQ#how-do-i-pass-cookies-to-yt-dlp  for how to manually pass cookies. Also see  https://github.com/yt-dlp/yt-dlp/wiki/Extractors#exporting-youtube-cookies  for tips on effectively exporting YouTube cookies,False
,Get.history,,youtube,documentary,9.47,,A Nation Divided: The Tragic Story of Yugoslavia | Full Documentary,https://www.youtube.com/watch?v=ICffCxjeg54,ICffCxjeg54,ERROR: [youtube] ICffCxjeg54: Sign in to confirm you’re not a bot. Use --cookies-from-browser or --cookies for the authentication. See  https://github.com/yt-dlp/yt-dlp/wiki/FAQ#how-do-i-pass-cookies-to-yt-dlp  for how to manually pass cookies. Also see  https://github.com/yt-dlp/yt-dlp/wiki/Extractors#exporting-youtube-cookies  for tips on effectively exporting YouTube cookies,False
,Wrestling Documentaries by Spotfight,,youtube,documentary,9.53,,The Dark Side of Triple H | Wrestling Documentary,https://www.youtube.com/watch?v=bRkTlIkwMrw,bRkTlIkwMrw,ERROR: [youtube] bRkTlIkwMrw: Sign in to confirm you’re not a bot. Use --cookies-from-browser or --cookies for the authentication. See  https://github.com/yt-dlp/yt-dlp/wiki/FAQ#how-do-i-pass-cookies-to-yt-dlp  for how to manually pass cookies. Also see  https://github.com/yt-dlp/yt-dlp/wiki/Extractors#exporting-youtube-cookies  for tips on effectively exporting YouTube cookies,False
,ENDEVR,,youtube,documentary,9.77,,America’s Richest Ruin: The Fall of Los Angeles | ENDEVR Documentary,https://www.youtube.com/watch?v=GcdpumAySVI,GcdpumAySVI,ERROR: [youtube] GcdpumAySVI: Sign in to confirm you’re not a bot. Use --cookies-from-browser or --cookies for the authentication. See  https://github.com/yt-dlp/yt-dlp/wiki/FAQ#how-do-i-pass-cookies-to-yt-dlp  for how to manually pass cookies. Also see  https://github.com/yt-dlp/yt-dlp/wiki/Extractors#exporting-youtube-cookies  for tips on effectively exporting YouTube cookies,False
,Nature's Moments,,youtube,documentary,9.72,,Ultimate Predators: Lions vs. Prey | FULL EPISODE | Wildlife Documentary,https://www.youtube.com/watch?v=EeDBr3u123Q,EeDBr3u123Q,ERROR: [youtube] EeDBr3u123Q: Sign in to confirm you’re not a bot. Use --cookies-from-browser or --cookies for the authentication. See  https://github.com/yt-dlp/yt-dlp/wiki/FAQ#how-do-i-pass-cookies-to-yt-dlp  for how to manually pass cookies. Also see  https://github.com/yt-dlp/yt-dlp/wiki/Extractors#exporting-youtube-cookies  for tips on effectively exporting YouTube cookies,False
,True Crime Uncut,,youtube,documentary,6.65,,Once Upon a Time... in Atlanta | Full True Crime Documentary,https://www.youtube.com/watch?v=HN-GLQzH9K4,HN-GLQzH9K4,ERROR: [youtube] HN-GLQzH9K4: Sign in to confirm you’re not a bot. Use --cookies-from-browser or --cookies for the authentication. See  https://github.com/yt-dlp/yt-dlp/wiki/FAQ#how-do-i-pass-cookies-to-yt-dlp  for how to manually pass cookies. Also see  https://github.com/yt-dlp/yt-dlp/wiki/Extractors#exporting-youtube-cookies  for tips on effectively exporting YouTube cookies,False
,Beginning To Now,,youtube,documentary,7.54,,The ENTIRE History of The World (NO AI) [4K Documentary],https://www.youtube.com/watch?v=zohg5rx5ptU,zohg5rx5ptU,ERROR: [youtube] zohg5rx5ptU: Sign in to confirm you’re not a bot. Use --cookies-from-browser or --cookies for the authentication. See  https://github.com/yt-dlp/yt-dlp/wiki/FAQ#how-do-i-pass-cookies-to-yt-dlp  for how to manually pass cookies. Also see  https://github.com/yt-dlp/yt-dlp/wiki/Extractors#exporting-youtube-cookies  for tips on effectively exporting YouTube cookies,False
,FRONTLINE PBS | Official,,youtube,documentary,7.66,,When Antibiotics Don't Work (full documentary) | FRONTLINE,https://www.youtube.com/watch?v=EkyAuG9RSSU,EkyAuG9RSSU,ERROR: [youtube] EkyAuG9RSSU: Sign in to confirm you’re not a bot. Use --cookies-from-browser or --cookies for the authentication. See  https://github.com/yt-dlp/yt-dlp/wiki/FAQ#how-do-i-pass-cookies-to-yt-dlp  for how to manually pass cookies. Also see  https://github.com/yt-dlp/yt-dlp/wiki/Extractors#exporting-youtube-cookies  for tips on effectively exporting YouTube cookies,False
,BBC News Africa,,youtube,documentary,7.95,,Trapped in Oman - BBC Africa Eye Documentary,https://www.youtube.com/watch?v=fJTh4Gdn_B8,fJTh4Gdn_B8,ERROR: [youtube] fJTh4Gdn_B8: Sign in to confirm you’re not a bot. Use --cookies-from-browser or --cookies for the authentication. See  https://github.com/yt-dlp/yt-dlp/wiki/FAQ#how-do-i-pass-cookies-to-yt-dlp  for how to manually pass cookies. Also see  https://github.com/yt-dlp/yt-dlp/wiki/Extractors#exporting-youtube-cookies  for tips on effectively exporting YouTube cookies,False
,ARTE.tv Documentary,,youtube,documentary,8.32,,White Power: Inside Europe's Far-Right Movement (Re-upload) | ARTE.tv Documentary,https://www.youtube.com/watch?v=V1gRQRlWLVE,V1gRQRlWLVE,ERROR: [youtube] V1gRQRlWLVE: Sign in to confirm you’re not a bot. Use --cookies-from-browser or --cookies for the authentication. See  https://github.com/yt-dlp/yt-dlp/wiki/FAQ#how-do-i-pass-cookies-to-yt-dlp  for how to manually pass cookies. Also see  https://github.com/yt-dlp/yt-dlp/wiki/Extractors#exporting-youtube-cookies  for tips on effectively exporting YouTube cookies,False
,Free Documentary - Space,,youtube,documentary,8.02,,Are We Alone? The Mystery of the Fermi Paradox | Free Documentary Space,https://www.youtube.com/watch?v=ODWKrhs_5xs,ODWKrhs_5xs,ERROR: [youtube] ODWKrhs_5xs: Sign in to confirm you’re not a bot. Use --cookies-from-browser or --cookies for the authentication. See  https://github.com/yt-dlp/yt-dlp/wiki/FAQ#how-do-i-pass-cookies-to-yt-dlp  for how to manually pass cookies. Also see  https://github.com/yt-dlp/yt-dlp/wiki/Extractors#exporting-youtube-cookies  for tips on effectively exporting YouTube cookies,False
,Strange Space,,youtube,documentary,8.37,,Is Reality a Simulation? | Quantum Physics Documentary 2026,https://www.youtube.com/watch?v=kPaMbkd3AOk,kPaMbkd3AOk,ERROR: [youtube] kPaMbkd3AOk: Sign in to confirm you’re not a bot. Use --cookies-from-browser or --cookies for the authentication. See  https://github.com/yt-dlp/yt-dlp/wiki/FAQ#how-do-i-pass-cookies-to-yt-dlp  for how to manually pass cookies. Also see  https://github.com/yt-dlp/yt-dlp/wiki/Extractors#exporting-youtube-cookies  for tips on effectively exporting YouTube cookies,False
,Kings and Generals,,youtube,documentary,8.11,,Full History of the Ancient Britons: Origins to Post Rome DOCUMENTARY,https://www.youtube.com/watch?v=5tzi_J8XDXI,5tzi_J8XDXI,ERROR: [youtube] 5tzi_J8XDXI: Sign in to confirm you’re not a bot. Use --cookies-from-browser or --cookies for the authentication. See  https://github.com/yt-dlp/yt-dlp/wiki/FAQ#how-do-i-pass-cookies-to-yt-dlp  for how to manually pass cookies. Also see  https://github.com/yt-dlp/yt-dlp/wiki/Extractors#exporting-youtube-cookies  for tips on effectively exporting YouTube cookies,False
,WILD NATURE - Nature animal documentary,,youtube,documentary,8.16,,African Savannah | Greatest Fights In The Animal Kingdom (Full Episode) | Wildlife Documentary,https://www.youtube.com/watch?v=BRrWL55q2Z8,BRrWL55q2Z8,ERROR: [youtube] BRrWL55q2Z8: Sign in to confirm you’re not a bot. Use --cookies-from-browser or --cookies for the authentication. See  https://github.com/yt-dlp/yt-dlp/wiki/FAQ#how-do-i-pass-cookies-to-yt-dlp  for how to manually pass cookies. Also see  https://github.com/yt-dlp/yt-dlp/wiki/Extractors#exporting-youtube-cookies  for tips on effectively exporting YouTube cookies,False
,Free Documentary - Nature,,youtube,documentary,9.06,,Wonder Shore: Africa’s Most Spectacular Coastline | Free Documentary Nature,https://www.youtube.com/watch?v=EnkWqUk2aA8,EnkWqUk2aA8,ERROR: [youtube] EnkWqUk2aA8: Sign in to confirm you’re not a bot. Use --cookies-from-browser or --cookies for the authentication. See  https://github.com/yt-dlp/yt-dlp/wiki/FAQ#how-do-i-pass-cookies-to-yt-dlp  for how to manually pass cookies. Also see  https://github.com/yt-dlp/yt-dlp/wiki/Extractors#exporting-youtube-cookies  for tips on effectively exporting YouTube cookies,False
,DW Documentary,,youtube,documentary,8.8,,"Off to Scotland - Happiness, solitude and oysters | DW Documentary",https://www.youtube.com/watch?v=clFOwRu0vrs,clFOwRu0vrs,ERROR: [youtube] clFOwRu0vrs: Sign in to confirm you’re not a bot. Use --cookies-from-browser or --cookies for the authentication. See  https://github.com/yt-dlp/yt-dlp/wiki/FAQ#how-do-i-pass-cookies-to-yt-dlp  for how to manually pass cookies. Also see  https://github.com/yt-dlp/yt-dlp/wiki/Extractors#exporting-youtube-cookies  for tips on effectively exporting YouTube cookies,False
,Get.history,,youtube,documentary,8.18,,Nazi World Domination: What if It Would Have Happened? | Full Documentary,https://www.youtube.com/watch?v=-D0cnvUqcWg,-D0cnvUqcWg,ERROR: [youtube] -D0cnvUqcWg: Sign in to confirm you’re not a bot. Use --cookies-from-browser or --cookies for the authentication. See  https://github.com/yt-dlp/yt-dlp/wiki/FAQ#how-do-i-pass-cookies-to-yt-dlp  for how to manually pass cookies. Also see  https://github.com/yt-dlp/yt-dlp/wiki/Extractors#exporting-youtube-cookies  for tips on effectively exporting YouTube cookies,False
,Royalty TV,,youtube,documentary,8.78,,"Mary, Queen of Scots: Romance & Betrayal (2023) | FULL DOCUMENTARY | HD",https://www.youtube.com/watch?v=i1uCjbeGxYI,i1uCjbeGxYI,ERROR: [youtube] i1uCjbeGxYI: Sign in to confirm you’re not a bot. Use --cookies-from-browser or --cookies for the authentication. See  https://github.com/yt-dlp/yt-dlp/wiki/FAQ#how-do-i-pass-cookies-to-yt-dlp  for how to manually pass cookies. Also see  https://github.com/yt-dlp/yt-dlp/wiki/Extractors#exporting-youtube-cookies  for tips on effectively exporting YouTube cookies,False
,HISTORY,,youtube,documentary,9.25,,Inside the World's Most Mysterious Pyramids | The UnXplained,https://www.youtube.com/watch?v=rU6DORQU--k,rU6DORQU--k,ERROR: [youtube] rU6DORQU--k: Sign in to confirm you’re not a bot. Use --cookies-from-browser or --cookies for the authentication. See  https://github.com/yt-dlp/yt-dlp/wiki/FAQ#how-do-i-pass-cookies-to-yt-dlp  for how to manually pass cookies. Also see  https://github.com/yt-dlp/yt-dlp/wiki/Extractors#exporting-youtube-cookies  for tips on effectively exporting YouTube cookies,False
,DW Documentary,,youtube,documentary,9.33,,The Latin dance teacher directing Russia's sabotage in Europe | DW Documentary,https://www.youtube.com/watch?v=_Arvv01xuv8,_Arvv01xuv8,ERROR: [youtube] _Arvv01xuv8: Sign in to confirm you’re not a bot. Use --cookies-from-browser or --cookies for the authentication. See  https://github.com/yt-dlp/yt-dlp/wiki/FAQ#how-do-i-pass-cookies-to-yt-dlp  for how to manually pass cookies. Also see  https://github.com/yt-dlp/yt-dlp/wiki/Extractors#exporting-youtube-cookies  for tips on effectively exporting YouTube cookies,False
,Free Documentary - Engineering,,youtube,documentary,9.51,,"Building a 150,000 HP Fighter Jet: Inside the Eurofighter Factory | FD Engineering",https://www.youtube.com/watch?v=caJel1X-dos,caJel1X-dos,ERROR: [youtube] caJel1X-dos: Sign in to confirm you’re not a bot. Use --cookies-from-browser or --cookies for the authentication. See  https://github.com/yt-dlp/yt-dlp/wiki/FAQ#how-do-i-pass-cookies-to-yt-dlp  for how to manually pass cookies. Also see  https://github.com/yt-dlp/yt-dlp/wiki/Extractors#exporting-youtube-cookies  for tips on effectively exporting YouTube cookies,False
,Our Story TV,,youtube,documentary,9.64,,Inside the Amish & Mennonite Community - Full Documentary - Living Plain,https://www.youtube.com/watch?v=FwL_evg5z1I,FwL_evg5z1I,ERROR: [youtube] FwL_evg5z1I: Sign in to confirm you’re not a bot. Use --cookies-from-browser or --cookies for the authentication. See  https://github.com/yt-dlp/yt-dlp/wiki/FAQ#how-do-i-pass-cookies-to-yt-dlp  for how to manually pass cookies. Also see  https://github.com/yt-dlp/yt-dlp/wiki/Extractors#exporting-youtube-cookies  for tips on effectively exporting YouTube cookies,False
,Free Documentary - Nature,,youtube,documentary,9.55,,Africa’s Wildest Coast: Life At The Sweeping Edge | Free Documentary Nature,https://www.youtube.com/watch?v=d7qSqK9tjy8,d7qSqK9tjy8,ERROR: [youtube] d7qSqK9tjy8: Sign in to confirm you’re not a bot. Use --cookies-from-browser or --cookies for the authentication. See  https://github.com/yt-dlp/yt-dlp/wiki/FAQ#how-do-i-pass-cookies-to-yt-dlp  for how to manually pass cookies. Also see  https://github.com/yt-dlp/yt-dlp/wiki/Extractors#exporting-youtube-cookies  for tips on effectively exporting YouTube cookies,False
,PopNet,,youtube,documentary,9.4,,Blood Line: The Life and Times of Brian Deegan | Full Documentary,https://www.youtube.com/watch?v=VNDaVrIYH9I,VNDaVrIYH9I,ERROR: [youtube] VNDaVrIYH9I: Sign in to confirm your age. Use --cookies-from-browser or --cookies for the authentication. See  https://github.com/yt-dlp/yt-dlp/wiki/FAQ#how-do-i-pass-cookies-to-yt-dlp  for how to manually pass cookies. Also see  https://github.com/yt-dlp/yt-dlp/wiki/Extractors#exporting-youtube-cookies  for tips on effectively exporting YouTube cookies,False
,Banijay History,,youtube,documentary,9.56,,Dark Secrets of Vatican City - Forbidden History,https://www.youtube.com/watch?v=AV2LpVplmgc,AV2LpVplmgc,ERROR: [youtube] AV2LpVplmgc: Sign in to confirm you’re not a bot. Use --cookies-from-browser or --cookies for the authentication. See  https://github.com/yt-dlp/yt-dlp/wiki/FAQ#how-do-i-pass-cookies-to-yt-dlp  for how to manually pass cookies. Also see  https://github.com/yt-dlp/yt-dlp/wiki/Extractors#exporting-youtube-cookies  for tips on effectively exporting YouTube cookies,False
,ENDEVR,,youtube,documentary,6.87,,Too Rich To Live: Why Are Russia’s Billionaires Dying? | ENDEVR Documentary,https://www.youtube.com/watch?v=967AbvfeVmE,967AbvfeVmE,ERROR: [youtube] 967AbvfeVmE: Sign in to confirm you’re not a bot. Use --cookies-from-browser or --cookies for the authentication. See  https://github.com/yt-dlp/yt-dlp/wiki/FAQ#how-do-i-pass-cookies-to-yt-dlp  for how to manually pass cookies. Also see  https://github.com/yt-dlp/yt-dlp/wiki/Extractors#exporting-youtube-cookies  for tips on effectively exporting YouTube cookies,False
,Autentic Documentary,,youtube,documentary,7.29,,The World's Most Dangerous Roads: Burundi | Autentic Documentary,https://www.youtube.com/watch?v=OZNH4fSGta8,OZNH4fSGta8,ERROR: [youtube] OZNH4fSGta8: Sign in to confirm you’re not a bot. Use --cookies-from-browser or --cookies for the authentication. See  https://github.com/yt-dlp/yt-dlp/wiki/FAQ#how-do-i-pass-cookies-to-yt-dlp  for how to manually pass cookies. Also see  https://github.com/yt-dlp/yt-dlp/wiki/Extractors#exporting-youtube-cookies  for tips on effectively exporting YouTube cookies,False
,Free Documentary - Nature,,youtube,documentary,7.92,,Wonder Shore: Africa’s Wild Paradise | Free Documentary Nature,https://www.youtube.com/watch?v=zZBQ-JGY2PM,zZBQ-JGY2PM,ERROR: [youtube] zZBQ-JGY2PM: Sign in to confirm you’re not a bot. Use --cookies-from-browser or --cookies for the authentication. See  https://github.com/yt-dlp/yt-dlp/wiki/FAQ#how-do-i-pass-cookies-to-yt-dlp  for how to manually pass cookies. Also see  https://github.com/yt-dlp/yt-dlp/wiki/Extractors#exporting-youtube-cookies  for tips on effectively exporting YouTube cookies,False
,Al Jazeera English,,youtube,documentary,8.48,,What really led to the war on Iran? | Featured Documentary,https://www.youtube.com/watch?v=LInLwSuiv_E,LInLwSuiv_E,ERROR: [youtube] LInLwSuiv_E: Sign in to confirm you’re not a bot. Use --cookies-from-browser or --cookies for the authentication. See  https://github.com/yt-dlp/yt-dlp/wiki/FAQ#how-do-i-pass-cookies-to-yt-dlp  for how to manually pass cookies. Also see  https://github.com/yt-dlp/yt-dlp/wiki/Extractors#exporting-youtube-cookies  for tips on effectively exporting YouTube cookies,False
,Visual Studio Code,,youtube,documentary,8.07,,The Story of VS Code | Official Documentary,https://www.youtube.com/watch?v=kHL3XzjpT5w,kHL3XzjpT5w,ERROR: [youtube] kHL3XzjpT5w: Sign in to confirm you’re not a bot. Use --cookies-from-browser or --cookies for the authentication. See  https://github.com/yt-dlp/yt-dlp/wiki/FAQ#how-do-i-pass-cookies-to-yt-dlp  for how to manually pass cookies. Also see  https://github.com/yt-dlp/yt-dlp/wiki/Extractors#exporting-youtube-cookies  for tips on effectively exporting YouTube cookies,False
,FRANCE 24 English,,youtube,documentary,7.99,,'NAZA' documentary about Gaza war sparks political storm in Israel • FRANCE 24 English,https://www.youtube.com/watch?v=fom-W8zbPkE,fom-W8zbPkE,ERROR: [youtube] fom-W8zbPkE: Sign in to confirm you’re not a bot. Use --cookies-from-browser or --cookies for the authentication. See  https://github.com/yt-dlp/yt-dlp/wiki/FAQ#how-do-i-pass-cookies-to-yt-dlp  for how to manually pass cookies. Also see  https://github.com/yt-dlp/yt-dlp/wiki/Extractors#exporting-youtube-cookies  for tips on effectively exporting YouTube cookies,False
,Travpedia,,youtube,documentary,8.55,,UNREAL AMAZON – Nature’s Most Dangerous Paradise (Full Documentary),https://www.youtube.com/watch?v=WwA_7QyqtGI,WwA_7QyqtGI,ERROR: [youtube] WwA_7QyqtGI: Sign in to confirm you’re not a bot. Use --cookies-from-browser or --cookies for the authentication. See  https://github.com/yt-dlp/yt-dlp/wiki/FAQ#how-do-i-pass-cookies-to-yt-dlp  for how to manually pass cookies. Also see  https://github.com/yt-dlp/yt-dlp/wiki/Extractors#exporting-youtube-cookies  for tips on effectively exporting YouTube cookies,False
,DAD I AM OK GAMING,,youtube,live,8.2,,🌿FREE FIRE LIVE🌿PLAYING BR-RANKED😎2X AWM SPEED GAME PLAY 🎮🎯 ON LIVE - GARENA FREE FIRE,https://www.youtube.com/watch?v=YYMS2UUorLk,YYMS2UUorLk,ERROR: [youtube] YYMS2UUorLk: Sign in to confirm you’re not a bot. Use --cookies-from-browser or --cookies for the authentication. See  https://github.com/yt-dlp/yt-dlp/wiki/FAQ#how-do-i-pass-cookies-to-yt-dlp  for how to manually pass cookies. Also see  https://github.com/yt-dlp/yt-dlp/wiki/Extractors#exporting-youtube-cookies  for tips on effectively exporting YouTube cookies,False
,BBC World Service and 2 more,,youtube,documentary,8.35,,9/11: The Saudi Connection - BBC World Service Documentaries,https://www.youtube.com/watch?v=JF8EFyGaGDM,JF8EFyGaGDM,ERROR: [youtube] JF8EFyGaGDM: Sign in to confirm you’re not a bot. Use --cookies-from-browser or --cookies for the authentication. See  https://github.com/yt-dlp/yt-dlp/wiki/FAQ#how-do-i-pass-cookies-to-yt-dlp  for how to manually pass cookies. Also see  https://github.com/yt-dlp/yt-dlp/wiki/Extractors#exporting-youtube-cookies  for tips on effectively exporting YouTube cookies,False
,World Entertainment Documentaries and World Entertainment & News ,,youtube,documentary,9.16,,"THE KINAHAN’S - Murder, Money & The Manhunt | Full Documentary ",https://www.youtube.com/watch?v=_qpXYOc2RN8,_qpXYOc2RN8,ERROR: [youtube] _qpXYOc2RN8: Sign in to confirm you’re not a bot. Use --cookies-from-browser or --cookies for the authentication. See  https://github.com/yt-dlp/yt-dlp/wiki/FAQ#how-do-i-pass-cookies-to-yt-dlp  for how to manually pass cookies. Also see  https://github.com/yt-dlp/yt-dlp/wiki/Extractors#exporting-youtube-cookies  for tips on effectively exporting YouTube cookies,False
,CBX Music Events,,youtube,live,8.25,,Costel Biju - Vibe-ul ala ca pe mahala | Live 2025 |,https://www.youtube.com/watch?v=-Ju43CzM0j4,-Ju43CzM0j4,ERROR: [youtube] -Ju43CzM0j4: Sign in to confirm you’re not a bot. Use --cookies-from-browser or --cookies for the authentication. See  https://github.com/yt-dlp/yt-dlp/wiki/FAQ#how-do-i-pass-cookies-to-yt-dlp  for how to manually pass cookies. Also see  https://github.com/yt-dlp/yt-dlp/wiki/Extractors#exporting-youtube-cookies  for tips on effectively exporting YouTube cookies,False
,Tousi TV,,youtube,live,8.18,,LIVE: Heavy Clashes In Iran - Anti-IRGC Armed Iranians Target More Cities,https://www.youtube.com/watch?v=gS1iSq-CONU,gS1iSq-CONU,ERROR: [youtube] gS1iSq-CONU: Sign in to confirm you’re not a bot. Use --cookies-from-browser or --cookies for the authentication. See  https://github.com/yt-dlp/yt-dlp/wiki/FAQ#how-do-i-pass-cookies-to-yt-dlp  for how to manually pass cookies. Also see  https://github.com/yt-dlp/yt-dlp/wiki/Extractors#exporting-youtube-cookies  for tips on effectively exporting YouTube cookies,False
,ThijmenVC,,youtube,live,7.95,,Live 🔴 |  Launching ALL 3 CROWN WINGS in The Hunt: Roblox 20th!,https://www.youtube.com/watch?v=PLjPyNpIdQc,PLjPyNpIdQc,ERROR: [youtube] PLjPyNpIdQc: Sign in to confirm you’re not a bot. Use --cookies-from-browser or --cookies for the authentication. See  https://github.com/yt-dlp/yt-dlp/wiki/FAQ#how-do-i-pass-cookies-to-yt-dlp  for how to manually pass cookies. Also see  https://github.com/yt-dlp/yt-dlp/wiki/Extractors#exporting-youtube-cookies  for tips on effectively exporting YouTube cookies,False
,Surrey County Cricket Club,,youtube,live,9.23,,🔴 LIVE: Surrey v Glamorgan | DAY ONE | Rothesay County Championship,https://www.youtube.com/watch?v=lD2cs0YcEdo,lD2cs0YcEdo,ERROR: [youtube] lD2cs0YcEdo: Sign in to confirm you’re not a bot. Use --cookies-from-browser or --cookies for the authentication. See  https://github.com/yt-dlp/yt-dlp/wiki/FAQ#how-do-i-pass-cookies-to-yt-dlp  for how to manually pass cookies. Also see  https://github.com/yt-dlp/yt-dlp/wiki/Extractors#exporting-youtube-cookies  for tips on effectively exporting YouTube cookies,False
,Google DeepMind and 3 more,,youtube,documentary,9.67,,The Thinking Game | Full documentary | Tribeca Film Festival official selection,https://www.youtube.com/watch?v=d95J8yzvjbQ,d95J8yzvjbQ,ERROR: [youtube] d95J8yzvjbQ: Sign in to confirm you’re not a bot. Use --cookies-from-browser or --cookies for the authentication. See  https://github.com/yt-dlp/yt-dlp/wiki/FAQ#how-do-i-pass-cookies-to-yt-dlp  for how to manually pass cookies. Also see  https://github.com/yt-dlp/yt-dlp/wiki/Extractors#exporting-youtube-cookies  for tips on effectively exporting YouTube cookies,False
,GTWorld,,youtube,live,9.46,,LIVE I Race 2 I Zandvoort I GT2 European Series pwd by Pirelli 2026 (English),https://www.youtube.com/watch?v=qWfvpHWi184,qWfvpHWi184,ERROR: [youtube] qWfvpHWi184: Sign in to confirm you’re not a bot. Use --cookies-from-browser or --cookies for the authentication. See  https://github.com/yt-dlp/yt-dlp/wiki/FAQ#how-do-i-pass-cookies-to-yt-dlp  for how to manually pass cookies. Also see  https://github.com/yt-dlp/yt-dlp/wiki/Extractors#exporting-youtube-cookies  for tips on effectively exporting YouTube cookies,False
,One Sports,,youtube,live,8.39,,"LIVE: MAPUA vs JRU | NCAA SEASON 102 MEN’S BASKETBALL | SEP 14, 2026",https://www.youtube.com/watch?v=SySZ-kRu2uU,SySZ-kRu2uU,ERROR: [youtube] SySZ-kRu2uU: Sign in to confirm you’re not a bot. Use --cookies-from-browser or --cookies for the authentication. See  https://github.com/yt-dlp/yt-dlp/wiki/FAQ#how-do-i-pass-cookies-to-yt-dlp  for how to manually pass cookies. Also see  https://github.com/yt-dlp/yt-dlp/wiki/Extractors#exporting-youtube-cookies  for tips on effectively exporting YouTube cookies,False
,Narendra Modi,,youtube,live,8.49,,LIVE: PM Modi distributes appointment letters under Rozgar Mela,https://www.youtube.com/watch?v=faM-lfvqFOM,faM-lfvqFOM,ERROR: [youtube] faM-lfvqFOM: Sign in to confirm you’re not a bot. Use --cookies-from-browser or --cookies for the authentication. See  https://github.com/yt-dlp/yt-dlp/wiki/FAQ#how-do-i-pass-cookies-to-yt-dlp  for how to manually pass cookies. Also see  https://github.com/yt-dlp/yt-dlp/wiki/Extractors#exporting-youtube-cookies  for tips on effectively exporting YouTube cookies,False
,Mobile Legends: Bang Bang,,youtube,live,9.29,,🔴 LIVE | MPL ID S18 | Week 6 Day 3 | English,https://www.youtube.com/watch?v=Xv2SfVbtl8s,Xv2SfVbtl8s,ERROR: [youtube] Xv2SfVbtl8s: Sign in to confirm you’re not a bot. Use --cookies-from-browser or --cookies for the authentication. See  https://github.com/yt-dlp/yt-dlp/wiki/FAQ#how-do-i-pass-cookies-to-yt-dlp  for how to manually pass cookies. Also see  https://github.com/yt-dlp/yt-dlp/wiki/Extractors#exporting-youtube-cookies  for tips on effectively exporting YouTube cookies,False
,MADHU PENNEM GAMING,,youtube,live,8.78,,🔴 Free Fire LIVE with Pennem Star | Rank Push & Intense Gameplay ❤️ #freefire #live #pennemstar,https://www.youtube.com/watch?v=VXK06NKOkZo,VXK06NKOkZo,ERROR: [youtube] VXK06NKOkZo: Sign in to confirm you’re not a bot. Use --cookies-from-browser or --cookies for the authentication. See  https://github.com/yt-dlp/yt-dlp/wiki/FAQ#how-do-i-pass-cookies-to-yt-dlp  for how to manually pass cookies. Also see  https://github.com/yt-dlp/yt-dlp/wiki/Extractors#exporting-youtube-cookies  for tips on effectively exporting YouTube cookies,False
,Reuters,,youtube,live,7.82,,LIVE: Kosovo's former president Thaci faces war crimes verdict,https://www.youtube.com/watch?v=57bfya_tKL4,57bfya_tKL4,ERROR: [youtube] 57bfya_tKL4: Sign in to confirm you’re not a bot. Use --cookies-from-browser or --cookies for the authentication. See  https://github.com/yt-dlp/yt-dlp/wiki/FAQ#how-do-i-pass-cookies-to-yt-dlp  for how to manually pass cookies. Also see  https://github.com/yt-dlp/yt-dlp/wiki/Extractors#exporting-youtube-cookies  for tips on effectively exporting YouTube cookies,False
,Balindiway Media,,youtube,live,6.95,,LIVE! NDINDI NYORO STORMS NYANDARUA COUNTY TO DESTROY RUTO AFTER BEING ENDORSED BY UHURU!,https://www.youtube.com/watch?v=QKFCJkvpjiU,QKFCJkvpjiU,ERROR: [youtube] QKFCJkvpjiU: Sign in to confirm you’re not a bot. Use --cookies-from-browser or --cookies for the authentication. See  https://github.com/yt-dlp/yt-dlp/wiki/FAQ#how-do-i-pass-cookies-to-yt-dlp  for how to manually pass cookies. Also see  https://github.com/yt-dlp/yt-dlp/wiki/Extractors#exporting-youtube-cookies  for tips on effectively exporting YouTube cookies,False
,LiveNOW from FOX,,youtube,live,8.24,,"LIVE: Trump Greenland deal, midterm elections, media outlets banned from White House, top stories",https://www.youtube.com/watch?v=d069jyN-BeE,d069jyN-BeE,ERROR: [youtube] d069jyN-BeE: Sign in to confirm you’re not a bot. Use --cookies-from-browser or --cookies for the authentication. See  https://github.com/yt-dlp/yt-dlp/wiki/FAQ#how-do-i-pass-cookies-to-yt-dlp  for how to manually pass cookies. Also see  https://github.com/yt-dlp/yt-dlp/wiki/Extractors#exporting-youtube-cookies  for tips on effectively exporting YouTube cookies,False
,Associated Press,,youtube,live,8.12,,LIVE: 9/11 memorial ceremony in New York (full),https://www.youtube.com/watch?v=QZucLvN3IDs,QZucLvN3IDs,ERROR: [youtube] QZucLvN3IDs: Sign in to confirm you’re not a bot. Use --cookies-from-browser or --cookies for the authentication. See  https://github.com/yt-dlp/yt-dlp/wiki/FAQ#how-do-i-pass-cookies-to-yt-dlp  for how to manually pass cookies. Also see  https://github.com/yt-dlp/yt-dlp/wiki/Extractors#exporting-youtube-cookies  for tips on effectively exporting YouTube cookies,False
,Positive Vibes,,youtube,live,7.12,,"The Good Life Radio • 24/7 Live Radio | Best Relax House, Chillout, Study, Running, Gym, Happy Music",https://www.youtube.com/watch?v=V0QU80nRWIE,V0QU80nRWIE,ERROR: [youtube] V0QU80nRWIE: Sign in to confirm you’re not a bot. Use --cookies-from-browser or --cookies for the authentication. See  https://github.com/yt-dlp/yt-dlp/wiki/FAQ#how-do-i-pass-cookies-to-yt-dlp  for how to manually pass cookies. Also see  https://github.com/yt-dlp/yt-dlp/wiki/Extractors#exporting-youtube-cookies  for tips on effectively exporting YouTube cookies,False
,The MMA-Holes,,youtube,live,8.74,,🔴UFC 331: JOSHUA VAN x ALEXANDRE PANTOJA 2 + ARMAN TSARUKYAN x MAURICIO RUFFY | LIVE STREAM,https://www.youtube.com/watch?v=9S_MZGBCKIk,9S_MZGBCKIk,ERROR: [youtube] 9S_MZGBCKIk: Sign in to confirm you’re not a bot. Use --cookies-from-browser or --cookies for the authentication. See  https://github.com/yt-dlp/yt-dlp/wiki/FAQ#how-do-i-pass-cookies-to-yt-dlp  for how to manually pass cookies. Also see  https://github.com/yt-dlp/yt-dlp/wiki/Extractors#exporting-youtube-cookies  for tips on effectively exporting YouTube cookies,False
,Mobile Legends: Bang Bang North America,,youtube,live,8.26,,🔴 LIVE | MPL ID S18 | Week 6 Day 3 | English,https://www.youtube.com/watch?v=Pa5W5b06380,Pa5W5b06380,ERROR: [youtube] Pa5W5b06380: Sign in to confirm you’re not a bot. Use --cookies-from-browser or --cookies for the authentication. See  https://github.com/yt-dlp/yt-dlp/wiki/FAQ#how-do-i-pass-cookies-to-yt-dlp  for how to manually pass cookies. Also see  https://github.com/yt-dlp/yt-dlp/wiki/Extractors#exporting-youtube-cookies  for tips on effectively exporting YouTube cookies,False
,MMAWeekly.com,,youtube,live,7.49,,UFC 331: Joshua Van vs Alexandre Pantoja  | LIVE STREAM / Live Coverage,https://www.youtube.com/watch?v=uneYszCQN8k,uneYszCQN8k,ERROR: [youtube] uneYszCQN8k: Sign in to confirm you’re not a bot. Use --cookies-from-browser or --cookies for the authentication. See  https://github.com/yt-dlp/yt-dlp/wiki/FAQ#how-do-i-pass-cookies-to-yt-dlp  for how to manually pass cookies. Also see  https://github.com/yt-dlp/yt-dlp/wiki/Extractors#exporting-youtube-cookies  for tips on effectively exporting YouTube cookies,False
,BOBOLA TV,,youtube,live,7.35,,Live Race Moto3 | MotoGP Austria 🔴 Veda Ega Pratama Successfully FINISHES in P13 Position,https://www.youtube.com/watch?v=KluI2vUZm6M,KluI2vUZm6M,ERROR: [youtube] KluI2vUZm6M: Sign in to confirm you’re not a bot. Use --cookies-from-browser or --cookies for the authentication. See  https://github.com/yt-dlp/yt-dlp/wiki/FAQ#how-do-i-pass-cookies-to-yt-dlp  for how to manually pass cookies. Also see  https://github.com/yt-dlp/yt-dlp/wiki/Extractors#exporting-youtube-cookies  for tips on effectively exporting YouTube cookies,False
,Trade with Pat,,youtube,live,8.8,,"Live Trading Forex, Gold & NQ (XAUUSD Thunder Thursday!)",https://www.youtube.com/watch?v=vlFSLnZWv8Q,vlFSLnZWv8Q,ERROR: [youtube] vlFSLnZWv8Q: Sign in to confirm you’re not a bot. Use --cookies-from-browser or --cookies for the authentication. See  https://github.com/yt-dlp/yt-dlp/wiki/FAQ#how-do-i-pass-cookies-to-yt-dlp  for how to manually pass cookies. Also see  https://github.com/yt-dlp/yt-dlp/wiki/Extractors#exporting-youtube-cookies  for tips on effectively exporting YouTube cookies,False
,ABC News,,youtube,live,7.6,,"LIVE: ABC News Live - Saturday, September 19 | ABC News",https://www.youtube.com/watch?v=ZmYMbZJo0cs,ZmYMbZJo0cs,ERROR: [youtube] ZmYMbZJo0cs: Sign in to confirm you’re not a bot. Use --cookies-from-browser or --cookies for the authentication. See  https://github.com/yt-dlp/yt-dlp/wiki/FAQ#how-do-i-pass-cookies-to-yt-dlp  for how to manually pass cookies. Also see  https://github.com/yt-dlp/yt-dlp/wiki/Extractors#exporting-youtube-cookies  for tips on effectively exporting YouTube cookies,False
,SRaj Snapps,,youtube,live,7.45,,Nepal Women vs Kyrgyzstan Women|Volleyball LIVE SCORE & AUDIO COMMENTARY | 20th Asian Games 2026,https://www.youtube.com/watch?v=ZcuRjwwe1bM,ZcuRjwwe1bM,ERROR: [youtube] ZcuRjwwe1bM: Sign in to confirm you’re not a bot. Use --cookies-from-browser or --cookies for the authentication. See  https://github.com/yt-dlp/yt-dlp/wiki/FAQ#how-do-i-pass-cookies-to-yt-dlp  for how to manually pass cookies. Also see  https://github.com/yt-dlp/yt-dlp/wiki/Extractors#exporting-youtube-cookies  for tips on effectively exporting YouTube cookies,False
,Tousi TV,,youtube,live,9.33,,LIVE: IRGC Deploy Ground Troops - Iran Street Shootings - Government Officials Evacuate,https://www.youtube.com/watch?v=YabMMTdNIUg,YabMMTdNIUg,ERROR: [youtube] YabMMTdNIUg: Sign in to confirm you’re not a bot. Use --cookies-from-browser or --cookies for the authentication. See  https://github.com/yt-dlp/yt-dlp/wiki/FAQ#how-do-i-pass-cookies-to-yt-dlp  for how to manually pass cookies. Also see  https://github.com/yt-dlp/yt-dlp/wiki/Extractors#exporting-youtube-cookies  for tips on effectively exporting YouTube cookies,False
,Mănăstirea Putna,,youtube,live,8.97,,(LIVE) Priveghere la praznicul Înălțării Sfintei Cruci (2026),https://www.youtube.com/watch?v=VEQEteQw0GI,VEQEteQw0GI,ERROR: [youtube] VEQEteQw0GI: Sign in to confirm you’re not a bot. Use --cookies-from-browser or --cookies for the authentication. See  https://github.com/yt-dlp/yt-dlp/wiki/FAQ#how-do-i-pass-cookies-to-yt-dlp  for how to manually pass cookies. Also see  https://github.com/yt-dlp/yt-dlp/wiki/Extractors#exporting-youtube-cookies  for tips on effectively exporting YouTube cookies,False
,Somnath Temple - Official Channel,,youtube,live,9.1,,"🔴 Live Sayam Aarti - Shree Somnath Temple, First Jyotirlinga - 20 - September -2026",https://www.youtube.com/watch?v=iOw8DoOvyq4,iOw8DoOvyq4,ERROR: [youtube] iOw8DoOvyq4: Sign in to confirm you’re not a bot. Use --cookies-from-browser or --cookies for the authentication. See  https://github.com/yt-dlp/yt-dlp/wiki/FAQ#how-do-i-pass-cookies-to-yt-dlp  for how to manually pass cookies. Also see  https://github.com/yt-dlp/yt-dlp/wiki/Extractors#exporting-youtube-cookies  for tips on effectively exporting YouTube cookies,False
,Am Flash Gamer,,youtube,live,9.09,,FREE FIRE LIVE 😎 1v1 GUILD TEST | TEAM CODE GIVEAWAY | #freefirelive #gyangaming #shortsfeed,https://www.youtube.com/watch?v=0biJFZ30kxw,0biJFZ30kxw,ERROR: [youtube] 0biJFZ30kxw: Sign in to confirm you’re not a bot. Use --cookies-from-browser or --cookies for the authentication. See  https://github.com/yt-dlp/yt-dlp/wiki/FAQ#how-do-i-pass-cookies-to-yt-dlp  for how to manually pass cookies. Also see  https://github.com/yt-dlp/yt-dlp/wiki/Extractors#exporting-youtube-cookies  for tips on effectively exporting YouTube cookies,False
,Iqbal Sports,,youtube,live,9.3,,"🔴LIVE: India vs Afghanistan, 3rd T20 Fan Analysis | Live Score & Commentary | IND vs AFG Live Score",https://www.youtube.com/watch?v=TFy5vUuXx4I,TFy5vUuXx4I,ERROR: [youtube] TFy5vUuXx4I: Sign in to confirm you’re not a bot. Use --cookies-from-browser or --cookies for the authentication. See  https://github.com/yt-dlp/yt-dlp/wiki/FAQ#how-do-i-pass-cookies-to-yt-dlp  for how to manually pass cookies. Also see  https://github.com/yt-dlp/yt-dlp/wiki/Extractors#exporting-youtube-cookies  for tips on effectively exporting YouTube cookies,False
,Middlesex Cricket,,youtube,live,8.99,,🔴 LIVE: MIDDLESEX WOMEN V GLAMORGAN WOMEN | METRO BANK ONE-DAY CUP FINAL,https://www.youtube.com/watch?v=qKNZDv8Zf_g,qKNZDv8Zf_g,ERROR: [youtube] qKNZDv8Zf_g: Sign in to confirm you’re not a bot. Use --cookies-from-browser or --cookies for the authentication. See  https://github.com/yt-dlp/yt-dlp/wiki/FAQ#how-do-i-pass-cookies-to-yt-dlp  for how to manually pass cookies. Also see  https://github.com/yt-dlp/yt-dlp/wiki/Extractors#exporting-youtube-cookies  for tips on effectively exporting YouTube cookies,False
,ABP NEWS,,youtube,live,8.78,,DUSU Election Result 2026 Updates LIVE: NSUI surprises everyone! | NSUI | AISA-SFI | Voting Live,https://www.youtube.com/watch?v=XIlJxOs9_yc,XIlJxOs9_yc,ERROR: [youtube] XIlJxOs9_yc: Sign in to confirm you’re not a bot. Use --cookies-from-browser or --cookies for the authentication. See  https://github.com/yt-dlp/yt-dlp/wiki/FAQ#how-do-i-pass-cookies-to-yt-dlp  for how to manually pass cookies. Also see  https://github.com/yt-dlp/yt-dlp/wiki/Extractors#exporting-youtube-cookies  for tips on effectively exporting YouTube cookies,False
,Voltex FF,,youtube,live,7.88,,🔴 LIVE | Grandmaster Rank Push 😈🔥 | Free Fire Shorts Live #shortslive #freefire #shorts,https://www.youtube.com/watch?v=FMGSb_qYzaQ,FMGSb_qYzaQ,ERROR: [youtube] FMGSb_qYzaQ: Sign in to confirm you’re not a bot. Use --cookies-from-browser or --cookies for the authentication. See  https://github.com/yt-dlp/yt-dlp/wiki/FAQ#how-do-i-pass-cookies-to-yt-dlp  for how to manually pass cookies. Also see  https://github.com/yt-dlp/yt-dlp/wiki/Extractors#exporting-youtube-cookies  for tips on effectively exporting YouTube cookies,False
,CNN,,youtube,live,9.8,,CNN Headlines: 24/7 Live News,https://www.youtube.com/watch?v=GotlA1KKWoo,GotlA1KKWoo,ERROR: [youtube] GotlA1KKWoo: Sign in to confirm you’re not a bot. Use --cookies-from-browser or --cookies for the authentication. See  https://github.com/yt-dlp/yt-dlp/wiki/FAQ#how-do-i-pass-cookies-to-yt-dlp  for how to manually pass cookies. Also see  https://github.com/yt-dlp/yt-dlp/wiki/Extractors#exporting-youtube-cookies  for tips on effectively exporting YouTube cookies,False
,Watoto Church,,youtube,live,6.66,,Empowered to Rebuild | Week 6: Live with Integrity | Eddie Mwesigye,https://www.youtube.com/watch?v=JERsDjySAtk,JERsDjySAtk,ERROR: [youtube] JERsDjySAtk: Sign in to confirm you’re not a bot. Use --cookies-from-browser or --cookies for the authentication. See  https://github.com/yt-dlp/yt-dlp/wiki/FAQ#how-do-i-pass-cookies-to-yt-dlp  for how to manually pass cookies. Also see  https://github.com/yt-dlp/yt-dlp/wiki/Extractors#exporting-youtube-cookies  for tips on effectively exporting YouTube cookies,False
,Kenya Newsline,,youtube,live,7.33,,Live: HEATED DEBATE in Senate Tuesday Afternoon Session after Sifuna's Linda Mwananchi Nairobi rally,https://www.youtube.com/watch?v=jCUaXIlDmYE,jCUaXIlDmYE,ERROR: [youtube] jCUaXIlDmYE: Sign in to confirm you’re not a bot. Use --cookies-from-browser or --cookies for the authentication. See  https://github.com/yt-dlp/yt-dlp/wiki/FAQ#how-do-i-pass-cookies-to-yt-dlp  for how to manually pass cookies. Also see  https://github.com/yt-dlp/yt-dlp/wiki/Extractors#exporting-youtube-cookies  for tips on effectively exporting YouTube cookies,False
,Torcida Gamers,,youtube,live,7.33,,🔴LIVE: MANCHESTER CITY VS SUNDERLAND | PREMIER LEAGUE 2026/2027 | MATCH TODAY PES 2021,https://www.youtube.com/watch?v=DN7J-PejcUw,DN7J-PejcUw,ERROR: [youtube] DN7J-PejcUw: Sign in to confirm you’re not a bot. Use --cookies-from-browser or --cookies for the authentication. See  https://github.com/yt-dlp/yt-dlp/wiki/FAQ#how-do-i-pass-cookies-to-yt-dlp  for how to manually pass cookies. Also see  https://github.com/yt-dlp/yt-dlp/wiki/Extractors#exporting-youtube-cookies  for tips on effectively exporting YouTube cookies,False
,Nizam Sports,,youtube,live,6.68,,🔴Live: Australia vs Zimbabwe | 3rd ODI | Live Cricket Score & Commentary,https://www.youtube.com/watch?v=cfmKNKs6TKg,cfmKNKs6TKg,ERROR: [youtube] cfmKNKs6TKg: Sign in to confirm you’re not a bot. Use --cookies-from-browser or --cookies for the authentication. See  https://github.com/yt-dlp/yt-dlp/wiki/FAQ#how-do-i-pass-cookies-to-yt-dlp  for how to manually pass cookies. Also see  https://github.com/yt-dlp/yt-dlp/wiki/Extractors#exporting-youtube-cookies  for tips on effectively exporting YouTube cookies,False
,Patrick Star Official,,youtube,live,7.37,,🔴 LIVE: The Patrick Star Show’s Funniest Moments Marathon ⭐️ | Patrick Star,https://www.youtube.com/watch?v=hJ5pEFyp9x4,hJ5pEFyp9x4,ERROR: [youtube] hJ5pEFyp9x4: This video is not available,False
,One Sports,,youtube,live,7.5,,"LIVE: GILAS PILIPINAS VS HONGKONG | WOMEN’S BASKETBALL 5V5 | 2026 ASIAN GAMES | SEPTEMBER 20, 2026",https://www.youtube.com/watch?v=B1NuGnDY5qo,B1NuGnDY5qo,ERROR: [youtube] B1NuGnDY5qo: Sign in to confirm you’re not a bot. Use --cookies-from-browser or --cookies for the authentication. See  https://github.com/yt-dlp/yt-dlp/wiki/FAQ#how-do-i-pass-cookies-to-yt-dlp  for how to manually pass cookies. Also see  https://github.com/yt-dlp/yt-dlp/wiki/Extractors#exporting-youtube-cookies  for tips on effectively exporting YouTube cookies,False
,ABP NEWS,,youtube,live,7.09,,100 News Headlines LIVE: 100 Latest Breaking News | Headlines Today | Top News | September 19,https://www.youtube.com/watch?v=6LTGpO9IoKI,6LTGpO9IoKI,ERROR: [youtube] 6LTGpO9IoKI: Sign in to confirm you’re not a bot. Use --cookies-from-browser or --cookies for the authentication. See  https://github.com/yt-dlp/yt-dlp/wiki/FAQ#how-do-i-pass-cookies-to-yt-dlp  for how to manually pass cookies. Also see  https://github.com/yt-dlp/yt-dlp/wiki/Extractors#exporting-youtube-cookies  for tips on effectively exporting YouTube cookies,False
,"SGPC, Sri Amritsar",,youtube,live,7.64,,"Official SGPC LIVE | Gurbani Kirtan | Sachkhand Sri Harmandir Sahib, Sri Amritsar | 17.09.2026",https://www.youtube.com/watch?v=IL-4XHcOkZc,IL-4XHcOkZc,ERROR: [youtube] IL-4XHcOkZc: Sign in to confirm you’re not a bot. Use --cookies-from-browser or --cookies for the authentication. See  https://github.com/yt-dlp/yt-dlp/wiki/FAQ#how-do-i-pass-cookies-to-yt-dlp  for how to manually pass cookies. Also see  https://github.com/yt-dlp/yt-dlp/wiki/Extractors#exporting-youtube-cookies  for tips on effectively exporting YouTube cookies,False
,Man City,,youtube,live,7.69,,MatchDay Live! | Manchester United v Man City | Premier League | 199th Manchester Derby,https://www.youtube.com/watch?v=RC7_ZASu_U8,RC7_ZASu_U8,ERROR: [youtube] RC7_ZASu_U8: Sign in to confirm you’re not a bot. Use --cookies-from-browser or --cookies for the authentication. See  https://github.com/yt-dlp/yt-dlp/wiki/FAQ#how-do-i-pass-cookies-to-yt-dlp  for how to manually pass cookies. Also see  https://github.com/yt-dlp/yt-dlp/wiki/Extractors#exporting-youtube-cookies  for tips on effectively exporting YouTube cookies,False
,NoobSapiens,,youtube,live,7.59,,STEAL AN EGG STOCK 24/7 🔴 LIVE,https://www.youtube.com/watch?v=Ce3Z7jmCXJY,Ce3Z7jmCXJY,ERROR: [youtube] Ce3Z7jmCXJY: Sign in to confirm you’re not a bot. Use --cookies-from-browser or --cookies for the authentication. See  https://github.com/yt-dlp/yt-dlp/wiki/FAQ#how-do-i-pass-cookies-to-yt-dlp  for how to manually pass cookies. Also see  https://github.com/yt-dlp/yt-dlp/wiki/Extractors#exporting-youtube-cookies  for tips on effectively exporting YouTube cookies,False
,COURT TV,,youtube,live,7.02,,LIVE: Surgeon’s Secret Murder Trial - Day 1 | FL v. Tomasz Koswoski,https://www.youtube.com/watch?v=h7u26kb4WRg,h7u26kb4WRg,ERROR: [youtube] h7u26kb4WRg: Sign in to confirm you’re not a bot. Use --cookies-from-browser or --cookies for the authentication. See  https://github.com/yt-dlp/yt-dlp/wiki/FAQ#how-do-i-pass-cookies-to-yt-dlp  for how to manually pass cookies. Also see  https://github.com/yt-dlp/yt-dlp/wiki/Extractors#exporting-youtube-cookies  for tips on effectively exporting YouTube cookies,False
,Tu Decizi,,youtube,live,7.18,,Tu Decizi Live,https://www.youtube.com/watch?v=EYK--w9nLjI,EYK--w9nLjI,ERROR: [youtube] EYK--w9nLjI: Sign in to confirm you’re not a bot. Use --cookies-from-browser or --cookies for the authentication. See  https://github.com/yt-dlp/yt-dlp/wiki/FAQ#how-do-i-pass-cookies-to-yt-dlp  for how to manually pass cookies. Also see  https://github.com/yt-dlp/yt-dlp/wiki/Extractors#exporting-youtube-cookies  for tips on effectively exporting YouTube cookies,False
,Tousi TV,,youtube,live,8.11,,LIVE: Iran Civil Clashes Escalate - IRGC Banks Collapse - Explosions Reported,https://www.youtube.com/watch?v=Sp1eiG11ODk,Sp1eiG11ODk,ERROR: [youtube] Sp1eiG11ODk: Sign in to confirm you’re not a bot. Use --cookies-from-browser or --cookies for the authentication. See  https://github.com/yt-dlp/yt-dlp/wiki/FAQ#how-do-i-pass-cookies-to-yt-dlp  for how to manually pass cookies. Also see  https://github.com/yt-dlp/yt-dlp/wiki/Extractors#exporting-youtube-cookies  for tips on effectively exporting YouTube cookies,False
,ABP NEWS,,youtube,live,7.53,,America 100% Tariff News LIVE: America Shouldn't Underestimate India... | Live Debate | Trump San...,https://www.youtube.com/watch?v=wNRB9oTMr1c,wNRB9oTMr1c,ERROR: [youtube] wNRB9oTMr1c: Sign in to confirm you’re not a bot. Use --cookies-from-browser or --cookies for the authentication. See  https://github.com/yt-dlp/yt-dlp/wiki/FAQ#how-do-i-pass-cookies-to-yt-dlp  for how to manually pass cookies. Also see  https://github.com/yt-dlp/yt-dlp/wiki/Extractors#exporting-youtube-cookies  for tips on effectively exporting YouTube cookies,False
,UNTV News and Rescue,,youtube,live,8.43,,"LIVE: Impeachment Trial of Vice President Sara Duterte, Day 24 – September 14, 2026",https://www.youtube.com/watch?v=9AvJh2K2bgA,9AvJh2K2bgA,ERROR: [youtube] 9AvJh2K2bgA: Sign in to confirm you’re not a bot. Use --cookies-from-browser or --cookies for the authentication. See  https://github.com/yt-dlp/yt-dlp/wiki/FAQ#how-do-i-pass-cookies-to-yt-dlp  for how to manually pass cookies. Also see  https://github.com/yt-dlp/yt-dlp/wiki/Extractors#exporting-youtube-cookies  for tips on effectively exporting YouTube cookies,False
,ABP NEWS,,youtube,live,7.33,,"Nitish Kumar News LIVE: आ गया नीतीश का 'लेटर बम', बीजेपी में हड़कंप!, CM बनेंगे? | Big Breaking",https://www.youtube.com/watch?v=Q_r1uMFxbkg,Q_r1uMFxbkg,ERROR: [youtube] Q_r1uMFxbkg: Sign in to confirm you’re not a bot. Use --cookies-from-browser or --cookies for the authentication. See  https://github.com/yt-dlp/yt-dlp/wiki/FAQ#how-do-i-pass-cookies-to-yt-dlp  for how to manually pass cookies. Also see  https://github.com/yt-dlp/yt-dlp/wiki/Extractors#exporting-youtube-cookies  for tips on effectively exporting YouTube cookies,False
,Bluey - Official Channel,,youtube,live,8.24,,🔴LIVE: 24 HOURS+ Bluey Episodes in HD! ✨ 💙 | Best Bluey Adventures ☀️ | 18 FULL EPISODES | Bluey,https://www.youtube.com/watch?v=RHUauMcYlX0,RHUauMcYlX0,ERROR: [youtube] RHUauMcYlX0: This video is not available,False
,SAMAA TV,,youtube,live,7.36,,Saudi-Houthi War LIVE: Pak Army in Action | Pak-Afghan Conflict | 8 AM News Headlines | Samaa TV,https://www.youtube.com/watch?v=rIi69IQKhvM,rIi69IQKhvM,ERROR: [youtube] rIi69IQKhvM: Sign in to confirm you’re not a bot. Use --cookies-from-browser or --cookies for the authentication. See  https://github.com/yt-dlp/yt-dlp/wiki/FAQ#how-do-i-pass-cookies-to-yt-dlp  for how to manually pass cookies. Also see  https://github.com/yt-dlp/yt-dlp/wiki/Extractors#exporting-youtube-cookies  for tips on effectively exporting YouTube cookies,False
,Glow by Ramona Podcast,,youtube,podcast,7.2,,"THE MISTRESS, THE WIFE, or THE HUSBAND? Who suffers the most in a love triangle | Constantin Cornea",https://www.youtube.com/watch?v=Dci2w38MPmM,Dci2w38MPmM,ERROR: [youtube] Dci2w38MPmM: Sign in to confirm you’re not a bot. Use --cookies-from-browser or --cookies for the authentication. See  https://github.com/yt-dlp/yt-dlp/wiki/FAQ#how-do-i-pass-cookies-to-yt-dlp  for how to manually pass cookies. Also see  https://github.com/yt-dlp/yt-dlp/wiki/Extractors#exporting-youtube-cookies  for tips on effectively exporting YouTube cookies,False
,RWS - Rajadamnern World Series,,youtube,live,8.33,,🥊 LIVE : RWS: Laura Burgos vs. Bryony Soden | 19 September 2026,https://www.youtube.com/watch?v=q--VBqxOVfc,q--VBqxOVfc,ERROR: [youtube] q--VBqxOVfc: Sign in to confirm you’re not a bot. Use --cookies-from-browser or --cookies for the authentication. See  https://github.com/yt-dlp/yt-dlp/wiki/FAQ#how-do-i-pass-cookies-to-yt-dlp  for how to manually pass cookies. Also see  https://github.com/yt-dlp/yt-dlp/wiki/Extractors#exporting-youtube-cookies  for tips on effectively exporting YouTube cookies,False
,SOWETO PODCAST,,youtube,podcast,6.69,,SOWETO PODCAST PARANORMAL SHOW EP 79 I WAS HIRED TO BABYSIT A GHOST,https://www.youtube.com/watch?v=G0gyZUl_zm4,G0gyZUl_zm4,ERROR: [youtube] G0gyZUl_zm4: Sign in to confirm you’re not a bot. Use --cookies-from-browser or --cookies for the authentication. See  https://github.com/yt-dlp/yt-dlp/wiki/FAQ#how-do-i-pass-cookies-to-yt-dlp  for how to manually pass cookies. Also see  https://github.com/yt-dlp/yt-dlp/wiki/Extractors#exporting-youtube-cookies  for tips on effectively exporting YouTube cookies,False
,VREAU SĂ ȘTIU,,youtube,podcast,6.66,,BONTEA: ”Nicu Vlad era în sală. Mama nu m-a mai lăsat la haltere!”,https://www.youtube.com/watch?v=TUXgT2dBnbM,TUXgT2dBnbM,ERROR: [youtube] TUXgT2dBnbM: Sign in to confirm you’re not a bot. Use --cookies-from-browser or --cookies for the authentication. See  https://github.com/yt-dlp/yt-dlp/wiki/FAQ#how-do-i-pass-cookies-to-yt-dlp  for how to manually pass cookies. Also see  https://github.com/yt-dlp/yt-dlp/wiki/Extractors#exporting-youtube-cookies  for tips on effectively exporting YouTube cookies,False
,Mighty,,youtube,podcast,6.99,,"JUSTIN GAETHJE SOUNDS OFF on TOPURIA, ARMAN VS RUFFY, ISLAM! | EXCLUSIVE INTERVIEW!",https://www.youtube.com/watch?v=m8i1wPLH364,m8i1wPLH364,ERROR: [youtube] m8i1wPLH364: Sign in to confirm you’re not a bot. Use --cookies-from-browser or --cookies for the authentication. See  https://github.com/yt-dlp/yt-dlp/wiki/FAQ#how-do-i-pass-cookies-to-yt-dlp  for how to manually pass cookies. Also see  https://github.com/yt-dlp/yt-dlp/wiki/Extractors#exporting-youtube-cookies  for tips on effectively exporting YouTube cookies,False
,DA BRAVO! by Mihai Bobonete,,youtube,podcast,6.4,,Beții și Peripeții - Momente din Da Bravo! Podcast,https://www.youtube.com/watch?v=X13Dz64r5oo,X13Dz64r5oo,ERROR: [youtube] X13Dz64r5oo: Sign in to confirm you’re not a bot. Use --cookies-from-browser or --cookies for the authentication. See  https://github.com/yt-dlp/yt-dlp/wiki/FAQ#how-do-i-pass-cookies-to-yt-dlp  for how to manually pass cookies. Also see  https://github.com/yt-dlp/yt-dlp/wiki/Extractors#exporting-youtube-cookies  for tips on effectively exporting YouTube cookies,False
,Joe Budden TV,,youtube,podcast,6.87,,The Joe Budden Podcast Episode 965 | We Smoking This Sh*t,https://www.youtube.com/watch?v=FdS11uyjRUE,FdS11uyjRUE,ERROR: [youtube] FdS11uyjRUE: Sign in to confirm you’re not a bot. Use --cookies-from-browser or --cookies for the authentication. See  https://github.com/yt-dlp/yt-dlp/wiki/FAQ#how-do-i-pass-cookies-to-yt-dlp  for how to manually pass cookies. Also see  https://github.com/yt-dlp/yt-dlp/wiki/Extractors#exporting-youtube-cookies  for tips on effectively exporting YouTube cookies,False
,ShxtsnGigs Podcast,,youtube,podcast,6.87,,WORST LIES YOU WERE TOLD BY YOUR PARENTS?! | EP 635,https://www.youtube.com/watch?v=GntJt4WvoBU,GntJt4WvoBU,ERROR: [youtube] GntJt4WvoBU: Sign in to confirm you’re not a bot. Use --cookies-from-browser or --cookies for the authentication. See  https://github.com/yt-dlp/yt-dlp/wiki/FAQ#how-do-i-pass-cookies-to-yt-dlp  for how to manually pass cookies. Also see  https://github.com/yt-dlp/yt-dlp/wiki/Extractors#exporting-youtube-cookies  for tips on effectively exporting YouTube cookies,False
,Maruta si Prietenii,,youtube,podcast,6.58,,"SOSURILE LUI MĂRUȚĂ 🌶️ | Andreea Popescu, declarații în premieră",https://www.youtube.com/watch?v=AJh_95_3LMI,AJh_95_3LMI,ERROR: [youtube] AJh_95_3LMI: Sign in to confirm you’re not a bot. Use --cookies-from-browser or --cookies for the authentication. See  https://github.com/yt-dlp/yt-dlp/wiki/FAQ#how-do-i-pass-cookies-to-yt-dlp  for how to manually pass cookies. Also see  https://github.com/yt-dlp/yt-dlp/wiki/Extractors#exporting-youtube-cookies  for tips on effectively exporting YouTube cookies,False
,Doctor Mike,,youtube,podcast,7.14,,The Harsh Reality Of Nursing In 2026 | Nurse John,https://www.youtube.com/watch?v=lGMI4AgBt-M,lGMI4AgBt-M,ERROR: [youtube] lGMI4AgBt-M: Sign in to confirm you’re not a bot. Use --cookies-from-browser or --cookies for the authentication. See  https://github.com/yt-dlp/yt-dlp/wiki/FAQ#how-do-i-pass-cookies-to-yt-dlp  for how to manually pass cookies. Also see  https://github.com/yt-dlp/yt-dlp/wiki/Extractors#exporting-youtube-cookies  for tips on effectively exporting YouTube cookies,False
,IMPAULSIVE,,youtube,podcast,6.89,,"Conor Benn on Kicking Ryan Garcia’s A**, Anthony Joshua Breaking Jake Paul’s Face, Eubank Jr Trilogy",https://www.youtube.com/watch?v=EmEzGv-i-AQ,EmEzGv-i-AQ,ERROR: [youtube] EmEzGv-i-AQ: Sign in to confirm you’re not a bot. Use --cookies-from-browser or --cookies for the authentication. See  https://github.com/yt-dlp/yt-dlp/wiki/FAQ#how-do-i-pass-cookies-to-yt-dlp  for how to manually pass cookies. Also see  https://github.com/yt-dlp/yt-dlp/wiki/Extractors#exporting-youtube-cookies  for tips on effectively exporting YouTube cookies,False
,Popular Studio and 2 more,,youtube,podcast,7.42,,De la ospătăriță la succes în muzică și un nou business! Alexandra Creț | Podcast 🎙️ Fii Popular,https://www.youtube.com/watch?v=0R1Rigz_8Vc,0R1Rigz_8Vc,ERROR: [youtube] 0R1Rigz_8Vc: Sign in to confirm you’re not a bot. Use --cookies-from-browser or --cookies for the authentication. See  https://github.com/yt-dlp/yt-dlp/wiki/FAQ#how-do-i-pass-cookies-to-yt-dlp  for how to manually pass cookies. Also see  https://github.com/yt-dlp/yt-dlp/wiki/Extractors#exporting-youtube-cookies  for tips on effectively exporting YouTube cookies,False
,Acasa La Maruta,,youtube,podcast,7.73,,"Vlăduța Lupău și Adi Rus: din iubire, o familie. Din credință, puterea de a reuși împreună.",https://www.youtube.com/watch?v=JTQIW9cZA5o,JTQIW9cZA5o,ERROR: [youtube] JTQIW9cZA5o: Sign in to confirm you’re not a bot. Use --cookies-from-browser or --cookies for the authentication. See  https://github.com/yt-dlp/yt-dlp/wiki/FAQ#how-do-i-pass-cookies-to-yt-dlp  for how to manually pass cookies. Also see  https://github.com/yt-dlp/yt-dlp/wiki/Extractors#exporting-youtube-cookies  for tips on effectively exporting YouTube cookies,False
,Stell Ajero,,youtube,podcast,6.9,,Stell Crazy Podcast: THE CRAZY ROUNDTABLE,https://www.youtube.com/watch?v=wpCvvk5qEgY,wpCvvk5qEgY,ERROR: [youtube] wpCvvk5qEgY: Sign in to confirm you’re not a bot. Use --cookies-from-browser or --cookies for the authentication. See  https://github.com/yt-dlp/yt-dlp/wiki/FAQ#how-do-i-pass-cookies-to-yt-dlp  for how to manually pass cookies. Also see  https://github.com/yt-dlp/yt-dlp/wiki/Extractors#exporting-youtube-cookies  for tips on effectively exporting YouTube cookies,False
,Podcast „Pur și simplu altfel”,,youtube,podcast,7.3,,"Credință, iubire, divorț, horoscop și blesteme. Unde începe păcatul?...Podcast cu Mario-Doro Ciucanu",https://www.youtube.com/watch?v=sL-uKdLvjW4,sL-uKdLvjW4,ERROR: [youtube] sL-uKdLvjW4: Sign in to confirm you’re not a bot. Use --cookies-from-browser or --cookies for the authentication. See  https://github.com/yt-dlp/yt-dlp/wiki/FAQ#how-do-i-pass-cookies-to-yt-dlp  for how to manually pass cookies. Also see  https://github.com/yt-dlp/yt-dlp/wiki/Extractors#exporting-youtube-cookies  for tips on effectively exporting YouTube cookies,False
,Radu Tibulca,,youtube,podcast,7.72,,"NU IMI PLAC LINGUȘELILE GRATUITE | ADELA POPESCU despre familie, prieteni și false impresii.",https://www.youtube.com/watch?v=4LttVaF1l4A,4LttVaF1l4A,ERROR: [youtube] 4LttVaF1l4A: Sign in to confirm you’re not a bot. Use --cookies-from-browser or --cookies for the authentication. See  https://github.com/yt-dlp/yt-dlp/wiki/FAQ#how-do-i-pass-cookies-to-yt-dlp  for how to manually pass cookies. Also see  https://github.com/yt-dlp/yt-dlp/wiki/Extractors#exporting-youtube-cookies  for tips on effectively exporting YouTube cookies,False
,Doctor Mihail,,youtube,podcast,7.53,,De ce nu suntem fericiți? | BOABE DE CUNOAȘTERE | cu Horia-Roman Patapievici,https://www.youtube.com/watch?v=cZLEAmZXUD0,cZLEAmZXUD0,ERROR: [youtube] cZLEAmZXUD0: Sign in to confirm you’re not a bot. Use --cookies-from-browser or --cookies for the authentication. See  https://github.com/yt-dlp/yt-dlp/wiki/FAQ#how-do-i-pass-cookies-to-yt-dlp  for how to manually pass cookies. Also see  https://github.com/yt-dlp/yt-dlp/wiki/Extractors#exporting-youtube-cookies  for tips on effectively exporting YouTube cookies,False
,DA BRAVO! by Mihai Bobonete,,youtube,podcast,7.2,,DA BRAVO! Podcast #94 cu Carmen Tănase,https://www.youtube.com/watch?v=vtSFvOV1CJs,vtSFvOV1CJs,ERROR: [youtube] vtSFvOV1CJs: Sign in to confirm you’re not a bot. Use --cookies-from-browser or --cookies for the authentication. See  https://github.com/yt-dlp/yt-dlp/wiki/FAQ#how-do-i-pass-cookies-to-yt-dlp  for how to manually pass cookies. Also see  https://github.com/yt-dlp/yt-dlp/wiki/Extractors#exporting-youtube-cookies  for tips on effectively exporting YouTube cookies,False
,UN PODCAST,,youtube,podcast,7.73,,TUDOREL BUTOI: UMPLEAM UN STADION CU CAZURILE DE CRIMĂ INVESTIGATE 🔎,https://www.youtube.com/watch?v=_yducuRN9z8,_yducuRN9z8,ERROR: [youtube] _yducuRN9z8: Sign in to confirm you’re not a bot. Use --cookies-from-browser or --cookies for the authentication. See  https://github.com/yt-dlp/yt-dlp/wiki/FAQ#how-do-i-pass-cookies-to-yt-dlp  for how to manually pass cookies. Also see  https://github.com/yt-dlp/yt-dlp/wiki/Extractors#exporting-youtube-cookies  for tips on effectively exporting YouTube cookies,False
,un PODCAST misto By Bursucu',,youtube,podcast,7.88,,un PODCAST mișto - EMA Kovacs - o IUBIRE plină de LACRIMI și SUFERINȚĂ,https://www.youtube.com/watch?v=nzla216__Ew,nzla216__Ew,ERROR: [youtube] nzla216__Ew: Sign in to confirm you’re not a bot. Use --cookies-from-browser or --cookies for the authentication. See  https://github.com/yt-dlp/yt-dlp/wiki/FAQ#how-do-i-pass-cookies-to-yt-dlp  for how to manually pass cookies. Also see  https://github.com/yt-dlp/yt-dlp/wiki/Extractors#exporting-youtube-cookies  for tips on effectively exporting YouTube cookies,False
,Horia Brenciu,,youtube,podcast,8.04,,PODCAST LUCRURI SIMPLE | EP. 195 | BOB RĂDULESCU,https://www.youtube.com/watch?v=M8mJ8EC3L_4,M8mJ8EC3L_4,ERROR: [youtube] M8mJ8EC3L_4: Sign in to confirm you’re not a bot. Use --cookies-from-browser or --cookies for the authentication. See  https://github.com/yt-dlp/yt-dlp/wiki/FAQ#how-do-i-pass-cookies-to-yt-dlp  for how to manually pass cookies. Also see  https://github.com/yt-dlp/yt-dlp/wiki/Extractors#exporting-youtube-cookies  for tips on effectively exporting YouTube cookies,False
,UN PODCAST and Constantinescu Sorin,,youtube,podcast,7.54,,SORIN CONSTANTINESCU: ROMÂNIA SE SCUFUNDĂ! | Știi ce zic!,https://www.youtube.com/watch?v=OBYPCfJn-2k,OBYPCfJn-2k,ERROR: [youtube] OBYPCfJn-2k: Sign in to confirm you’re not a bot. Use --cookies-from-browser or --cookies for the authentication. See  https://github.com/yt-dlp/yt-dlp/wiki/FAQ#how-do-i-pass-cookies-to-yt-dlp  for how to manually pass cookies. Also see  https://github.com/yt-dlp/yt-dlp/wiki/Extractors#exporting-youtube-cookies  for tips on effectively exporting YouTube cookies,False
,MacG,,youtube,podcast,7.84,,Yanda's Ghost Lady Regret | Naqueeda’s Race | Music Pulse vs Lekompo Bias | SA Laws Vs Rural Areas,https://www.youtube.com/watch?v=BL9ShnmbzEQ,BL9ShnmbzEQ,ERROR: [youtube] BL9ShnmbzEQ: Sign in to confirm you’re not a bot. Use --cookies-from-browser or --cookies for the authentication. See  https://github.com/yt-dlp/yt-dlp/wiki/FAQ#how-do-i-pass-cookies-to-yt-dlp  for how to manually pass cookies. Also see  https://github.com/yt-dlp/yt-dlp/wiki/Extractors#exporting-youtube-cookies  for tips on effectively exporting YouTube cookies,False
,HappyFishTV,,youtube,podcast,6.84,,"Bordea: ""Scandalul a devenit drogul național?"" | Aproximativ Discutii cu Gojira | Podcast",https://www.youtube.com/watch?v=_obqqYO7uDo,_obqqYO7uDo,ERROR: [youtube] _obqqYO7uDo: Sign in to confirm you’re not a bot. Use --cookies-from-browser or --cookies for the authentication. See  https://github.com/yt-dlp/yt-dlp/wiki/FAQ#how-do-i-pass-cookies-to-yt-dlp  for how to manually pass cookies. Also see  https://github.com/yt-dlp/yt-dlp/wiki/Extractors#exporting-youtube-cookies  for tips on effectively exporting YouTube cookies,False
,HappyFishTV,,youtube,podcast,7.14,,Zbir: Adevarul din spatele milioanelor… | Aproximativ Discutii cu Gojira | Podcast,https://www.youtube.com/watch?v=KiO3zuJ7HG8,KiO3zuJ7HG8,ERROR: [youtube] KiO3zuJ7HG8: Sign in to confirm you’re not a bot. Use --cookies-from-browser or --cookies for the authentication. See  https://github.com/yt-dlp/yt-dlp/wiki/FAQ#how-do-i-pass-cookies-to-yt-dlp  for how to manually pass cookies. Also see  https://github.com/yt-dlp/yt-dlp/wiki/Extractors#exporting-youtube-cookies  for tips on effectively exporting YouTube cookies,False
,Podcast „Pur și simplu altfel”,,youtube,podcast,6.52,,"Everything you need to know about smoking, vaping, and your lungs... Podcast with Dr. Beatrice Ma...",https://www.youtube.com/watch?v=15LYDuf8jtI,15LYDuf8jtI,ERROR: [youtube] 15LYDuf8jtI: Sign in to confirm you’re not a bot. Use --cookies-from-browser or --cookies for the authentication. See  https://github.com/yt-dlp/yt-dlp/wiki/FAQ#how-do-i-pass-cookies-to-yt-dlp  for how to manually pass cookies. Also see  https://github.com/yt-dlp/yt-dlp/wiki/Extractors#exporting-youtube-cookies  for tips on effectively exporting YouTube cookies,False
,SOLD OUT MEDIA,,youtube,podcast,6.81,,"Esti romanca, plangi in romana - FIERTZI pe INSULA",https://www.youtube.com/watch?v=nPARp3pqcjg,nPARp3pqcjg,ERROR: [youtube] nPARp3pqcjg: Sign in to confirm you’re not a bot. Use --cookies-from-browser or --cookies for the authentication. See  https://github.com/yt-dlp/yt-dlp/wiki/FAQ#how-do-i-pass-cookies-to-yt-dlp  for how to manually pass cookies. Also see  https://github.com/yt-dlp/yt-dlp/wiki/Extractors#exporting-youtube-cookies  for tips on effectively exporting YouTube cookies,False
,Fain & Simplu cu Mihai Morar,,youtube,podcast,6.47,,"""WE GET DRUGS WITH FOOD"" GHEORGHE CERIN, THE DOCTOR WHO REVOLUTIONIZED NUTRITION I Fain & Simplu 304",https://www.youtube.com/watch?v=HrcNc95Voxk,HrcNc95Voxk,ERROR: [youtube] HrcNc95Voxk: Sign in to confirm you’re not a bot. Use --cookies-from-browser or --cookies for the authentication. See  https://github.com/yt-dlp/yt-dlp/wiki/FAQ#how-do-i-pass-cookies-to-yt-dlp  for how to manually pass cookies. Also see  https://github.com/yt-dlp/yt-dlp/wiki/Extractors#exporting-youtube-cookies  for tips on effectively exporting YouTube cookies,False
,Prakhar Gupta and PGX Ideas,,youtube,podcast,6.61,,Xavi's First Indian Podcast: The Genius Who Ran Barcelona's Midfield,https://www.youtube.com/watch?v=al6OtpbaBDk,al6OtpbaBDk,ERROR: [youtube] al6OtpbaBDk: Sign in to confirm you’re not a bot. Use --cookies-from-browser or --cookies for the authentication. See  https://github.com/yt-dlp/yt-dlp/wiki/FAQ#how-do-i-pass-cookies-to-yt-dlp  for how to manually pass cookies. Also see  https://github.com/yt-dlp/yt-dlp/wiki/Extractors#exporting-youtube-cookies  for tips on effectively exporting YouTube cookies,False
,un PODCAST misto By Bursucu',,youtube,podcast,6.68,,un PODCAST mișto - ADRIAN MINUNE & CATI SIMIONESCU - EI au TRECUT peste ORICE,https://www.youtube.com/watch?v=ux2ip4H1q0A,ux2ip4H1q0A,ERROR: [youtube] ux2ip4H1q0A: Sign in to confirm you’re not a bot. Use --cookies-from-browser or --cookies for the authentication. See  https://github.com/yt-dlp/yt-dlp/wiki/FAQ#how-do-i-pass-cookies-to-yt-dlp  for how to manually pass cookies. Also see  https://github.com/yt-dlp/yt-dlp/wiki/Extractors#exporting-youtube-cookies  for tips on effectively exporting YouTube cookies,False
,ShxtsnGigs Podcast,,youtube,podcast,6.9,,CRAZIEST WAY YOU'VE AVOIDED SOMEONE?! | EP 633,https://www.youtube.com/watch?v=Oy1UVOZa5MI,Oy1UVOZa5MI,ERROR: [youtube] Oy1UVOZa5MI: Sign in to confirm you’re not a bot. Use --cookies-from-browser or --cookies for the authentication. See  https://github.com/yt-dlp/yt-dlp/wiki/FAQ#how-do-i-pass-cookies-to-yt-dlp  for how to manually pass cookies. Also see  https://github.com/yt-dlp/yt-dlp/wiki/Extractors#exporting-youtube-cookies  for tips on effectively exporting YouTube cookies,False
,LOL Podcast ,,youtube,podcast,7.05,,Yolanda LEAKED Our Pregnancy Test!,https://www.youtube.com/watch?v=cTczvl4SxBI,cTczvl4SxBI,ERROR: [youtube] cTczvl4SxBI: Sign in to confirm you’re not a bot. Use --cookies-from-browser or --cookies for the authentication. See  https://github.com/yt-dlp/yt-dlp/wiki/FAQ#how-do-i-pass-cookies-to-yt-dlp  for how to manually pass cookies. Also see  https://github.com/yt-dlp/yt-dlp/wiki/Extractors#exporting-youtube-cookies  for tips on effectively exporting YouTube cookies,False
,GOLAZO România,,youtube,podcast,7.3,,"Adrian Mutu: „Da, am căzut. Dar ați văzut cum m-am ridicat?” | Podcast Profu’ de Sport #1",https://www.youtube.com/watch?v=Rs8bF1eg5jU,Rs8bF1eg5jU,ERROR: [youtube] Rs8bF1eg5jU: Sign in to confirm you’re not a bot. Use --cookies-from-browser or --cookies for the authentication. See  https://github.com/yt-dlp/yt-dlp/wiki/FAQ#how-do-i-pass-cookies-to-yt-dlp  for how to manually pass cookies. Also see  https://github.com/yt-dlp/yt-dlp/wiki/Extractors#exporting-youtube-cookies  for tips on effectively exporting YouTube cookies,False
,PowerfulJRE,,youtube,podcast,7.35,,Joe Rogan Experience #2553 - Andrew Huberman,https://www.youtube.com/watch?v=KIY0np5KDfE,KIY0np5KDfE,ERROR: [youtube] KIY0np5KDfE: Sign in to confirm you’re not a bot. Use --cookies-from-browser or --cookies for the authentication. See  https://github.com/yt-dlp/yt-dlp/wiki/FAQ#how-do-i-pass-cookies-to-yt-dlp  for how to manually pass cookies. Also see  https://github.com/yt-dlp/yt-dlp/wiki/Extractors#exporting-youtube-cookies  for tips on effectively exporting YouTube cookies,False
,Jay Shetty Podcast,,youtube,podcast,6.89,,"If You Care Too Much About What People Think, Watch This | Kendall Jenner",https://www.youtube.com/watch?v=_Ac4IUbVlRg,_Ac4IUbVlRg,ERROR: [youtube] _Ac4IUbVlRg: Sign in to confirm you’re not a bot. Use --cookies-from-browser or --cookies for the authentication. See  https://github.com/yt-dlp/yt-dlp/wiki/FAQ#how-do-i-pass-cookies-to-yt-dlp  for how to manually pass cookies. Also see  https://github.com/yt-dlp/yt-dlp/wiki/Extractors#exporting-youtube-cookies  for tips on effectively exporting YouTube cookies,False
,FLAGRANT and MrBallen,,youtube,podcast,6.74,,MrBallen: “They thought it was their dead mom… but it was worse”,https://www.youtube.com/watch?v=cqwzcDgV2-Y,cqwzcDgV2-Y,ERROR: [youtube] cqwzcDgV2-Y: Sign in to confirm you’re not a bot. Use --cookies-from-browser or --cookies for the authentication. See  https://github.com/yt-dlp/yt-dlp/wiki/FAQ#how-do-i-pass-cookies-to-yt-dlp  for how to manually pass cookies. Also see  https://github.com/yt-dlp/yt-dlp/wiki/Extractors#exporting-youtube-cookies  for tips on effectively exporting YouTube cookies,False
,Last Laugh Podcast,,youtube,podcast,7.46,,We Asked Harper Zilmer If The Drama Is Real!,https://www.youtube.com/watch?v=oZGYaHT_A80,oZGYaHT_A80,ERROR: [youtube] oZGYaHT_A80: Sign in to confirm you’re not a bot. Use --cookies-from-browser or --cookies for the authentication. See  https://github.com/yt-dlp/yt-dlp/wiki/FAQ#how-do-i-pass-cookies-to-yt-dlp  for how to manually pass cookies. Also see  https://github.com/yt-dlp/yt-dlp/wiki/Extractors#exporting-youtube-cookies  for tips on effectively exporting YouTube cookies,False
,Podcast „Pur și simplu altfel”,,youtube,podcast,7.86,,"Femei, alcool, diaspora și glume fără filtru din viața unui comediant | Podcast cu Ionuț Țigănescu",https://www.youtube.com/watch?v=zmZzZs65Kxo,zmZzZs65Kxo,ERROR: [youtube] zmZzZs65Kxo: Sign in to confirm you’re not a bot. Use --cookies-from-browser or --cookies for the authentication. See  https://github.com/yt-dlp/yt-dlp/wiki/FAQ#how-do-i-pass-cookies-to-yt-dlp  for how to manually pass cookies. Also see  https://github.com/yt-dlp/yt-dlp/wiki/Extractors#exporting-youtube-cookies  for tips on effectively exporting YouTube cookies,False
,Stable Ronaldo Live,,youtube,podcast,7.03,,I Started A Podcast With Jynxzi & Joe Bartolozzi..,https://www.youtube.com/watch?v=ba6-_MMxF4E,ba6-_MMxF4E,ERROR: [youtube] ba6-_MMxF4E: Sign in to confirm you’re not a bot. Use --cookies-from-browser or --cookies for the authentication. See  https://github.com/yt-dlp/yt-dlp/wiki/FAQ#how-do-i-pass-cookies-to-yt-dlp  for how to manually pass cookies. Also see  https://github.com/yt-dlp/yt-dlp/wiki/Extractors#exporting-youtube-cookies  for tips on effectively exporting YouTube cookies,False
,HappyFishTV,,youtube,podcast,7.92,,"Barbatii au devenit prea slabi? cu Monica Tatoiu, Aluziva si Anisia Gafton | Aproximativ Discutii",https://www.youtube.com/watch?v=KeScFTd7tx4,KeScFTd7tx4,ERROR: [youtube] KeScFTd7tx4: Sign in to confirm you’re not a bot. Use --cookies-from-browser or --cookies for the authentication. See  https://github.com/yt-dlp/yt-dlp/wiki/FAQ#how-do-i-pass-cookies-to-yt-dlp  for how to manually pass cookies. Also see  https://github.com/yt-dlp/yt-dlp/wiki/Extractors#exporting-youtube-cookies  for tips on effectively exporting YouTube cookies,False
,Face to Face Podcast by Bianca Drăgan,,youtube,podcast,7.64,,Maria Covasă îi DESFIINȚEAZĂ pe Marcel și Armina: ”Știm cu ce s-a ocupat ea în Monaco”,https://www.youtube.com/watch?v=Oy-upQNQBIU,Oy-upQNQBIU,ERROR: [youtube] Oy-upQNQBIU: Sign in to confirm you’re not a bot. Use --cookies-from-browser or --cookies for the authentication. See  https://github.com/yt-dlp/yt-dlp/wiki/FAQ#how-do-i-pass-cookies-to-yt-dlp  for how to manually pass cookies. Also see  https://github.com/yt-dlp/yt-dlp/wiki/Extractors#exporting-youtube-cookies  for tips on effectively exporting YouTube cookies,False
,LOL Podcast ,,youtube,podcast,7.48,,Yolanda Took Her Makeup Off!,https://www.youtube.com/watch?v=ByDU_YAq8NA,ByDU_YAq8NA,ERROR: [youtube] ByDU_YAq8NA: Sign in to confirm you’re not a bot. Use --cookies-from-browser or --cookies for the authentication. See  https://github.com/yt-dlp/yt-dlp/wiki/FAQ#how-do-i-pass-cookies-to-yt-dlp  for how to manually pass cookies. Also see  https://github.com/yt-dlp/yt-dlp/wiki/Extractors#exporting-youtube-cookies  for tips on effectively exporting YouTube cookies,False
,Biswa Limbu and 2 more,,youtube,podcast,7.71,,"COOL BOY सँग प्रेम,विवाह,परिवार र बेहुलीबारे कुराकानी॥ Biswa Limbu Podcast S2 Episode 144",https://www.youtube.com/watch?v=7EuXkgCJ8Dk,7EuXkgCJ8Dk,ERROR: [youtube] 7EuXkgCJ8Dk: Sign in to confirm you’re not a bot. Use --cookies-from-browser or --cookies for the authentication. See  https://github.com/yt-dlp/yt-dlp/wiki/FAQ#how-do-i-pass-cookies-to-yt-dlp  for how to manually pass cookies. Also see  https://github.com/yt-dlp/yt-dlp/wiki/Extractors#exporting-youtube-cookies  for tips on effectively exporting YouTube cookies,False
,VREAU SĂ ȘTIU,,youtube,podcast,8.35,,EP 242 Costel Bojog,https://www.youtube.com/watch?v=WelaKr41PgA,WelaKr41PgA,ERROR: [youtube] WelaKr41PgA: Sign in to confirm you’re not a bot. Use --cookies-from-browser or --cookies for the authentication. See  https://github.com/yt-dlp/yt-dlp/wiki/FAQ#how-do-i-pass-cookies-to-yt-dlp  for how to manually pass cookies. Also see  https://github.com/yt-dlp/yt-dlp/wiki/Extractors#exporting-youtube-cookies  for tips on effectively exporting YouTube cookies,False
,VREAU SĂ ȘTIU,,youtube,podcast,7.66,,CĂTĂLIN OPRIȘAN ȘI COSTIN ȘTUCAN: BECALI AVEA FÂȘICUL DE 500 DE EURO LEGAT CU ZGÂRCI,https://www.youtube.com/watch?v=J_YGTbfTkQY,J_YGTbfTkQY,ERROR: [youtube] J_YGTbfTkQY: Sign in to confirm you’re not a bot. Use --cookies-from-browser or --cookies for the authentication. See  https://github.com/yt-dlp/yt-dlp/wiki/FAQ#how-do-i-pass-cookies-to-yt-dlp  for how to manually pass cookies. Also see  https://github.com/yt-dlp/yt-dlp/wiki/Extractors#exporting-youtube-cookies  for tips on effectively exporting YouTube cookies,False
,un PODCAST misto By Bursucu',,youtube,podcast,7.39,,un PODCAST mișto - Jean de la Craiova & Marian Mexicanul - Ediție Aniversară,https://www.youtube.com/watch?v=KADn9y0l82U,KADn9y0l82U,ERROR: [youtube] KADn9y0l82U: Sign in to confirm you’re not a bot. Use --cookies-from-browser or --cookies for the authentication. See  https://github.com/yt-dlp/yt-dlp/wiki/FAQ#how-do-i-pass-cookies-to-yt-dlp  for how to manually pass cookies. Also see  https://github.com/yt-dlp/yt-dlp/wiki/Extractors#exporting-youtube-cookies  for tips on effectively exporting YouTube cookies,False
,Fain & Simplu cu Mihai Morar,,youtube,podcast,7.09,,"DULCAN'S CODE. IF YOU ONLY LISTEN TO ONE PODCAST ALL YEAR, THIS IS THE ONE! | Fain & Simplu 282",https://www.youtube.com/watch?v=2Y_ewINzbVs,2Y_ewINzbVs,ERROR: [youtube] 2Y_ewINzbVs: Sign in to confirm you’re not a bot. Use --cookies-from-browser or --cookies for the authentication. See  https://github.com/yt-dlp/yt-dlp/wiki/FAQ#how-do-i-pass-cookies-to-yt-dlp  for how to manually pass cookies. Also see  https://github.com/yt-dlp/yt-dlp/wiki/Extractors#exporting-youtube-cookies  for tips on effectively exporting YouTube cookies,False
,The Daily Beast,,youtube,podcast,6.97,,De ce misterul lui Mitch McConnell devine și mai întunecat | Podcastul The Daily Beast,https://www.youtube.com/watch?v=IrK1aMDnP8M,IrK1aMDnP8M,ERROR: [youtube] IrK1aMDnP8M: Sign in to confirm you’re not a bot. Use --cookies-from-browser or --cookies for the authentication. See  https://github.com/yt-dlp/yt-dlp/wiki/FAQ#how-do-i-pass-cookies-to-yt-dlp  for how to manually pass cookies. Also see  https://github.com/yt-dlp/yt-dlp/wiki/Extractors#exporting-youtube-cookies  for tips on effectively exporting YouTube cookies,False
,We Might Be Drunk Podcast,,youtube,podcast,6.69,,H. Foley & Kevin Ryan (Are You Garbage) w/ Sam Morril & Mark Normand - We Might Be Drunk Podcast,https://www.youtube.com/watch?v=bXe8LMz6YCc,bXe8LMz6YCc,ERROR: [youtube] bXe8LMz6YCc: Sign in to confirm you’re not a bot. Use --cookies-from-browser or --cookies for the authentication. See  https://github.com/yt-dlp/yt-dlp/wiki/FAQ#how-do-i-pass-cookies-to-yt-dlp  for how to manually pass cookies. Also see  https://github.com/yt-dlp/yt-dlp/wiki/Extractors#exporting-youtube-cookies  for tips on effectively exporting YouTube cookies,False
,All-In Podcast,,youtube,podcast,6.69,,"AI Kills Everybody or Doomer Psyop? OpenAI’s Math Breakthrough, Nike’s $200B Collapse",https://www.youtube.com/watch?v=cvxjqbfLVk0,cvxjqbfLVk0,ERROR: [youtube] cvxjqbfLVk0: Sign in to confirm you’re not a bot. Use --cookies-from-browser or --cookies for the authentication. See  https://github.com/yt-dlp/yt-dlp/wiki/FAQ#how-do-i-pass-cookies-to-yt-dlp  for how to manually pass cookies. Also see  https://github.com/yt-dlp/yt-dlp/wiki/Extractors#exporting-youtube-cookies  for tips on effectively exporting YouTube cookies,False
,Face to Face Podcast by Bianca Drăgan,,youtube,podcast,6.52,,"Nicoleta Dragne, ISPITA care a destrămat trei cupluri la INSULA IUBIRII: “După s-a întors la ea”",https://www.youtube.com/watch?v=t5KknT68HjM,t5KknT68HjM,ERROR: [youtube] t5KknT68HjM: Sign in to confirm you’re not a bot. Use --cookies-from-browser or --cookies for the authentication. See  https://github.com/yt-dlp/yt-dlp/wiki/FAQ#how-do-i-pass-cookies-to-yt-dlp  for how to manually pass cookies. Also see  https://github.com/yt-dlp/yt-dlp/wiki/Extractors#exporting-youtube-cookies  for tips on effectively exporting YouTube cookies,False
,Fstoppers,,youtube,reviews,6.34,,The Nerdiest iPhone 18 Pro Camera Review,https://www.youtube.com/watch?v=aF7DSUI7VM0,aF7DSUI7VM0,ERROR: [youtube] aF7DSUI7VM0: Sign in to confirm you’re not a bot. Use --cookies-from-browser or --cookies for the authentication. See  https://github.com/yt-dlp/yt-dlp/wiki/FAQ#how-do-i-pass-cookies-to-yt-dlp  for how to manually pass cookies. Also see  https://github.com/yt-dlp/yt-dlp/wiki/Extractors#exporting-youtube-cookies  for tips on effectively exporting YouTube cookies,False
,Suraj Kumar,,youtube,reviews,6.77,,Netflix's Two Different Faces: Irumudi & Lust Stories 2 REVIEW |,https://www.youtube.com/watch?v=ZAyZ8Iy4F7s,ZAyZ8Iy4F7s,ERROR: [youtube] ZAyZ8Iy4F7s: Sign in to confirm you’re not a bot. Use --cookies-from-browser or --cookies for the authentication. See  https://github.com/yt-dlp/yt-dlp/wiki/FAQ#how-do-i-pass-cookies-to-yt-dlp  for how to manually pass cookies. Also see  https://github.com/yt-dlp/yt-dlp/wiki/Extractors#exporting-youtube-cookies  for tips on effectively exporting YouTube cookies,False
,Naseem Speach,,youtube,reviews,6.82,,iPhone 18 Pro - 24 Hours Later... (HONEST Review),https://www.youtube.com/watch?v=IxRtZsHoxDU,IxRtZsHoxDU,ERROR: [youtube] IxRtZsHoxDU: Sign in to confirm you’re not a bot. Use --cookies-from-browser or --cookies for the authentication. See  https://github.com/yt-dlp/yt-dlp/wiki/FAQ#how-do-i-pass-cookies-to-yt-dlp  for how to manually pass cookies. Also see  https://github.com/yt-dlp/yt-dlp/wiki/Extractors#exporting-youtube-cookies  for tips on effectively exporting YouTube cookies,False
,IGN,,youtube,reviews,6.81,,Fire Emblem: Fortune's Weave Review,https://www.youtube.com/watch?v=IyaSo06SmhM,IyaSo06SmhM,ERROR: [youtube] IyaSo06SmhM: Sign in to confirm you’re not a bot. Use --cookies-from-browser or --cookies for the authentication. See  https://github.com/yt-dlp/yt-dlp/wiki/FAQ#how-do-i-pass-cookies-to-yt-dlp  for how to manually pass cookies. Also see  https://github.com/yt-dlp/yt-dlp/wiki/Extractors#exporting-youtube-cookies  for tips on effectively exporting YouTube cookies,False
,mullet reviews,,youtube,reviews,6.95,,Hot blonde goes to everything ok buffet in frankfort indiana  #mulletreview  #review  #buffet,https://www.youtube.com/watch?v=PXpb15NK2ME,PXpb15NK2ME,ERROR: [youtube] PXpb15NK2ME: Sign in to confirm you’re not a bot. Use --cookies-from-browser or --cookies for the authentication. See  https://github.com/yt-dlp/yt-dlp/wiki/FAQ#how-do-i-pass-cookies-to-yt-dlp  for how to manually pass cookies. Also see  https://github.com/yt-dlp/yt-dlp/wiki/Extractors#exporting-youtube-cookies  for tips on effectively exporting YouTube cookies,False
,Tom’s Guide,,youtube,reviews,6.84,,iPhone 18 Pro & Pro Max Review! (Answering the Internet),https://www.youtube.com/watch?v=sqaV5mFJav8,sqaV5mFJav8,ERROR: [youtube] sqaV5mFJav8: Sign in to confirm you’re not a bot. Use --cookies-from-browser or --cookies for the authentication. See  https://github.com/yt-dlp/yt-dlp/wiki/FAQ#how-do-i-pass-cookies-to-yt-dlp  for how to manually pass cookies. Also see  https://github.com/yt-dlp/yt-dlp/wiki/Extractors#exporting-youtube-cookies  for tips on effectively exporting YouTube cookies,False
,The Majority Report w/ Sam Seder,,youtube,reviews,6.88,,Ben Shapiro Is Mad About His Terrible ISIS Movie Reviews,https://www.youtube.com/watch?v=45UKmFAI70w,45UKmFAI70w,ERROR: [youtube] 45UKmFAI70w: Sign in to confirm you’re not a bot. Use --cookies-from-browser or --cookies for the authentication. See  https://github.com/yt-dlp/yt-dlp/wiki/FAQ#how-do-i-pass-cookies-to-yt-dlp  for how to manually pass cookies. Also see  https://github.com/yt-dlp/yt-dlp/wiki/Extractors#exporting-youtube-cookies  for tips on effectively exporting YouTube cookies,False
,In Depth Tech Reviews,,youtube,reviews,7.23,,Pixel 11 Pro XL In-Depth Review – Google Almost Got Everything Right!,https://www.youtube.com/watch?v=_5xxjxfYoG4,_5xxjxfYoG4,ERROR: [youtube] _5xxjxfYoG4: Sign in to confirm you’re not a bot. Use --cookies-from-browser or --cookies for the authentication. See  https://github.com/yt-dlp/yt-dlp/wiki/FAQ#how-do-i-pass-cookies-to-yt-dlp  for how to manually pass cookies. Also see  https://github.com/yt-dlp/yt-dlp/wiki/Extractors#exporting-youtube-cookies  for tips on effectively exporting YouTube cookies,False
,The Tech Chap,,youtube,reviews,7.55,,iPhone 18 Pro | Pro Max REVIEW - The Good & Bad (shot on iPhone),https://www.youtube.com/watch?v=vTDhHX7x2N4,vTDhHX7x2N4,ERROR: [youtube] vTDhHX7x2N4: Sign in to confirm you’re not a bot. Use --cookies-from-browser or --cookies for the authentication. See  https://github.com/yt-dlp/yt-dlp/wiki/FAQ#how-do-i-pass-cookies-to-yt-dlp  for how to manually pass cookies. Also see  https://github.com/yt-dlp/yt-dlp/wiki/Extractors#exporting-youtube-cookies  for tips on effectively exporting YouTube cookies,False
,Kermode and Mayo's Take,,youtube,reviews,7.12,,Mark Kermode reviews Resident Evil,https://www.youtube.com/watch?v=8r6c35jzxNs,8r6c35jzxNs,ERROR: [youtube] 8r6c35jzxNs: Sign in to confirm you’re not a bot. Use --cookies-from-browser or --cookies for the authentication. See  https://github.com/yt-dlp/yt-dlp/wiki/FAQ#how-do-i-pass-cookies-to-yt-dlp  for how to manually pass cookies. Also see  https://github.com/yt-dlp/yt-dlp/wiki/Extractors#exporting-youtube-cookies  for tips on effectively exporting YouTube cookies,False
,Ramma,,youtube,reviews,7.29,,I Tested 1-Star Restaurant Reviews In Nepal 🇳🇵,https://www.youtube.com/watch?v=MVjb3Nb67g8,MVjb3Nb67g8,ERROR: [youtube] MVjb3Nb67g8: Sign in to confirm you’re not a bot. Use --cookies-from-browser or --cookies for the authentication. See  https://github.com/yt-dlp/yt-dlp/wiki/FAQ#how-do-i-pass-cookies-to-yt-dlp  for how to manually pass cookies. Also see  https://github.com/yt-dlp/yt-dlp/wiki/Extractors#exporting-youtube-cookies  for tips on effectively exporting YouTube cookies,False
,TopicArlo,,youtube,reviews,7.75,,The Fire Emblem: Fortune's Weave Reviews Are WILD,https://www.youtube.com/watch?v=ngaXaMlSFC0,ngaXaMlSFC0,ERROR: [youtube] ngaXaMlSFC0: Sign in to confirm you’re not a bot. Use --cookies-from-browser or --cookies for the authentication. See  https://github.com/yt-dlp/yt-dlp/wiki/FAQ#how-do-i-pass-cookies-to-yt-dlp  for how to manually pass cookies. Also see  https://github.com/yt-dlp/yt-dlp/wiki/Extractors#exporting-youtube-cookies  for tips on effectively exporting YouTube cookies,False
,Marques Brownlee,,youtube,reviews,6.85,,iPhone 18 Pro Review: All About that Chip,https://www.youtube.com/watch?v=ohqxP8EEumo,ohqxP8EEumo,ERROR: [youtube] ohqxP8EEumo: Sign in to confirm you’re not a bot. Use --cookies-from-browser or --cookies for the authentication. See  https://github.com/yt-dlp/yt-dlp/wiki/FAQ#how-do-i-pass-cookies-to-yt-dlp  for how to manually pass cookies. Also see  https://github.com/yt-dlp/yt-dlp/wiki/Extractors#exporting-youtube-cookies  for tips on effectively exporting YouTube cookies,False
,Jeremy Jahns,,youtube,reviews,7.23,,Coyote vs. Acme - Movie Review,https://www.youtube.com/watch?v=AxOmv3sXns0,AxOmv3sXns0,ERROR: [youtube] AxOmv3sXns0: Sign in to confirm you’re not a bot. Use --cookies-from-browser or --cookies for the authentication. See  https://github.com/yt-dlp/yt-dlp/wiki/FAQ#how-do-i-pass-cookies-to-yt-dlp  for how to manually pass cookies. Also see  https://github.com/yt-dlp/yt-dlp/wiki/Extractors#exporting-youtube-cookies  for tips on effectively exporting YouTube cookies,False
,Disparu,,youtube,reviews,7.88,,Lanterns Critic Reviews NUKE Most WOKE Show Since Watchmen,https://www.youtube.com/watch?v=4rDjxUXQdhk,4rDjxUXQdhk,ERROR: [youtube] 4rDjxUXQdhk: Sign in to confirm you’re not a bot. Use --cookies-from-browser or --cookies for the authentication. See  https://github.com/yt-dlp/yt-dlp/wiki/FAQ#how-do-i-pass-cookies-to-yt-dlp  for how to manually pass cookies. Also see  https://github.com/yt-dlp/yt-dlp/wiki/Extractors#exporting-youtube-cookies  for tips on effectively exporting YouTube cookies,False
,Tech Spurt,,youtube,reviews,7.84,,Xiaomi HyperOS 4 Beta Review | Best Update Yet?,https://www.youtube.com/watch?v=eZnGXAQ9sUI,eZnGXAQ9sUI,ERROR: [youtube] eZnGXAQ9sUI: Sign in to confirm you’re not a bot. Use --cookies-from-browser or --cookies for the authentication. See  https://github.com/yt-dlp/yt-dlp/wiki/FAQ#how-do-i-pass-cookies-to-yt-dlp  for how to manually pass cookies. Also see  https://github.com/yt-dlp/yt-dlp/wiki/Extractors#exporting-youtube-cookies  for tips on effectively exporting YouTube cookies,False
,IGN,,youtube,reviews,6.7,,Control Resonant Review,https://www.youtube.com/watch?v=7YiRi1llmQo,7YiRi1llmQo,ERROR: [youtube] 7YiRi1llmQo: Sign in to confirm you’re not a bot. Use --cookies-from-browser or --cookies for the authentication. See  https://github.com/yt-dlp/yt-dlp/wiki/FAQ#how-do-i-pass-cookies-to-yt-dlp  for how to manually pass cookies. Also see  https://github.com/yt-dlp/yt-dlp/wiki/Extractors#exporting-youtube-cookies  for tips on effectively exporting YouTube cookies,False
,Jeremy Jahns,,youtube,reviews,7.44,,Practical Magic 2 - Movie Review,https://www.youtube.com/watch?v=a71v3jnM3wI,a71v3jnM3wI,ERROR: [youtube] a71v3jnM3wI: Sign in to confirm you’re not a bot. Use --cookies-from-browser or --cookies for the authentication. See  https://github.com/yt-dlp/yt-dlp/wiki/FAQ#how-do-i-pass-cookies-to-yt-dlp  for how to manually pass cookies. Also see  https://github.com/yt-dlp/yt-dlp/wiki/Extractors#exporting-youtube-cookies  for tips on effectively exporting YouTube cookies,False
,Byte Review,,youtube,reviews,7.24,,I tried the iPhone Duo. I get it now,https://www.youtube.com/watch?v=TC1_1-_P2xY,TC1_1-_P2xY,ERROR: [youtube] TC1_1-_P2xY: Sign in to confirm you’re not a bot. Use --cookies-from-browser or --cookies for the authentication. See  https://github.com/yt-dlp/yt-dlp/wiki/FAQ#how-do-i-pass-cookies-to-yt-dlp  for how to manually pass cookies. Also see  https://github.com/yt-dlp/yt-dlp/wiki/Extractors#exporting-youtube-cookies  for tips on effectively exporting YouTube cookies,False
,Verlisify,,youtube,reviews,7.02,,ANIIMO IS THE GREATEST GAME EVER MADE - Aniimo Review,https://www.youtube.com/watch?v=Xid5jf2uPTw,Xid5jf2uPTw,ERROR: [youtube] Xid5jf2uPTw: Sign in to confirm you’re not a bot. Use --cookies-from-browser or --cookies for the authentication. See  https://github.com/yt-dlp/yt-dlp/wiki/FAQ#how-do-i-pass-cookies-to-yt-dlp  for how to manually pass cookies. Also see  https://github.com/yt-dlp/yt-dlp/wiki/Extractors#exporting-youtube-cookies  for tips on effectively exporting YouTube cookies,False
,minoqtopus,,youtube,reviews,7.06,,iPhone 18 Pro Review - Watch Before You Buy,https://www.youtube.com/watch?v=CGXuvl3-25c,CGXuvl3-25c,ERROR: [youtube] CGXuvl3-25c: Sign in to confirm you’re not a bot. Use --cookies-from-browser or --cookies for the authentication. See  https://github.com/yt-dlp/yt-dlp/wiki/FAQ#how-do-i-pass-cookies-to-yt-dlp  for how to manually pass cookies. Also see  https://github.com/yt-dlp/yt-dlp/wiki/Extractors#exporting-youtube-cookies  for tips on effectively exporting YouTube cookies,False
,Beyond The Trailer,,youtube,reviews,6.61,,Resident Evil 2026 SPOILER Review - Ending Explained! Movie vs Video Game!,https://www.youtube.com/watch?v=nL1QUuc2kdA,nL1QUuc2kdA,ERROR: [youtube] nL1QUuc2kdA: Sign in to confirm you’re not a bot. Use --cookies-from-browser or --cookies for the authentication. See  https://github.com/yt-dlp/yt-dlp/wiki/FAQ#how-do-i-pass-cookies-to-yt-dlp  for how to manually pass cookies. Also see  https://github.com/yt-dlp/yt-dlp/wiki/Extractors#exporting-youtube-cookies  for tips on effectively exporting YouTube cookies,False
,GameSpot,,youtube,reviews,6.93,,Control Resonant's Best Aspect Left Me Utterly Speechless - Review,https://www.youtube.com/watch?v=f1LEHPr8e_o,f1LEHPr8e_o,ERROR: [youtube] f1LEHPr8e_o: Sign in to confirm you’re not a bot. Use --cookies-from-browser or --cookies for the authentication. See  https://github.com/yt-dlp/yt-dlp/wiki/FAQ#how-do-i-pass-cookies-to-yt-dlp  for how to manually pass cookies. Also see  https://github.com/yt-dlp/yt-dlp/wiki/Extractors#exporting-youtube-cookies  for tips on effectively exporting YouTube cookies,False
,Heavy Spoilers,,youtube,reviews,7.17,,RESIDENT EVIL (2026) Ending Explained & Breakdown | Full Movie Review & Game Every Easter Egg,https://www.youtube.com/watch?v=QGZsWTv9sho,QGZsWTv9sho,ERROR: [youtube] QGZsWTv9sho: Sign in to confirm you’re not a bot. Use --cookies-from-browser or --cookies for the authentication. See  https://github.com/yt-dlp/yt-dlp/wiki/FAQ#how-do-i-pass-cookies-to-yt-dlp  for how to manually pass cookies. Also see  https://github.com/yt-dlp/yt-dlp/wiki/Extractors#exporting-youtube-cookies  for tips on effectively exporting YouTube cookies,False
,HTX Studio,,youtube,reviews,7.01,,iPhone 18 Pro Review: I Have Mixed Feelings.,https://www.youtube.com/watch?v=BIqvBPVcz7Y,BIqvBPVcz7Y,ERROR: [youtube] BIqvBPVcz7Y: Sign in to confirm you’re not a bot. Use --cookies-from-browser or --cookies for the authentication. See  https://github.com/yt-dlp/yt-dlp/wiki/FAQ#how-do-i-pass-cookies-to-yt-dlp  for how to manually pass cookies. Also see  https://github.com/yt-dlp/yt-dlp/wiki/Extractors#exporting-youtube-cookies  for tips on effectively exporting YouTube cookies,False
,Autocar India,,youtube,reviews,7.42,,2026 Royal Enfield Himalayan 440 review - The gentleman’s ADV returns | Autocar India,https://www.youtube.com/watch?v=D2rGjDoh0vc,D2rGjDoh0vc,ERROR: [youtube] D2rGjDoh0vc: Sign in to confirm you’re not a bot. Use --cookies-from-browser or --cookies for the authentication. See  https://github.com/yt-dlp/yt-dlp/wiki/FAQ#how-do-i-pass-cookies-to-yt-dlp  for how to manually pass cookies. Also see  https://github.com/yt-dlp/yt-dlp/wiki/Extractors#exporting-youtube-cookies  for tips on effectively exporting YouTube cookies,False
,DesFit,,youtube,reviews,6.62,,Apple Watch Ultra 4 In-Depth Review // Time To Upgrade?,https://www.youtube.com/watch?v=2tSA3nkdl98,2tSA3nkdl98,ERROR: [youtube] 2tSA3nkdl98: Sign in to confirm you’re not a bot. Use --cookies-from-browser or --cookies for the authentication. See  https://github.com/yt-dlp/yt-dlp/wiki/FAQ#how-do-i-pass-cookies-to-yt-dlp  for how to manually pass cookies. Also see  https://github.com/yt-dlp/yt-dlp/wiki/Extractors#exporting-youtube-cookies  for tips on effectively exporting YouTube cookies,False
,FightinCowboy,,youtube,reviews,7.11,,CONTROL Resonant Review - Remedy's Best Game Yet,https://www.youtube.com/watch?v=YUf5JcYa1GM,YUf5JcYa1GM,ERROR: [youtube] YUf5JcYa1GM: Sign in to confirm you’re not a bot. Use --cookies-from-browser or --cookies for the authentication. See  https://github.com/yt-dlp/yt-dlp/wiki/FAQ#how-do-i-pass-cookies-to-yt-dlp  for how to manually pass cookies. Also see  https://github.com/yt-dlp/yt-dlp/wiki/Extractors#exporting-youtube-cookies  for tips on effectively exporting YouTube cookies,False
,Dave2D,,youtube,reviews,6.89,,iPhone 18 Pro Max Review - Apple's Hyping The Wrong Thing,https://www.youtube.com/watch?v=eHYaESEzFHc,eHYaESEzFHc,ERROR: [youtube] eHYaESEzFHc: Sign in to confirm you’re not a bot. Use --cookies-from-browser or --cookies for the authentication. See  https://github.com/yt-dlp/yt-dlp/wiki/FAQ#how-do-i-pass-cookies-to-yt-dlp  for how to manually pass cookies. Also see  https://github.com/yt-dlp/yt-dlp/wiki/Extractors#exporting-youtube-cookies  for tips on effectively exporting YouTube cookies,False
,Cody Leach,,youtube,reviews,7.26,,Resident Evil (2026) - Movie Review,https://www.youtube.com/watch?v=1jD-TPGU8No,1jD-TPGU8No,ERROR: [youtube] 1jD-TPGU8No: Sign in to confirm you’re not a bot. Use --cookies-from-browser or --cookies for the authentication. See  https://github.com/yt-dlp/yt-dlp/wiki/FAQ#how-do-i-pass-cookies-to-yt-dlp  for how to manually pass cookies. Also see  https://github.com/yt-dlp/yt-dlp/wiki/Extractors#exporting-youtube-cookies  for tips on effectively exporting YouTube cookies,False
,YOGI BOLTA HAI,,youtube,reviews,7.07,,Awarapan 2 Movie Review | Yogi Bolta Hai,https://www.youtube.com/watch?v=_yXevIoymuI,_yXevIoymuI,ERROR: [youtube] _yXevIoymuI: Sign in to confirm you’re not a bot. Use --cookies-from-browser or --cookies for the authentication. See  https://github.com/yt-dlp/yt-dlp/wiki/FAQ#how-do-i-pass-cookies-to-yt-dlp  for how to manually pass cookies. Also see  https://github.com/yt-dlp/yt-dlp/wiki/Extractors#exporting-youtube-cookies  for tips on effectively exporting YouTube cookies,False
,3C Films,,youtube,reviews,7.68,,Resident Evil Is… (REVIEW),https://www.youtube.com/watch?v=UVLvH5LwjW8,UVLvH5LwjW8,ERROR: [youtube] UVLvH5LwjW8: Sign in to confirm you’re not a bot. Use --cookies-from-browser or --cookies for the authentication. See  https://github.com/yt-dlp/yt-dlp/wiki/FAQ#how-do-i-pass-cookies-to-yt-dlp  for how to manually pass cookies. Also see  https://github.com/yt-dlp/yt-dlp/wiki/Extractors#exporting-youtube-cookies  for tips on effectively exporting YouTube cookies,False
,MrMobile [Michael Fisher],,youtube,reviews,6.92,,iPhone 18 Pro Review (From An Android Guy),https://www.youtube.com/watch?v=9hf6QDQ8Zcc,9hf6QDQ8Zcc,ERROR: [youtube] 9hf6QDQ8Zcc: Sign in to confirm you’re not a bot. Use --cookies-from-browser or --cookies for the authentication. See  https://github.com/yt-dlp/yt-dlp/wiki/FAQ#how-do-i-pass-cookies-to-yt-dlp  for how to manually pass cookies. Also see  https://github.com/yt-dlp/yt-dlp/wiki/Extractors#exporting-youtube-cookies  for tips on effectively exporting YouTube cookies,False
,Heavy Spoilers,,youtube,reviews,7.82,,RESIDENT EVIL Full Movie Spoiler Review Breakdown & Ending Explained,https://www.youtube.com/watch?v=vwqwZ4rozDM,vwqwZ4rozDM,ERROR: [youtube] vwqwZ4rozDM: Sign in to confirm you’re not a bot. Use --cookies-from-browser or --cookies for the authentication. See  https://github.com/yt-dlp/yt-dlp/wiki/FAQ#how-do-i-pass-cookies-to-yt-dlp  for how to manually pass cookies. Also see  https://github.com/yt-dlp/yt-dlp/wiki/Extractors#exporting-youtube-cookies  for tips on effectively exporting YouTube cookies,False
,Ryan Trahan,,youtube,reviews,7.66,,I Tested Restaurants with No Reviews,https://www.youtube.com/watch?v=jac53THxO0I,jac53THxO0I,ERROR: [youtube] jac53THxO0I: Sign in to confirm you’re not a bot. Use --cookies-from-browser or --cookies for the authentication. See  https://github.com/yt-dlp/yt-dlp/wiki/FAQ#how-do-i-pass-cookies-to-yt-dlp  for how to manually pass cookies. Also see  https://github.com/yt-dlp/yt-dlp/wiki/Extractors#exporting-youtube-cookies  for tips on effectively exporting YouTube cookies,False
,carandbike,,youtube,reviews,7.31,,"ROYAL ENFIELD HIMALAYAN 440 REVIEW: Performance, Fuel Economy Tested",https://www.youtube.com/watch?v=OO9Tiqt3SDg,OO9Tiqt3SDg,ERROR: [youtube] OO9Tiqt3SDg: Sign in to confirm you’re not a bot. Use --cookies-from-browser or --cookies for the authentication. See  https://github.com/yt-dlp/yt-dlp/wiki/FAQ#how-do-i-pass-cookies-to-yt-dlp  for how to manually pass cookies. Also see  https://github.com/yt-dlp/yt-dlp/wiki/Extractors#exporting-youtube-cookies  for tips on effectively exporting YouTube cookies,False
,LaserBolt,,youtube,reviews,7.34,,Silent Hill Townfall Early Reviews All Agree On One Thing,https://www.youtube.com/watch?v=kAeYLk3aZbE,kAeYLk3aZbE,ERROR: [youtube] kAeYLk3aZbE: Sign in to confirm you’re not a bot. Use --cookies-from-browser or --cookies for the authentication. See  https://github.com/yt-dlp/yt-dlp/wiki/FAQ#how-do-i-pass-cookies-to-yt-dlp  for how to manually pass cookies. Also see  https://github.com/yt-dlp/yt-dlp/wiki/Extractors#exporting-youtube-cookies  for tips on effectively exporting YouTube cookies,False
,Beyond EV,,youtube,reviews,8.99,,The CHEAPEST Car in Australia: 2026 BYD Atto 1 Review [Affordable EV Month Ep. 1],https://www.youtube.com/watch?v=cybtxl1lwJo,cybtxl1lwJo,ERROR: [youtube] cybtxl1lwJo: Sign in to confirm you’re not a bot. Use --cookies-from-browser or --cookies for the authentication. See  https://github.com/yt-dlp/yt-dlp/wiki/FAQ#how-do-i-pass-cookies-to-yt-dlp  for how to manually pass cookies. Also see  https://github.com/yt-dlp/yt-dlp/wiki/Extractors#exporting-youtube-cookies  for tips on effectively exporting YouTube cookies,False
,Skill Up,,youtube,reviews,6.96,,I do not recommend: Marvel's Wolverine (Review),https://www.youtube.com/watch?v=YhUiptupV7A,YhUiptupV7A,ERROR: [youtube] YhUiptupV7A: Sign in to confirm you’re not a bot. Use --cookies-from-browser or --cookies for the authentication. See  https://github.com/yt-dlp/yt-dlp/wiki/FAQ#how-do-i-pass-cookies-to-yt-dlp  for how to manually pass cookies. Also see  https://github.com/yt-dlp/yt-dlp/wiki/Extractors#exporting-youtube-cookies  for tips on effectively exporting YouTube cookies,False
,carandbike,,youtube,reviews,7.32,,MG Hector Tomahawk EV Review: Is It Better Than The 9S?,https://www.youtube.com/watch?v=MhXsh4jXb44,MhXsh4jXb44,ERROR: [youtube] MhXsh4jXb44: Sign in to confirm you’re not a bot. Use --cookies-from-browser or --cookies for the authentication. See  https://github.com/yt-dlp/yt-dlp/wiki/FAQ#how-do-i-pass-cookies-to-yt-dlp  for how to manually pass cookies. Also see  https://github.com/yt-dlp/yt-dlp/wiki/Extractors#exporting-youtube-cookies  for tips on effectively exporting YouTube cookies,False
,KarissaEats,,youtube,reviews,7.05,,Only Eating at Restaurants with No Reviews!,https://www.youtube.com/watch?v=SOXe0Eu9syY,SOXe0Eu9syY,ERROR: [youtube] SOXe0Eu9syY: Sign in to confirm you’re not a bot. Use --cookies-from-browser or --cookies for the authentication. See  https://github.com/yt-dlp/yt-dlp/wiki/FAQ#how-do-i-pass-cookies-to-yt-dlp  for how to manually pass cookies. Also see  https://github.com/yt-dlp/yt-dlp/wiki/Extractors#exporting-youtube-cookies  for tips on effectively exporting YouTube cookies,False
,Chris Stuckmann,,youtube,reviews,7.04,,Resident Evil - Movie Review,https://www.youtube.com/watch?v=pNM2Za9c0Bg,pNM2Za9c0Bg,ERROR: [youtube] pNM2Za9c0Bg: Sign in to confirm you’re not a bot. Use --cookies-from-browser or --cookies for the authentication. See  https://github.com/yt-dlp/yt-dlp/wiki/FAQ#how-do-i-pass-cookies-to-yt-dlp  for how to manually pass cookies. Also see  https://github.com/yt-dlp/yt-dlp/wiki/Extractors#exporting-youtube-cookies  for tips on effectively exporting YouTube cookies,False
,Brian Tong,,youtube,reviews,6.45,,iPhone 18 Pro/18 Pro Max Review - Still A BEAST!...But Should You Upgrade?,https://www.youtube.com/watch?v=recR5oTGQRM,recR5oTGQRM,ERROR: [youtube] recR5oTGQRM: Sign in to confirm you’re not a bot. Use --cookies-from-browser or --cookies for the authentication. See  https://github.com/yt-dlp/yt-dlp/wiki/FAQ#how-do-i-pass-cookies-to-yt-dlp  for how to manually pass cookies. Also see  https://github.com/yt-dlp/yt-dlp/wiki/Extractors#exporting-youtube-cookies  for tips on effectively exporting YouTube cookies,False
,Chase the Summit,,youtube,reviews,7.4,,Apple Watch Series 12 Review: 5 Things That Surprised Me (Vs. Ultra 4!),https://www.youtube.com/watch?v=D0WvOJUNLpY,D0WvOJUNLpY,ERROR: [youtube] D0WvOJUNLpY: Sign in to confirm you’re not a bot. Use --cookies-from-browser or --cookies for the authentication. See  https://github.com/yt-dlp/yt-dlp/wiki/FAQ#how-do-i-pass-cookies-to-yt-dlp  for how to manually pass cookies. Also see  https://github.com/yt-dlp/yt-dlp/wiki/Extractors#exporting-youtube-cookies  for tips on effectively exporting YouTube cookies,False
,Tech Burner,,youtube,reviews,6.68,,Apple iPhone 18 Pro Unboxing & Review ! *Biggest Price Upgrade*,https://www.youtube.com/watch?v=TQGnPPdh2S8,TQGnPPdh2S8,ERROR: [youtube] TQGnPPdh2S8: Sign in to confirm you’re not a bot. Use --cookies-from-browser or --cookies for the authentication. See  https://github.com/yt-dlp/yt-dlp/wiki/FAQ#how-do-i-pass-cookies-to-yt-dlp  for how to manually pass cookies. Also see  https://github.com/yt-dlp/yt-dlp/wiki/Extractors#exporting-youtube-cookies  for tips on effectively exporting YouTube cookies,False
,Addie Bowley,,youtube,reviews,6.64,,1 Star Reviews but they get increasingly outrageous,https://www.youtube.com/watch?v=nZCMdiUV07E,nZCMdiUV07E,ERROR: [youtube] nZCMdiUV07E: Sign in to confirm you’re not a bot. Use --cookies-from-browser or --cookies for the authentication. See  https://github.com/yt-dlp/yt-dlp/wiki/FAQ#how-do-i-pass-cookies-to-yt-dlp  for how to manually pass cookies. Also see  https://github.com/yt-dlp/yt-dlp/wiki/Extractors#exporting-youtube-cookies  for tips on effectively exporting YouTube cookies,False
,CNET,,youtube,reviews,6.85,,Apple Watch Series 12 Review: Creepy or Cool? A Little of Both | All Things Mobile,https://www.youtube.com/watch?v=A-PoMH43-do,A-PoMH43-do,ERROR: [youtube] A-PoMH43-do: Sign in to confirm you’re not a bot. Use --cookies-from-browser or --cookies for the authentication. See  https://github.com/yt-dlp/yt-dlp/wiki/FAQ#how-do-i-pass-cookies-to-yt-dlp  for how to manually pass cookies. Also see  https://github.com/yt-dlp/yt-dlp/wiki/Extractors#exporting-youtube-cookies  for tips on effectively exporting YouTube cookies,False
,IGN,,youtube,reviews,6.74,,Resident Evil Review,https://www.youtube.com/watch?v=S0e1bWvRjHk,S0e1bWvRjHk,ERROR: [youtube] S0e1bWvRjHk: Sign in to confirm you’re not a bot. Use --cookies-from-browser or --cookies for the authentication. See  https://github.com/yt-dlp/yt-dlp/wiki/FAQ#how-do-i-pass-cookies-to-yt-dlp  for how to manually pass cookies. Also see  https://github.com/yt-dlp/yt-dlp/wiki/Extractors#exporting-youtube-cookies  for tips on effectively exporting YouTube cookies,False
,Steve1989MREInfo,,youtube,reviews,7.15,,2024 US FSR 24 Hour Ration Review Honey BBQ Chicken Sandwich MRE Tasting Test Meal Ready to Eat,https://www.youtube.com/watch?v=aJQbaVMfW5g,aJQbaVMfW5g,ERROR: [youtube] aJQbaVMfW5g: Sign in to confirm you’re not a bot. Use --cookies-from-browser or --cookies for the authentication. See  https://github.com/yt-dlp/yt-dlp/wiki/FAQ#how-do-i-pass-cookies-to-yt-dlp  for how to manually pass cookies. Also see  https://github.com/yt-dlp/yt-dlp/wiki/Extractors#exporting-youtube-cookies  for tips on effectively exporting YouTube cookies,False
,DW Documentary,,youtube,documentary,7.17,,Backbreaking work: Deep-sea fishing in the Arctic Ocean | DW Documentary,https://www.youtube.com/watch?v=Ryz283fY518,Ryz283fY518,ERROR: [youtube] Ryz283fY518: Sign in to confirm you’re not a bot. Use --cookies-from-browser or --cookies for the authentication. See  https://github.com/yt-dlp/yt-dlp/wiki/FAQ#how-do-i-pass-cookies-to-yt-dlp  for how to manually pass cookies. Also see  https://github.com/yt-dlp/yt-dlp/wiki/Extractors#exporting-youtube-cookies  for tips on effectively exporting YouTube cookies,False
,Tried&Refused Productions.,,youtube,reviews,7.54,,VIBE Movie Review & Analysis | Kunal Khemu | Preity Zinta,https://www.youtube.com/watch?v=QC3naGLYxOk,QC3naGLYxOk,ERROR: [youtube] QC3naGLYxOk: Sign in to confirm you’re not a bot. Use --cookies-from-browser or --cookies for the authentication. See  https://github.com/yt-dlp/yt-dlp/wiki/FAQ#how-do-i-pass-cookies-to-yt-dlp  for how to manually pass cookies. Also see  https://github.com/yt-dlp/yt-dlp/wiki/Extractors#exporting-youtube-cookies  for tips on effectively exporting YouTube cookies,False
,5-Minute Crafts,,youtube,DIY,7.02,,🎀 CUTE CRAFTS You Can Make at Home! ✨ Easy DIY Ideas,https://www.youtube.com/watch?v=Ue0KcmEh2Ao,Ue0KcmEh2Ao,ERROR: [youtube] Ue0KcmEh2Ao: Sign in to confirm you’re not a bot. Use --cookies-from-browser or --cookies for the authentication. See  https://github.com/yt-dlp/yt-dlp/wiki/FAQ#how-do-i-pass-cookies-to-yt-dlp  for how to manually pass cookies. Also see  https://github.com/yt-dlp/yt-dlp/wiki/Extractors#exporting-youtube-cookies  for tips on effectively exporting YouTube cookies,False
,DIY- Cement craft ideas,,youtube,DIY,7.93,,"Amazing Creations from Cement and Wooden Pallets, DIY Garden Decorations From Recycled",https://www.youtube.com/watch?v=A5USmqd43Vc,A5USmqd43Vc,ERROR: [youtube] A5USmqd43Vc: Sign in to confirm you’re not a bot. Use --cookies-from-browser or --cookies for the authentication. See  https://github.com/yt-dlp/yt-dlp/wiki/FAQ#how-do-i-pass-cookies-to-yt-dlp  for how to manually pass cookies. Also see  https://github.com/yt-dlp/yt-dlp/wiki/Extractors#exporting-youtube-cookies  for tips on effectively exporting YouTube cookies,False
,Beverly's Stunning Creations,,youtube,DIY,7.44,,3 EASY Dollar Tree CHRISTMAS DIY'S that ANYONE CAN MAKE!,https://www.youtube.com/watch?v=BhwnLz9m3Xg,BhwnLz9m3Xg,ERROR: [youtube] BhwnLz9m3Xg: Sign in to confirm you’re not a bot. Use --cookies-from-browser or --cookies for the authentication. See  https://github.com/yt-dlp/yt-dlp/wiki/FAQ#how-do-i-pass-cookies-to-yt-dlp  for how to manually pass cookies. Also see  https://github.com/yt-dlp/yt-dlp/wiki/Extractors#exporting-youtube-cookies  for tips on effectively exporting YouTube cookies,False
,Hafu Go,,youtube,DIY,8.1,,Level 1 to 100 DIY Inventions,https://www.youtube.com/watch?v=sBWOGp3QReU,sBWOGp3QReU,ERROR: [youtube] sBWOGp3QReU: Sign in to confirm you’re not a bot. Use --cookies-from-browser or --cookies for the authentication. See  https://github.com/yt-dlp/yt-dlp/wiki/FAQ#how-do-i-pass-cookies-to-yt-dlp  for how to manually pass cookies. Also see  https://github.com/yt-dlp/yt-dlp/wiki/Extractors#exporting-youtube-cookies  for tips on effectively exporting YouTube cookies,False
,ProfessorBoots,,youtube,DIY,7.21,,3D Printed FPV RC Excavator - DIY,https://www.youtube.com/watch?v=BNYgC0iiT78,BNYgC0iiT78,ERROR: [youtube] BNYgC0iiT78: Sign in to confirm you’re not a bot. Use --cookies-from-browser or --cookies for the authentication. See  https://github.com/yt-dlp/yt-dlp/wiki/FAQ#how-do-i-pass-cookies-to-yt-dlp  for how to manually pass cookies. Also see  https://github.com/yt-dlp/yt-dlp/wiki/Extractors#exporting-youtube-cookies  for tips on effectively exporting YouTube cookies,False
,Inventor 101,,youtube,DIY,8.0,,3 DIY INVENTIONS,https://www.youtube.com/watch?v=Y--c1L6eWBk,Y--c1L6eWBk,ERROR: [youtube] Y--c1L6eWBk: Sign in to confirm you’re not a bot. Use --cookies-from-browser or --cookies for the authentication. See  https://github.com/yt-dlp/yt-dlp/wiki/FAQ#how-do-i-pass-cookies-to-yt-dlp  for how to manually pass cookies. Also see  https://github.com/yt-dlp/yt-dlp/wiki/Extractors#exporting-youtube-cookies  for tips on effectively exporting YouTube cookies,False
,Miguelito'sDIY,,youtube,DIY,7.59,,De BASURA a LUJO 💎 25 Ideas DIY para Decorar tu Casa,https://www.youtube.com/watch?v=Oj_H1C2j3ns,Oj_H1C2j3ns,ERROR: [youtube] Oj_H1C2j3ns: Sign in to confirm you’re not a bot. Use --cookies-from-browser or --cookies for the authentication. See  https://github.com/yt-dlp/yt-dlp/wiki/FAQ#how-do-i-pass-cookies-to-yt-dlp  for how to manually pass cookies. Also see  https://github.com/yt-dlp/yt-dlp/wiki/Extractors#exporting-youtube-cookies  for tips on effectively exporting YouTube cookies,False
,5-Minute Crafts,,youtube,DIY,7.87,,TRAVEL SMARTER WITH THESE ESSENTIAL HACKS AND DIY! 🧳💡,https://www.youtube.com/watch?v=-5vUZTbp0FU,-5vUZTbp0FU,ERROR: [youtube] -5vUZTbp0FU: Sign in to confirm you’re not a bot. Use --cookies-from-browser or --cookies for the authentication. See  https://github.com/yt-dlp/yt-dlp/wiki/FAQ#how-do-i-pass-cookies-to-yt-dlp  for how to manually pass cookies. Also see  https://github.com/yt-dlp/yt-dlp/wiki/Extractors#exporting-youtube-cookies  for tips on effectively exporting YouTube cookies,False
,Leyla Tavas,,youtube,DIY,7.6,,15 diy room decor ideas *aesthetic* ✧･ﾟ: *,https://www.youtube.com/watch?v=rmcbxy38HaE,rmcbxy38HaE,ERROR: [youtube] rmcbxy38HaE: Sign in to confirm you’re not a bot. Use --cookies-from-browser or --cookies for the authentication. See  https://github.com/yt-dlp/yt-dlp/wiki/FAQ#how-do-i-pass-cookies-to-yt-dlp  for how to manually pass cookies. Also see  https://github.com/yt-dlp/yt-dlp/wiki/Extractors#exporting-youtube-cookies  for tips on effectively exporting YouTube cookies,False
,Girl Crafts,,youtube,DIY,7.95,,"100 DIY - EASY LIFE HACKS AND DIY PROJECTS YOU CAN DO IN 5 MINUTES - ROOM DECOR, PHONE CASE and more",https://www.youtube.com/watch?v=aUYpPS1SRmc,aUYpPS1SRmc,ERROR: [youtube] aUYpPS1SRmc: Sign in to confirm you’re not a bot. Use --cookies-from-browser or --cookies for the authentication. See  https://github.com/yt-dlp/yt-dlp/wiki/FAQ#how-do-i-pass-cookies-to-yt-dlp  for how to manually pass cookies. Also see  https://github.com/yt-dlp/yt-dlp/wiki/Extractors#exporting-youtube-cookies  for tips on effectively exporting YouTube cookies,False
,Make Waves,,youtube,DIY,7.82,,"DIY Inventions That Look IMPOSSIBLE, But Are Actually Easy",https://www.youtube.com/watch?v=1ff2MzilOnQ,1ff2MzilOnQ,ERROR: [youtube] 1ff2MzilOnQ: Sign in to confirm you’re not a bot. Use --cookies-from-browser or --cookies for the authentication. See  https://github.com/yt-dlp/yt-dlp/wiki/FAQ#how-do-i-pass-cookies-to-yt-dlp  for how to manually pass cookies. Also see  https://github.com/yt-dlp/yt-dlp/wiki/Extractors#exporting-youtube-cookies  for tips on effectively exporting YouTube cookies,False
,123 GO! Planet,,youtube,DIY,7.05,,DIY Your Own Cool Shoes! 🎨👟 Crazy Food Hacks And School Ideas by 123 GO! Planet,https://www.youtube.com/watch?v=wWFRCHh_p4o,wWFRCHh_p4o,ERROR: [youtube] wWFRCHh_p4o: Sign in to confirm you’re not a bot. Use --cookies-from-browser or --cookies for the authentication. See  https://github.com/yt-dlp/yt-dlp/wiki/FAQ#how-do-i-pass-cookies-to-yt-dlp  for how to manually pass cookies. Also see  https://github.com/yt-dlp/yt-dlp/wiki/Extractors#exporting-youtube-cookies  for tips on effectively exporting YouTube cookies,False
,DIY Tiff,,youtube,DIY,7.48,,I can't believe more people don't do this,https://www.youtube.com/watch?v=AyNNuGl6pcg,AyNNuGl6pcg,ERROR: [youtube] AyNNuGl6pcg: Sign in to confirm you’re not a bot. Use --cookies-from-browser or --cookies for the authentication. See  https://github.com/yt-dlp/yt-dlp/wiki/FAQ#how-do-i-pass-cookies-to-yt-dlp  for how to manually pass cookies. Also see  https://github.com/yt-dlp/yt-dlp/wiki/Extractors#exporting-youtube-cookies  for tips on effectively exporting YouTube cookies,False
,Tushu art & craft and 2 more,,youtube,DIY,7.65,,DIY 9 VIRAL Squishies You Can Make at Home! 😍,https://www.youtube.com/watch?v=YO2iRFlAH7E,YO2iRFlAH7E,ERROR: [youtube] YO2iRFlAH7E: Sign in to confirm you’re not a bot. Use --cookies-from-browser or --cookies for the authentication. See  https://github.com/yt-dlp/yt-dlp/wiki/FAQ#how-do-i-pass-cookies-to-yt-dlp  for how to manually pass cookies. Also see  https://github.com/yt-dlp/yt-dlp/wiki/Extractors#exporting-youtube-cookies  for tips on effectively exporting YouTube cookies,False
,The Secret Craft Room,,youtube,DIY,6.83,,DIY Halloween Magic: Create Your Own Faux Stained Glass Bat Lamp 🦇,https://www.youtube.com/watch?v=1J7jzYMZ10I,1J7jzYMZ10I,ERROR: [youtube] 1J7jzYMZ10I: Sign in to confirm you’re not a bot. Use --cookies-from-browser or --cookies for the authentication. See  https://github.com/yt-dlp/yt-dlp/wiki/FAQ#how-do-i-pass-cookies-to-yt-dlp  for how to manually pass cookies. Also see  https://github.com/yt-dlp/yt-dlp/wiki/Extractors#exporting-youtube-cookies  for tips on effectively exporting YouTube cookies,False
,Drew Builds Stuff,,youtube,DIY,7.1,,TINY COTTAGE IN THE WOODS - Full DIY Build,https://www.youtube.com/watch?v=bq6tKhx2D9U,bq6tKhx2D9U,ERROR: [youtube] bq6tKhx2D9U: Sign in to confirm you’re not a bot. Use --cookies-from-browser or --cookies for the authentication. See  https://github.com/yt-dlp/yt-dlp/wiki/FAQ#how-do-i-pass-cookies-to-yt-dlp  for how to manually pass cookies. Also see  https://github.com/yt-dlp/yt-dlp/wiki/Extractors#exporting-youtube-cookies  for tips on effectively exporting YouTube cookies,False
,Fun Caboodle,,youtube,DIY,6.79,,Toy Story 5 Movie DIY Squishy Dumplings Step By Step Tutorial! Crafts for Kids,https://www.youtube.com/watch?v=4CQBBQXHULU,4CQBBQXHULU,ERROR: [youtube] 4CQBBQXHULU: This video is not available,False
,Affg Eren,,youtube,DIY,7.07,,🎁 3 Christmas DIY Ideas That Will Surprise You! 🤯✨,https://www.youtube.com/watch?v=5Bg2Smx8xs4,5Bg2Smx8xs4,ERROR: [youtube] 5Bg2Smx8xs4: Sign in to confirm you’re not a bot. Use --cookies-from-browser or --cookies for the authentication. See  https://github.com/yt-dlp/yt-dlp/wiki/FAQ#how-do-i-pass-cookies-to-yt-dlp  for how to manually pass cookies. Also see  https://github.com/yt-dlp/yt-dlp/wiki/Extractors#exporting-youtube-cookies  for tips on effectively exporting YouTube cookies,False
,"SaraBeautyCorner - DIY, Comedy, Makeup, Nail Art",,youtube,DIY,6.71,,"Morning Routine (10 DIY Ideas, Makeup, Healthy Recipes)",https://www.youtube.com/watch?v=KzTfGNf8jDg,KzTfGNf8jDg,ERROR: [youtube] KzTfGNf8jDg: Sign in to confirm you’re not a bot. Use --cookies-from-browser or --cookies for the authentication. See  https://github.com/yt-dlp/yt-dlp/wiki/FAQ#how-do-i-pass-cookies-to-yt-dlp  for how to manually pass cookies. Also see  https://github.com/yt-dlp/yt-dlp/wiki/Extractors#exporting-youtube-cookies  for tips on effectively exporting YouTube cookies,False
,Cozy DIY Home,,youtube,DIY,7.08,,30 IKEA Hacks That'll Make Your Home Feel Cozy!,https://www.youtube.com/watch?v=r9r6_BdMMX8,r9r6_BdMMX8,ERROR: [youtube] r9r6_BdMMX8: Sign in to confirm you’re not a bot. Use --cookies-from-browser or --cookies for the authentication. See  https://github.com/yt-dlp/yt-dlp/wiki/FAQ#how-do-i-pass-cookies-to-yt-dlp  for how to manually pass cookies. Also see  https://github.com/yt-dlp/yt-dlp/wiki/Extractors#exporting-youtube-cookies  for tips on effectively exporting YouTube cookies,False
,Strong Creator,,youtube,DIY,6.68,,DIY Mini Truck Builds Strong Cement Bridge | Creative Engineering Construction Project,https://www.youtube.com/watch?v=753eGHLWdDg,753eGHLWdDg,ERROR: [youtube] 753eGHLWdDg: Sign in to confirm you’re not a bot. Use --cookies-from-browser or --cookies for the authentication. See  https://github.com/yt-dlp/yt-dlp/wiki/FAQ#how-do-i-pass-cookies-to-yt-dlp  for how to manually pass cookies. Also see  https://github.com/yt-dlp/yt-dlp/wiki/Extractors#exporting-youtube-cookies  for tips on effectively exporting YouTube cookies,False
,Girl Crafts,,youtube,DIY,6.79,,25 VIRAL DIY Fidgets & Squishies You NEED To Try! 🧽✨,https://www.youtube.com/watch?v=fEs-GWyZ3N8,fEs-GWyZ3N8,ERROR: [youtube] fEs-GWyZ3N8: Sign in to confirm you’re not a bot. Use --cookies-from-browser or --cookies for the authentication. See  https://github.com/yt-dlp/yt-dlp/wiki/FAQ#how-do-i-pass-cookies-to-yt-dlp  for how to manually pass cookies. Also see  https://github.com/yt-dlp/yt-dlp/wiki/Extractors#exporting-youtube-cookies  for tips on effectively exporting YouTube cookies,False
,Yano4kaa,,youtube,DIY,7.3,,DIY room decor 𖦹 ׂ 𓈒10+ ideas,https://www.youtube.com/watch?v=YhAeGqu63-g,YhAeGqu63-g,ERROR: [youtube] YhAeGqu63-g: Sign in to confirm you’re not a bot. Use --cookies-from-browser or --cookies for the authentication. See  https://github.com/yt-dlp/yt-dlp/wiki/FAQ#how-do-i-pass-cookies-to-yt-dlp  for how to manually pass cookies. Also see  https://github.com/yt-dlp/yt-dlp/wiki/Extractors#exporting-youtube-cookies  for tips on effectively exporting YouTube cookies,False
,Our Upcycled Life,,youtube,DIY,7.37,,Stop Buying Expensive Wax — 6 DIY Recipes for Under $2,https://www.youtube.com/watch?v=U_zQwONAbs0,U_zQwONAbs0,ERROR: [youtube] U_zQwONAbs0: Sign in to confirm you’re not a bot. Use --cookies-from-browser or --cookies for the authentication. See  https://github.com/yt-dlp/yt-dlp/wiki/FAQ#how-do-i-pass-cookies-to-yt-dlp  for how to manually pass cookies. Also see  https://github.com/yt-dlp/yt-dlp/wiki/Extractors#exporting-youtube-cookies  for tips on effectively exporting YouTube cookies,False
,Sem DIY,,youtube,DIY,8.17,,Great DIY that actually works! Amazing woodworking projects!,https://www.youtube.com/watch?v=LmvtOwuO8ZA,LmvtOwuO8ZA,ERROR: [youtube] LmvtOwuO8ZA: Sign in to confirm you’re not a bot. Use --cookies-from-browser or --cookies for the authentication. See  https://github.com/yt-dlp/yt-dlp/wiki/FAQ#how-do-i-pass-cookies-to-yt-dlp  for how to manually pass cookies. Also see  https://github.com/yt-dlp/yt-dlp/wiki/Extractors#exporting-youtube-cookies  for tips on effectively exporting YouTube cookies,False
,Quantum Makers,,youtube,DIY,7.71,,Man Builds Tiny Houses with Mini Bricks | DIY Constructions by @DIY-Garage,https://www.youtube.com/watch?v=BOin4P9c2MU,BOin4P9c2MU,ERROR: [youtube] BOin4P9c2MU: Sign in to confirm you’re not a bot. Use --cookies-from-browser or --cookies for the authentication. See  https://github.com/yt-dlp/yt-dlp/wiki/FAQ#how-do-i-pass-cookies-to-yt-dlp  for how to manually pass cookies. Also see  https://github.com/yt-dlp/yt-dlp/wiki/Extractors#exporting-youtube-cookies  for tips on effectively exporting YouTube cookies,False
,HomeMadeModern,,youtube,DIY,7.54,,I made a DIY Sofa for a Hotel,https://www.youtube.com/watch?v=lKYplW0zP4o,lKYplW0zP4o,ERROR: [youtube] lKYplW0zP4o: Sign in to confirm you’re not a bot. Use --cookies-from-browser or --cookies for the authentication. See  https://github.com/yt-dlp/yt-dlp/wiki/FAQ#how-do-i-pass-cookies-to-yt-dlp  for how to manually pass cookies. Also see  https://github.com/yt-dlp/yt-dlp/wiki/Extractors#exporting-youtube-cookies  for tips on effectively exporting YouTube cookies,False
,Fun Caboodle,,youtube,DIY,7.97,,How to Make DIY Dumpling Squishy Step By Step Tutorial! Crafts for Kids,https://www.youtube.com/watch?v=rTxdO07dpFI,rTxdO07dpFI,ERROR: [youtube] rTxdO07dpFI: This video is not available,False
,Craft with Nini,,youtube,DIY,8.27,,I made Viral Squishy at Home and tested them all! 🥰 DIY TikTok crafts ,https://www.youtube.com/watch?v=vjuZwDKF1U0,vjuZwDKF1U0,ERROR: [youtube] vjuZwDKF1U0: Sign in to confirm you’re not a bot. Use --cookies-from-browser or --cookies for the authentication. See  https://github.com/yt-dlp/yt-dlp/wiki/FAQ#how-do-i-pass-cookies-to-yt-dlp  for how to manually pass cookies. Also see  https://github.com/yt-dlp/yt-dlp/wiki/Extractors#exporting-youtube-cookies  for tips on effectively exporting YouTube cookies,False
,TN Gardening,,youtube,DIY,7.93,,"DIY Vertical Garden from Plastic Bottles - Grow Lettuce, Green onions at Home Easily",https://www.youtube.com/watch?v=UNdiinNrKAo,UNdiinNrKAo,ERROR: [youtube] UNdiinNrKAo: Sign in to confirm you’re not a bot. Use --cookies-from-browser or --cookies for the authentication. See  https://github.com/yt-dlp/yt-dlp/wiki/FAQ#how-do-i-pass-cookies-to-yt-dlp  for how to manually pass cookies. Also see  https://github.com/yt-dlp/yt-dlp/wiki/Extractors#exporting-youtube-cookies  for tips on effectively exporting YouTube cookies,False
,5-Minute Crafts,,youtube,DIY,7.46,,WHY BUY WHEN YOU CAN DIY? 💅♻️ GENIUS RECYCLING HACKS,https://www.youtube.com/watch?v=4v5WOkVtx4k,4v5WOkVtx4k,ERROR: [youtube] 4v5WOkVtx4k: Sign in to confirm you’re not a bot. Use --cookies-from-browser or --cookies for the authentication. See  https://github.com/yt-dlp/yt-dlp/wiki/FAQ#how-do-i-pass-cookies-to-yt-dlp  for how to manually pass cookies. Also see  https://github.com/yt-dlp/yt-dlp/wiki/Extractors#exporting-youtube-cookies  for tips on effectively exporting YouTube cookies,False
,5-Minute Crafts,,youtube,DIY,7.66,,35 DIY IDEAS YOU NEED IN YOUR LIFE RIGHT NOW,https://www.youtube.com/watch?v=fBbKagy1dD8,fBbKagy1dD8,ERROR: [youtube] fBbKagy1dD8: Sign in to confirm you’re not a bot. Use --cookies-from-browser or --cookies for the authentication. See  https://github.com/yt-dlp/yt-dlp/wiki/FAQ#how-do-i-pass-cookies-to-yt-dlp  for how to manually pass cookies. Also see  https://github.com/yt-dlp/yt-dlp/wiki/Extractors#exporting-youtube-cookies  for tips on effectively exporting YouTube cookies,False
,Magnet World,,youtube,DIY,7.27,,DIY - How To Build Mini Swimming Pool For Pet From Magnetic Balls (Satisfying) | Magnet World Series,https://www.youtube.com/watch?v=mJD30Y4PwV0,mJD30Y4PwV0,ERROR: [youtube] mJD30Y4PwV0: Sign in to confirm you’re not a bot. Use --cookies-from-browser or --cookies for the authentication. See  https://github.com/yt-dlp/yt-dlp/wiki/FAQ#how-do-i-pass-cookies-to-yt-dlp  for how to manually pass cookies. Also see  https://github.com/yt-dlp/yt-dlp/wiki/Extractors#exporting-youtube-cookies  for tips on effectively exporting YouTube cookies,False
,Olivia's Romantic Home,,youtube,DIY,7.49,,🍂🎃 DIY DOLLAR TREE FALL DECOR! 🍁✨ Gorgeous Budget-Friendly Autumn DIYs You’ll LOVE! 🧡🏡,https://www.youtube.com/watch?v=d0hNamcHt3Y,d0hNamcHt3Y,ERROR: [youtube] d0hNamcHt3Y: Sign in to confirm you’re not a bot. Use --cookies-from-browser or --cookies for the authentication. See  https://github.com/yt-dlp/yt-dlp/wiki/FAQ#how-do-i-pass-cookies-to-yt-dlp  for how to manually pass cookies. Also see  https://github.com/yt-dlp/yt-dlp/wiki/Extractors#exporting-youtube-cookies  for tips on effectively exporting YouTube cookies,False
,DIY Diva,,youtube,DIY,7.84,,Fall in Love with DIY: 30+ Projects to Make Your Home Cozy,https://www.youtube.com/watch?v=6WA8o7VyzdM,6WA8o7VyzdM,ERROR: [youtube] 6WA8o7VyzdM: Sign in to confirm you’re not a bot. Use --cookies-from-browser or --cookies for the authentication. See  https://github.com/yt-dlp/yt-dlp/wiki/FAQ#how-do-i-pass-cookies-to-yt-dlp  for how to manually pass cookies. Also see  https://github.com/yt-dlp/yt-dlp/wiki/Extractors#exporting-youtube-cookies  for tips on effectively exporting YouTube cookies,False
,DIY In Progress ,,youtube,DIY,7.82,,I Turned THRIFTED JUNK Into Designer Lighting 💡,https://www.youtube.com/watch?v=iLx2oOgfd4g,iLx2oOgfd4g,ERROR: [youtube] iLx2oOgfd4g: Sign in to confirm you’re not a bot. Use --cookies-from-browser or --cookies for the authentication. See  https://github.com/yt-dlp/yt-dlp/wiki/FAQ#how-do-i-pass-cookies-to-yt-dlp  for how to manually pass cookies. Also see  https://github.com/yt-dlp/yt-dlp/wiki/Extractors#exporting-youtube-cookies  for tips on effectively exporting YouTube cookies,False
,Mukta Art & Craft,,youtube,DIY,9.17,,10 Easy craft ideas/ miniature craft /Paper craft/ how to make /DIY/school project/Mukta Art & Craft,https://www.youtube.com/watch?v=JWNByqPQpqE,JWNByqPQpqE,ERROR: [youtube] JWNByqPQpqE: Sign in to confirm you’re not a bot. Use --cookies-from-browser or --cookies for the authentication. See  https://github.com/yt-dlp/yt-dlp/wiki/FAQ#how-do-i-pass-cookies-to-yt-dlp  for how to manually pass cookies. Also see  https://github.com/yt-dlp/yt-dlp/wiki/Extractors#exporting-youtube-cookies  for tips on effectively exporting YouTube cookies,False
,This Crazy Life,,youtube,DIY,6.6,,*NEW* DIY BATHROOM MAKEOVER ON A BUDGET :: NO DEMO BATHROOM TRANSFORMATION,https://www.youtube.com/watch?v=flNvWGnA9CU,flNvWGnA9CU,ERROR: [youtube] flNvWGnA9CU: Sign in to confirm you’re not a bot. Use --cookies-from-browser or --cookies for the authentication. See  https://github.com/yt-dlp/yt-dlp/wiki/FAQ#how-do-i-pass-cookies-to-yt-dlp  for how to manually pass cookies. Also see  https://github.com/yt-dlp/yt-dlp/wiki/Extractors#exporting-youtube-cookies  for tips on effectively exporting YouTube cookies,False
,DIY Wife,,youtube,DIY,7.23,,can we turn this disaster into a designer bedroom?...,https://www.youtube.com/watch?v=5V-qvJb4wzw,5V-qvJb4wzw,ERROR: [youtube] 5V-qvJb4wzw: Sign in to confirm you’re not a bot. Use --cookies-from-browser or --cookies for the authentication. See  https://github.com/yt-dlp/yt-dlp/wiki/FAQ#how-do-i-pass-cookies-to-yt-dlp  for how to manually pass cookies. Also see  https://github.com/yt-dlp/yt-dlp/wiki/Extractors#exporting-youtube-cookies  for tips on effectively exporting YouTube cookies,False
,Girl Crafts,,youtube,DIY,7.43,,16 DIY EASY FIDGET TOY IDEAS #fidgettoys,https://www.youtube.com/watch?v=4ISVjzzoQkE,4ISVjzzoQkE,ERROR: [youtube] 4ISVjzzoQkE: Sign in to confirm you’re not a bot. Use --cookies-from-browser or --cookies for the authentication. See  https://github.com/yt-dlp/yt-dlp/wiki/FAQ#how-do-i-pass-cookies-to-yt-dlp  for how to manually pass cookies. Also see  https://github.com/yt-dlp/yt-dlp/wiki/Extractors#exporting-youtube-cookies  for tips on effectively exporting YouTube cookies,False
,viyaura,,youtube,DIY,7.3,,"I Tested ""Easy"" DIY Crafts",https://www.youtube.com/watch?v=Fh2LSweI0_s,Fh2LSweI0_s,ERROR: [youtube] Fh2LSweI0_s: Sign in to confirm you’re not a bot. Use --cookies-from-browser or --cookies for the authentication. See  https://github.com/yt-dlp/yt-dlp/wiki/FAQ#how-do-i-pass-cookies-to-yt-dlp  for how to manually pass cookies. Also see  https://github.com/yt-dlp/yt-dlp/wiki/Extractors#exporting-youtube-cookies  for tips on effectively exporting YouTube cookies,False
,Craftz Talent,,youtube,DIY,6.79,,DIY Easy Origami Mini Notebook No Glue No tape | Cute Crafts | Paper Craft | Easy Craft Ideas | How,https://www.youtube.com/watch?v=h5OWaOYRvoU,h5OWaOYRvoU,ERROR: [youtube] h5OWaOYRvoU: Sign in to confirm you’re not a bot. Use --cookies-from-browser or --cookies for the authentication. See  https://github.com/yt-dlp/yt-dlp/wiki/FAQ#how-do-i-pass-cookies-to-yt-dlp  for how to manually pass cookies. Also see  https://github.com/yt-dlp/yt-dlp/wiki/Extractors#exporting-youtube-cookies  for tips on effectively exporting YouTube cookies,False
,Creation Holic,,youtube,DIY,6.46,,Top 10 Genius DIY Ideas That Work Extremely Well | Best of the Year Creation Holic,https://www.youtube.com/watch?v=cGzHrt7RcSg,cGzHrt7RcSg,ERROR: [youtube] cGzHrt7RcSg: Sign in to confirm you’re not a bot. Use --cookies-from-browser or --cookies for the authentication. See  https://github.com/yt-dlp/yt-dlp/wiki/FAQ#how-do-i-pass-cookies-to-yt-dlp  for how to manually pass cookies. Also see  https://github.com/yt-dlp/yt-dlp/wiki/Extractors#exporting-youtube-cookies  for tips on effectively exporting YouTube cookies,False
,Leyla Tavas,,youtube,DIY,6.99,,15 diy room decor ideas *aesthetic* ⋆⭒˚.⋆,https://www.youtube.com/watch?v=gaVmaX_VgAI,gaVmaX_VgAI,ERROR: [youtube] gaVmaX_VgAI: Sign in to confirm you’re not a bot. Use --cookies-from-browser or --cookies for the authentication. See  https://github.com/yt-dlp/yt-dlp/wiki/FAQ#how-do-i-pass-cookies-to-yt-dlp  for how to manually pass cookies. Also see  https://github.com/yt-dlp/yt-dlp/wiki/Extractors#exporting-youtube-cookies  for tips on effectively exporting YouTube cookies,False
,LaughCryDIY,,youtube,DIY,7.12,,Solving My Subscribers' Decor Challenges | DIY Decor Tips,https://www.youtube.com/watch?v=Ik9bwFMYY78,Ik9bwFMYY78,ERROR: [youtube] Ik9bwFMYY78: Sign in to confirm you’re not a bot. Use --cookies-from-browser or --cookies for the authentication. See  https://github.com/yt-dlp/yt-dlp/wiki/FAQ#how-do-i-pass-cookies-to-yt-dlp  for how to manually pass cookies. Also see  https://github.com/yt-dlp/yt-dlp/wiki/Extractors#exporting-youtube-cookies  for tips on effectively exporting YouTube cookies,False
,Gleespen Designs,,youtube,DIY,6.87,,7 *Brand NEW* DIY HALLOWEEN Home Decor Crafts #diy #halloween,https://www.youtube.com/watch?v=ZDQfbMbx0Dc,ZDQfbMbx0Dc,ERROR: [youtube] ZDQfbMbx0Dc: Sign in to confirm you’re not a bot. Use --cookies-from-browser or --cookies for the authentication. See  https://github.com/yt-dlp/yt-dlp/wiki/FAQ#how-do-i-pass-cookies-to-yt-dlp  for how to manually pass cookies. Also see  https://github.com/yt-dlp/yt-dlp/wiki/Extractors#exporting-youtube-cookies  for tips on effectively exporting YouTube cookies,False
,Lone Fox,,youtube,DIY,7.36,,10 DIY Hacks that TRANSFORM Basic Homes! *Budget Friendly & Easy*,https://www.youtube.com/watch?v=wqpK8toITxI,wqpK8toITxI,ERROR: [youtube] wqpK8toITxI: Sign in to confirm you’re not a bot. Use --cookies-from-browser or --cookies for the authentication. See  https://github.com/yt-dlp/yt-dlp/wiki/FAQ#how-do-i-pass-cookies-to-yt-dlp  for how to manually pass cookies. Also see  https://github.com/yt-dlp/yt-dlp/wiki/Extractors#exporting-youtube-cookies  for tips on effectively exporting YouTube cookies,False
,5-Minute Crafts,,youtube,DIY,6.67,,Amazing Ways to Reuse OLD TIRES ✨ DIY Ideas,https://www.youtube.com/watch?v=668yVlQCaqg,668yVlQCaqg,ERROR: [youtube] 668yVlQCaqg: Sign in to confirm you’re not a bot. Use --cookies-from-browser or --cookies for the authentication. See  https://github.com/yt-dlp/yt-dlp/wiki/FAQ#how-do-i-pass-cookies-to-yt-dlp  for how to manually pass cookies. Also see  https://github.com/yt-dlp/yt-dlp/wiki/Extractors#exporting-youtube-cookies  for tips on effectively exporting YouTube cookies,False
,Erin Degan ,,youtube,DIY,7.32,,How I Made EVERY Viral Squishy AT HOME! *EASY DIY Tutorial*,https://www.youtube.com/watch?v=ITTNWQ8eas0,ITTNWQ8eas0,ERROR: [youtube] ITTNWQ8eas0: Sign in to confirm you’re not a bot. Use --cookies-from-browser or --cookies for the authentication. See  https://github.com/yt-dlp/yt-dlp/wiki/FAQ#how-do-i-pass-cookies-to-yt-dlp  for how to manually pass cookies. Also see  https://github.com/yt-dlp/yt-dlp/wiki/Extractors#exporting-youtube-cookies  for tips on effectively exporting YouTube cookies,False
,5-Minute Crafts,,youtube,DIY,7.29,,🤩 Cool Fidget DIYs to Make at Home & More Creative Crafts! 🎨💕,https://www.youtube.com/watch?v=JTIiSvqjr44,JTIiSvqjr44,ERROR: [youtube] JTIiSvqjr44: Sign in to confirm you’re not a bot. Use --cookies-from-browser or --cookies for the authentication. See  https://github.com/yt-dlp/yt-dlp/wiki/FAQ#how-do-i-pass-cookies-to-yt-dlp  for how to manually pass cookies. Also see  https://github.com/yt-dlp/yt-dlp/wiki/Extractors#exporting-youtube-cookies  for tips on effectively exporting YouTube cookies,False
,TVP WORLD,,youtube,news,7.17,,Denmark just gave the U.S. “permanent control over Greenland’s security | World News Tonight,https://www.youtube.com/watch?v=TZEkKNX24Cs,TZEkKNX24Cs,ERROR: [youtube] TZEkKNX24Cs: Sign in to confirm you’re not a bot. Use --cookies-from-browser or --cookies for the authentication. See  https://github.com/yt-dlp/yt-dlp/wiki/FAQ#how-do-i-pass-cookies-to-yt-dlp  for how to manually pass cookies. Also see  https://github.com/yt-dlp/yt-dlp/wiki/Extractors#exporting-youtube-cookies  for tips on effectively exporting YouTube cookies,False
,BBC News,,youtube,news,6.8,,Oil prices soar as fighting continues in Yemen | BBC News,https://www.youtube.com/watch?v=CB5ydkiKlGQ,CB5ydkiKlGQ,ERROR: [youtube] CB5ydkiKlGQ: Sign in to confirm you’re not a bot. Use --cookies-from-browser or --cookies for the authentication. See  https://github.com/yt-dlp/yt-dlp/wiki/FAQ#how-do-i-pass-cookies-to-yt-dlp  for how to manually pass cookies. Also see  https://github.com/yt-dlp/yt-dlp/wiki/Extractors#exporting-youtube-cookies  for tips on effectively exporting YouTube cookies,False
,Scorpions,334,youtube,live,7.85,"Scorpions - Wind Of Change (Live At Hellfest, 20.06.2015)","Scorpions - Wind Of Change (Live At Hellfest, 20.06.2015)",https://www.youtube.com/watch?v=8FMpIiDo-Ic,8FMpIiDo-Ic,,True
,ABP NEWS,,youtube,news,7.25,,"Nitish Kumar News LIVE: बिहार में वो हो गया जो किसी ने सोचा नहीं था!, नीतीश फिर सीएम? | Big Breaking",https://www.youtube.com/watch?v=QA4AYVXwQhE,QA4AYVXwQhE,ERROR: [youtube] QA4AYVXwQhE: Sign in to confirm you’re not a bot. Use --cookies-from-browser or --cookies for the authentication. See  https://github.com/yt-dlp/yt-dlp/wiki/FAQ#how-do-i-pass-cookies-to-yt-dlp  for how to manually pass cookies. Also see  https://github.com/yt-dlp/yt-dlp/wiki/Extractors#exporting-youtube-cookies  for tips on effectively exporting YouTube cookies,False
,BBC News,,youtube,news,6.5,,The billionaires who bankrolled Epstein | BBC News,https://www.youtube.com/watch?v=kjPVgIRZ6NQ,kjPVgIRZ6NQ,ERROR: [youtube] kjPVgIRZ6NQ: Sign in to confirm you’re not a bot. Use --cookies-from-browser or --cookies for the authentication. See  https://github.com/yt-dlp/yt-dlp/wiki/FAQ#how-do-i-pass-cookies-to-yt-dlp  for how to manually pass cookies. Also see  https://github.com/yt-dlp/yt-dlp/wiki/Extractors#exporting-youtube-cookies  for tips on effectively exporting YouTube cookies,False
,Thanthi TV,,youtube,news,7.19,,🔴LIVE : Today Headlines | இரவு 7 மணி தலைப்புச் செய்திகள் (20.09.2026) | 7 PM Headlines | ThanthiTV,https://www.youtube.com/watch?v=0JFJqHMr9b4,0JFJqHMr9b4,ERROR: [youtube] 0JFJqHMr9b4: Sign in to confirm you’re not a bot. Use --cookies-from-browser or --cookies for the authentication. See  https://github.com/yt-dlp/yt-dlp/wiki/FAQ#how-do-i-pass-cookies-to-yt-dlp  for how to manually pass cookies. Also see  https://github.com/yt-dlp/yt-dlp/wiki/Extractors#exporting-youtube-cookies  for tips on effectively exporting YouTube cookies,False
,Eyewitness News ABC7NY,,youtube,news,7.68,,LIVE: ABC 7 New York Eyewitness News,https://www.youtube.com/watch?v=VrhYz4CL70I,VrhYz4CL70I,ERROR: [youtube] VrhYz4CL70I: Sign in to confirm you’re not a bot. Use --cookies-from-browser or --cookies for the authentication. See  https://github.com/yt-dlp/yt-dlp/wiki/FAQ#how-do-i-pass-cookies-to-yt-dlp  for how to manually pass cookies. Also see  https://github.com/yt-dlp/yt-dlp/wiki/Extractors#exporting-youtube-cookies  for tips on effectively exporting YouTube cookies,False
,DW News,,youtube,news,7.42,,Can Friedrich Merz survive Germany’s state elections? | DW News,https://www.youtube.com/watch?v=Tho0WQrq40A,Tho0WQrq40A,ERROR: [youtube] Tho0WQrq40A: Sign in to confirm you’re not a bot. Use --cookies-from-browser or --cookies for the authentication. See  https://github.com/yt-dlp/yt-dlp/wiki/FAQ#how-do-i-pass-cookies-to-yt-dlp  for how to manually pass cookies. Also see  https://github.com/yt-dlp/yt-dlp/wiki/Extractors#exporting-youtube-cookies  for tips on effectively exporting YouTube cookies,False
,Brian Tyler Cohen and Democracy Docket,,youtube,news,7.35,,BREAKING: ICE gets the news it FEARED ahead of midterms,https://www.youtube.com/watch?v=w7QbRHqML0E,w7QbRHqML0E,ERROR: [youtube] w7QbRHqML0E: Sign in to confirm you’re not a bot. Use --cookies-from-browser or --cookies for the authentication. See  https://github.com/yt-dlp/yt-dlp/wiki/FAQ#how-do-i-pass-cookies-to-yt-dlp  for how to manually pass cookies. Also see  https://github.com/yt-dlp/yt-dlp/wiki/Extractors#exporting-youtube-cookies  for tips on effectively exporting YouTube cookies,False
,BBC News,,youtube,news,6.76,,The US just deployed a space weapon. Why? | BBC News,https://www.youtube.com/watch?v=vQjJlYKF-FE,vQjJlYKF-FE,ERROR: [youtube] vQjJlYKF-FE: Sign in to confirm you’re not a bot. Use --cookies-from-browser or --cookies for the authentication. See  https://github.com/yt-dlp/yt-dlp/wiki/FAQ#how-do-i-pass-cookies-to-yt-dlp  for how to manually pass cookies. Also see  https://github.com/yt-dlp/yt-dlp/wiki/Extractors#exporting-youtube-cookies  for tips on effectively exporting YouTube cookies,False
,CNN-News18,,youtube,news,6.75,,"Iran War News Today: Tehran’s 7 Conditions, US Talks & ‘DECISIVE WAR’ Threat | Trump’s Next Move",https://www.youtube.com/watch?v=NnXz8kEGDls,NnXz8kEGDls,ERROR: [youtube] NnXz8kEGDls: Sign in to confirm you’re not a bot. Use --cookies-from-browser or --cookies for the authentication. See  https://github.com/yt-dlp/yt-dlp/wiki/FAQ#how-do-i-pass-cookies-to-yt-dlp  for how to manually pass cookies. Also see  https://github.com/yt-dlp/yt-dlp/wiki/Extractors#exporting-youtube-cookies  for tips on effectively exporting YouTube cookies,False
,Fox News,,youtube,news,7.32,,JUST IN: China reportedly helped Iran in deadly attack on US forces,https://www.youtube.com/watch?v=d2qYncU2KNI,d2qYncU2KNI,ERROR: [youtube] d2qYncU2KNI: Sign in to confirm you’re not a bot. Use --cookies-from-browser or --cookies for the authentication. See  https://github.com/yt-dlp/yt-dlp/wiki/FAQ#how-do-i-pass-cookies-to-yt-dlp  for how to manually pass cookies. Also see  https://github.com/yt-dlp/yt-dlp/wiki/Extractors#exporting-youtube-cookies  for tips on effectively exporting YouTube cookies,False
,FRANCE 24 English,,youtube,news,7.17,,FRANCE 24 English – LIVE – International Breaking News & Top stories - 24/7 stream,https://www.youtube.com/watch?v=HvZt-nh9sGg,HvZt-nh9sGg,ERROR: [youtube] HvZt-nh9sGg: Sign in to confirm you’re not a bot. Use --cookies-from-browser or --cookies for the authentication. See  https://github.com/yt-dlp/yt-dlp/wiki/FAQ#how-do-i-pass-cookies-to-yt-dlp  for how to manually pass cookies. Also see  https://github.com/yt-dlp/yt-dlp/wiki/Extractors#exporting-youtube-cookies  for tips on effectively exporting YouTube cookies,False
,Newsmax,,youtube,news,6.66,,NEWSMAX2 LIVE | Real News for Real People,https://www.youtube.com/watch?v=RNNFrG4KbH0,RNNFrG4KbH0,ERROR: [youtube] RNNFrG4KbH0: Sign in to confirm you’re not a bot. Use --cookies-from-browser or --cookies for the authentication. See  https://github.com/yt-dlp/yt-dlp/wiki/FAQ#how-do-i-pass-cookies-to-yt-dlp  for how to manually pass cookies. Also see  https://github.com/yt-dlp/yt-dlp/wiki/Extractors#exporting-youtube-cookies  for tips on effectively exporting YouTube cookies,False
,ABC News (Australia),,youtube,news,6.73,,What's the government’s migration plan? | ABC NEWS,https://www.youtube.com/watch?v=01bEpZ2l00M,01bEpZ2l00M,ERROR: [youtube] 01bEpZ2l00M: Sign in to confirm you’re not a bot. Use --cookies-from-browser or --cookies for the authentication. See  https://github.com/yt-dlp/yt-dlp/wiki/FAQ#how-do-i-pass-cookies-to-yt-dlp  for how to manually pass cookies. Also see  https://github.com/yt-dlp/yt-dlp/wiki/Extractors#exporting-youtube-cookies  for tips on effectively exporting YouTube cookies,False
,9 News Australia,,youtube,news,7.5,,US confirms space weapons in orbit | 9 News Australia,https://www.youtube.com/watch?v=AllHO_fvDzU,AllHO_fvDzU,ERROR: [youtube] AllHO_fvDzU: Sign in to confirm you’re not a bot. Use --cookies-from-browser or --cookies for the authentication. See  https://github.com/yt-dlp/yt-dlp/wiki/FAQ#how-do-i-pass-cookies-to-yt-dlp  for how to manually pass cookies. Also see  https://github.com/yt-dlp/yt-dlp/wiki/Extractors#exporting-youtube-cookies  for tips on effectively exporting YouTube cookies,False
,ATN Bangla News,,youtube,news,7.69,,এটিএন বাংলার সকাল ৭ টার সংবাদ ।  ২০.০৯.২০২৬ | Today News | BD News | Ajker News | ATN Bangla News,https://www.youtube.com/watch?v=xmRFih2Qlks,xmRFih2Qlks,ERROR: [youtube] xmRFih2Qlks: Sign in to confirm you’re not a bot. Use --cookies-from-browser or --cookies for the authentication. See  https://github.com/yt-dlp/yt-dlp/wiki/FAQ#how-do-i-pass-cookies-to-yt-dlp  for how to manually pass cookies. Also see  https://github.com/yt-dlp/yt-dlp/wiki/Extractors#exporting-youtube-cookies  for tips on effectively exporting YouTube cookies,False
,NBC News,,youtube,news,7.32,,LIVE: NBC News NOW,https://www.youtube.com/watch?v=bdvIO2Tzcr4,bdvIO2Tzcr4,ERROR: [youtube] bdvIO2Tzcr4: Sign in to confirm you’re not a bot. Use --cookies-from-browser or --cookies for the authentication. See  https://github.com/yt-dlp/yt-dlp/wiki/FAQ#how-do-i-pass-cookies-to-yt-dlp  for how to manually pass cookies. Also see  https://github.com/yt-dlp/yt-dlp/wiki/Extractors#exporting-youtube-cookies  for tips on effectively exporting YouTube cookies,False
,CTV News,,youtube,news,7.04,,"Trump’s comments show he is ‘deeply worried’ of Canada seeking other markets, political analyst says",https://www.youtube.com/watch?v=AaZghX9pR24,AaZghX9pR24,ERROR: [youtube] AaZghX9pR24: Sign in to confirm you’re not a bot. Use --cookies-from-browser or --cookies for the authentication. See  https://github.com/yt-dlp/yt-dlp/wiki/FAQ#how-do-i-pass-cookies-to-yt-dlp  for how to manually pass cookies. Also see  https://github.com/yt-dlp/yt-dlp/wiki/Extractors#exporting-youtube-cookies  for tips on effectively exporting YouTube cookies,False
,DW News,,youtube,news,7.75,,Could Canada join the EU? | DW News,https://www.youtube.com/watch?v=fXKPCggK4j8,fXKPCggK4j8,ERROR: [youtube] fXKPCggK4j8: Sign in to confirm you’re not a bot. Use --cookies-from-browser or --cookies for the authentication. See  https://github.com/yt-dlp/yt-dlp/wiki/FAQ#how-do-i-pass-cookies-to-yt-dlp  for how to manually pass cookies. Also see  https://github.com/yt-dlp/yt-dlp/wiki/Extractors#exporting-youtube-cookies  for tips on effectively exporting YouTube cookies,False
,Fox News,,youtube,news,7.03,,Saudi missile strike claimed by Houthis puts global oil at RISK,https://www.youtube.com/watch?v=x56BEK2c76E,x56BEK2c76E,ERROR: [youtube] x56BEK2c76E: Sign in to confirm you’re not a bot. Use --cookies-from-browser or --cookies for the authentication. See  https://github.com/yt-dlp/yt-dlp/wiki/FAQ#how-do-i-pass-cookies-to-yt-dlp  for how to manually pass cookies. Also see  https://github.com/yt-dlp/yt-dlp/wiki/Extractors#exporting-youtube-cookies  for tips on effectively exporting YouTube cookies,False
,CTV News,,youtube,news,7.05,,"CTV National News for Saturday, Sept. 19, 2026: Western provinces say ‘no’ to turning clocks back",https://www.youtube.com/watch?v=-IUE5qMB8DQ,-IUE5qMB8DQ,ERROR: [youtube] -IUE5qMB8DQ: Sign in to confirm you’re not a bot. Use --cookies-from-browser or --cookies for the authentication. See  https://github.com/yt-dlp/yt-dlp/wiki/FAQ#how-do-i-pass-cookies-to-yt-dlp  for how to manually pass cookies. Also see  https://github.com/yt-dlp/yt-dlp/wiki/Extractors#exporting-youtube-cookies  for tips on effectively exporting YouTube cookies,False
,BBC News and BBC News Africa,546,youtube,news,7.97,Nine women found dead. What's happening in South Africa? | BBC News,Is a serial killer on the loose in South Africa? | BBC News,https://www.youtube.com/watch?v=m2-jV69HXhg,m2-jV69HXhg,,True
,NBC News,,youtube,news,7.25,,This Morning’s Top Headlines – Sept. 17 | Morning News NOW,https://www.youtube.com/watch?v=ZLe3CvfaUrI,ZLe3CvfaUrI,ERROR: [youtube] ZLe3CvfaUrI: Sign in to confirm you’re not a bot. Use --cookies-from-browser or --cookies for the authentication. See  https://github.com/yt-dlp/yt-dlp/wiki/FAQ#how-do-i-pass-cookies-to-yt-dlp  for how to manually pass cookies. Also see  https://github.com/yt-dlp/yt-dlp/wiki/Extractors#exporting-youtube-cookies  for tips on effectively exporting YouTube cookies,False
,BBC News,,youtube,news,7.34,,Houthis claim to shoot down Saudi fighter jet over Yemen | BBC News,https://www.youtube.com/watch?v=V5gLjtF3ySw,V5gLjtF3ySw,ERROR: [youtube] V5gLjtF3ySw: Sign in to confirm you’re not a bot. Use --cookies-from-browser or --cookies for the authentication. See  https://github.com/yt-dlp/yt-dlp/wiki/FAQ#how-do-i-pass-cookies-to-yt-dlp  for how to manually pass cookies. Also see  https://github.com/yt-dlp/yt-dlp/wiki/Extractors#exporting-youtube-cookies  for tips on effectively exporting YouTube cookies,False
,Fox News,,youtube,news,7.48,,Canada eyes MAJOR MOVE as US trade war ESCALATES,https://www.youtube.com/watch?v=cguei3L7nqM,cguei3L7nqM,ERROR: [youtube] cguei3L7nqM: Sign in to confirm you’re not a bot. Use --cookies-from-browser or --cookies for the authentication. See  https://github.com/yt-dlp/yt-dlp/wiki/FAQ#how-do-i-pass-cookies-to-yt-dlp  for how to manually pass cookies. Also see  https://github.com/yt-dlp/yt-dlp/wiki/Extractors#exporting-youtube-cookies  for tips on effectively exporting YouTube cookies,False
,9 News Australia,,youtube,news,8.16,,"Child dead, three others critical after Blue Mountains stabbing | 9 News Australia",https://www.youtube.com/watch?v=MtJ1HltSowU,MtJ1HltSowU,ERROR: [youtube] MtJ1HltSowU: Sign in to confirm you’re not a bot. Use --cookies-from-browser or --cookies for the authentication. See  https://github.com/yt-dlp/yt-dlp/wiki/FAQ#how-do-i-pass-cookies-to-yt-dlp  for how to manually pass cookies. Also see  https://github.com/yt-dlp/yt-dlp/wiki/Extractors#exporting-youtube-cookies  for tips on effectively exporting YouTube cookies,False
,CBS News and Face the Nation,,youtube,news,8.19,,Taliban speaks to CBS News 25 years after 9/11,https://www.youtube.com/watch?v=-6RjSPiqRQs,-6RjSPiqRQs,ERROR: [youtube] -6RjSPiqRQs: Sign in to confirm you’re not a bot. Use --cookies-from-browser or --cookies for the authentication. See  https://github.com/yt-dlp/yt-dlp/wiki/FAQ#how-do-i-pass-cookies-to-yt-dlp  for how to manually pass cookies. Also see  https://github.com/yt-dlp/yt-dlp/wiki/Extractors#exporting-youtube-cookies  for tips on effectively exporting YouTube cookies,False
,BBC News,,youtube,news,7.66,,Russia struck near the Polish border. Is it a warning shot? | BBC News,https://www.youtube.com/watch?v=xc1UtTDtoTg,xc1UtTDtoTg,ERROR: [youtube] xc1UtTDtoTg: Sign in to confirm you’re not a bot. Use --cookies-from-browser or --cookies for the authentication. See  https://github.com/yt-dlp/yt-dlp/wiki/FAQ#how-do-i-pass-cookies-to-yt-dlp  for how to manually pass cookies. Also see  https://github.com/yt-dlp/yt-dlp/wiki/Extractors#exporting-youtube-cookies  for tips on effectively exporting YouTube cookies,False
,DW News,,youtube,news,7.75,,Saudi pipeline shutdown deepens global oil supply fears | DW News,https://www.youtube.com/watch?v=JZDWtoqVU28,JZDWtoqVU28,ERROR: [youtube] JZDWtoqVU28: Sign in to confirm you’re not a bot. Use --cookies-from-browser or --cookies for the authentication. See  https://github.com/yt-dlp/yt-dlp/wiki/FAQ#how-do-i-pass-cookies-to-yt-dlp  for how to manually pass cookies. Also see  https://github.com/yt-dlp/yt-dlp/wiki/Extractors#exporting-youtube-cookies  for tips on effectively exporting YouTube cookies,False
,SAMAA TV,,youtube,news,7.82,,Petrol Price In Pakistan | US Attack on Houthis!! | 01 PM News Headlines | Samaa TV,https://www.youtube.com/watch?v=WQkrZNbA8Oc,WQkrZNbA8Oc,ERROR: [youtube] WQkrZNbA8Oc: Sign in to confirm you’re not a bot. Use --cookies-from-browser or --cookies for the authentication. See  https://github.com/yt-dlp/yt-dlp/wiki/FAQ#how-do-i-pass-cookies-to-yt-dlp  for how to manually pass cookies. Also see  https://github.com/yt-dlp/yt-dlp/wiki/Extractors#exporting-youtube-cookies  for tips on effectively exporting YouTube cookies,False
,BBC News,,youtube,news,7.6,,Did US commit war crimes in Iran strikes? | BBC News,https://www.youtube.com/watch?v=Q8JxqzJGgpM,Q8JxqzJGgpM,ERROR: [youtube] Q8JxqzJGgpM: Sign in to confirm you’re not a bot. Use --cookies-from-browser or --cookies for the authentication. See  https://github.com/yt-dlp/yt-dlp/wiki/FAQ#how-do-i-pass-cookies-to-yt-dlp  for how to manually pass cookies. Also see  https://github.com/yt-dlp/yt-dlp/wiki/Extractors#exporting-youtube-cookies  for tips on effectively exporting YouTube cookies,False
,ABC News,,youtube,news,6.87,,"ABC World News Tonight with David Muir Full Broadcast - Sept. 15, 2026",https://www.youtube.com/watch?v=QBrXhAfYbyc,QBrXhAfYbyc,ERROR: [youtube] QBrXhAfYbyc: Sign in to confirm you’re not a bot. Use --cookies-from-browser or --cookies for the authentication. See  https://github.com/yt-dlp/yt-dlp/wiki/FAQ#how-do-i-pass-cookies-to-yt-dlp  for how to manually pass cookies. Also see  https://github.com/yt-dlp/yt-dlp/wiki/Extractors#exporting-youtube-cookies  for tips on effectively exporting YouTube cookies,False
,CBC News: The National,,youtube,news,6.6,,CBC News: The National | Trump says Greenland security now under U.S. control,https://www.youtube.com/watch?v=96TfeUEOPy0,96TfeUEOPy0,ERROR: [youtube] 96TfeUEOPy0: Sign in to confirm you’re not a bot. Use --cookies-from-browser or --cookies for the authentication. See  https://github.com/yt-dlp/yt-dlp/wiki/FAQ#how-do-i-pass-cookies-to-yt-dlp  for how to manually pass cookies. Also see  https://github.com/yt-dlp/yt-dlp/wiki/Extractors#exporting-youtube-cookies  for tips on effectively exporting YouTube cookies,False
,Brian Tyler Cohen,,youtube,news,7.02,,VIRAL: Ken Paxton gets hit with NIGHTMARE NEWS,https://www.youtube.com/watch?v=w_kk35AlLCM,w_kk35AlLCM,ERROR: [youtube] w_kk35AlLCM: Sign in to confirm you’re not a bot. Use --cookies-from-browser or --cookies for the authentication. See  https://github.com/yt-dlp/yt-dlp/wiki/FAQ#how-do-i-pass-cookies-to-yt-dlp  for how to manually pass cookies. Also see  https://github.com/yt-dlp/yt-dlp/wiki/Extractors#exporting-youtube-cookies  for tips on effectively exporting YouTube cookies,False
,BBC News,,youtube,news,6.96,,Why is Ed Sheeran’s tour falling apart over Gaza? | BBC News,https://www.youtube.com/watch?v=s-ooZZVQEfw,s-ooZZVQEfw,ERROR: [youtube] s-ooZZVQEfw: Sign in to confirm you’re not a bot. Use --cookies-from-browser or --cookies for the authentication. See  https://github.com/yt-dlp/yt-dlp/wiki/FAQ#how-do-i-pass-cookies-to-yt-dlp  for how to manually pass cookies. Also see  https://github.com/yt-dlp/yt-dlp/wiki/Extractors#exporting-youtube-cookies  for tips on effectively exporting YouTube cookies,False
,CNN,,youtube,news,6.64,,"Former OpenAI employee: 'Yes, AI might really kill us all'",https://www.youtube.com/watch?v=79l9u2T-1lo,79l9u2T-1lo,ERROR: [youtube] 79l9u2T-1lo: Sign in to confirm you’re not a bot. Use --cookies-from-browser or --cookies for the authentication. See  https://github.com/yt-dlp/yt-dlp/wiki/FAQ#how-do-i-pass-cookies-to-yt-dlp  for how to manually pass cookies. Also see  https://github.com/yt-dlp/yt-dlp/wiki/Extractors#exporting-youtube-cookies  for tips on effectively exporting YouTube cookies,False
,BBC News,,youtube,news,6.6,,Fears Iran war could escalate after return to military strikes | BBC News,https://www.youtube.com/watch?v=8b9XbjXQev4,8b9XbjXQev4,ERROR: [youtube] 8b9XbjXQev4: Sign in to confirm you’re not a bot. Use --cookies-from-browser or --cookies for the authentication. See  https://github.com/yt-dlp/yt-dlp/wiki/FAQ#how-do-i-pass-cookies-to-yt-dlp  for how to manually pass cookies. Also see  https://github.com/yt-dlp/yt-dlp/wiki/Extractors#exporting-youtube-cookies  for tips on effectively exporting YouTube cookies,False
,Fox News,,youtube,news,7.08,,Hannity: We have good news and bad news…,https://www.youtube.com/watch?v=u21hjSlxdRc,u21hjSlxdRc,ERROR: [youtube] u21hjSlxdRc: Sign in to confirm you’re not a bot. Use --cookies-from-browser or --cookies for the authentication. See  https://github.com/yt-dlp/yt-dlp/wiki/FAQ#how-do-i-pass-cookies-to-yt-dlp  for how to manually pass cookies. Also see  https://github.com/yt-dlp/yt-dlp/wiki/Extractors#exporting-youtube-cookies  for tips on effectively exporting YouTube cookies,False
,Fox News,,youtube,news,6.74,,NEW DETAILS revealed in MAJOR leadership shake-up at Pentagon,https://www.youtube.com/watch?v=re3X5q3Mli0,re3X5q3Mli0,ERROR: [youtube] re3X5q3Mli0: Sign in to confirm you’re not a bot. Use --cookies-from-browser or --cookies for the authentication. See  https://github.com/yt-dlp/yt-dlp/wiki/FAQ#how-do-i-pass-cookies-to-yt-dlp  for how to manually pass cookies. Also see  https://github.com/yt-dlp/yt-dlp/wiki/Extractors#exporting-youtube-cookies  for tips on effectively exporting YouTube cookies,False
,ABP NEWS,,youtube,news,8.85,,Nitish Kumar News LIVE: NDA-नीतीश में बड़ी टूट? | Samrat Choudhary | Tejashwi | RJD | JDU | Breaking,https://www.youtube.com/watch?v=hIHxiBnGyAQ,hIHxiBnGyAQ,ERROR: [youtube] hIHxiBnGyAQ: Sign in to confirm you’re not a bot. Use --cookies-from-browser or --cookies for the authentication. See  https://github.com/yt-dlp/yt-dlp/wiki/FAQ#how-do-i-pass-cookies-to-yt-dlp  for how to manually pass cookies. Also see  https://github.com/yt-dlp/yt-dlp/wiki/Extractors#exporting-youtube-cookies  for tips on effectively exporting YouTube cookies,False
,Arise News,,youtube,news,6.89,,Arise News Live,https://www.youtube.com/watch?v=Fy_03Aorpq8,Fy_03Aorpq8,ERROR: [youtube] Fy_03Aorpq8: Sign in to confirm you’re not a bot. Use --cookies-from-browser or --cookies for the authentication. See  https://github.com/yt-dlp/yt-dlp/wiki/FAQ#how-do-i-pass-cookies-to-yt-dlp  for how to manually pass cookies. Also see  https://github.com/yt-dlp/yt-dlp/wiki/Extractors#exporting-youtube-cookies  for tips on effectively exporting YouTube cookies,False
,ABP NEWS,,youtube,news,6.67,,Aaj Ki 100 Khabar LIVE: आज की 100 ताजा बड़ी खबरें | Headlines Today | Top News | 20 September,https://www.youtube.com/watch?v=p9VN4_BXRhI,p9VN4_BXRhI,ERROR: [youtube] p9VN4_BXRhI: Sign in to confirm you’re not a bot. Use --cookies-from-browser or --cookies for the authentication. See  https://github.com/yt-dlp/yt-dlp/wiki/FAQ#how-do-i-pass-cookies-to-yt-dlp  for how to manually pass cookies. Also see  https://github.com/yt-dlp/yt-dlp/wiki/Extractors#exporting-youtube-cookies  for tips on effectively exporting YouTube cookies,False
,ABC News,,youtube,news,6.76,,"ABC World News Tonight with David Muir Full Broadcast - Sept. 17, 2026",https://www.youtube.com/watch?v=Z_e7krZQNc4,Z_e7krZQNc4,ERROR: [youtube] Z_e7krZQNc4: Sign in to confirm you’re not a bot. Use --cookies-from-browser or --cookies for the authentication. See  https://github.com/yt-dlp/yt-dlp/wiki/FAQ#how-do-i-pass-cookies-to-yt-dlp  for how to manually pass cookies. Also see  https://github.com/yt-dlp/yt-dlp/wiki/Extractors#exporting-youtube-cookies  for tips on effectively exporting YouTube cookies,False
,Forbes Breaking News,,youtube,news,6.67,,BREAKING NEWS: John Kennedy Has Shocking Exchange With Patel Involving Bestiality And FBI Standards,https://www.youtube.com/watch?v=vGcOh3N1FKA,vGcOh3N1FKA,ERROR: [youtube] vGcOh3N1FKA: Sign in to confirm you’re not a bot. Use --cookies-from-browser or --cookies for the authentication. See  https://github.com/yt-dlp/yt-dlp/wiki/FAQ#how-do-i-pass-cookies-to-yt-dlp  for how to manually pass cookies. Also see  https://github.com/yt-dlp/yt-dlp/wiki/Extractors#exporting-youtube-cookies  for tips on effectively exporting YouTube cookies,False
,NBC News,,youtube,news,6.13,,NBC Nightly News Full Episode - Sep. 19,https://www.youtube.com/watch?v=JQ8klZYau1M,JQ8klZYau1M,ERROR: [youtube] JQ8klZYau1M: Sign in to confirm you’re not a bot. Use --cookies-from-browser or --cookies for the authentication. See  https://github.com/yt-dlp/yt-dlp/wiki/FAQ#how-do-i-pass-cookies-to-yt-dlp  for how to manually pass cookies. Also see  https://github.com/yt-dlp/yt-dlp/wiki/Extractors#exporting-youtube-cookies  for tips on effectively exporting YouTube cookies,False
,ITV News and 2 more,,youtube,news,6.2,,Mary Nightingale: What I saw during the dramatic search for Madeleine McCann,https://www.youtube.com/watch?v=0OIgI79mqBM,0OIgI79mqBM,ERROR: [youtube] 0OIgI79mqBM: Sign in to confirm you’re not a bot. Use --cookies-from-browser or --cookies for the authentication. See  https://github.com/yt-dlp/yt-dlp/wiki/FAQ#how-do-i-pass-cookies-to-yt-dlp  for how to manually pass cookies. Also see  https://github.com/yt-dlp/yt-dlp/wiki/Extractors#exporting-youtube-cookies  for tips on effectively exporting YouTube cookies,False
,Fox News,,youtube,news,6.38,,Iran was preparing to launch ‘ARMAGEDDON’: Rep Tim Burchett,https://www.youtube.com/watch?v=6cklPEqD-7U,6cklPEqD-7U,ERROR: [youtube] 6cklPEqD-7U: Sign in to confirm you’re not a bot. Use --cookies-from-browser or --cookies for the authentication. See  https://github.com/yt-dlp/yt-dlp/wiki/FAQ#how-do-i-pass-cookies-to-yt-dlp  for how to manually pass cookies. Also see  https://github.com/yt-dlp/yt-dlp/wiki/Extractors#exporting-youtube-cookies  for tips on effectively exporting YouTube cookies,False
,MS NOW,,youtube,news,6.78,,‘THE KING OF FAKE NEWS’: Fmr. CNN Chief WH Correspondent on Trump’s attack on the press,https://www.youtube.com/watch?v=Xx_PfMAGj0Q,Xx_PfMAGj0Q,ERROR: [youtube] Xx_PfMAGj0Q: Sign in to confirm you’re not a bot. Use --cookies-from-browser or --cookies for the authentication. See  https://github.com/yt-dlp/yt-dlp/wiki/FAQ#how-do-i-pass-cookies-to-yt-dlp  for how to manually pass cookies. Also see  https://github.com/yt-dlp/yt-dlp/wiki/Extractors#exporting-youtube-cookies  for tips on effectively exporting YouTube cookies,False
,Uma Telugu Traveller,,youtube,travel,6.7,,Amazon to Machu Picchu 😱 | Peru’s 🇵🇪 Most Incredible Train Journey | Uma Telugu Traveller,https://www.youtube.com/watch?v=kA-U9200Pis,kA-U9200Pis,ERROR: [youtube] kA-U9200Pis: Sign in to confirm you’re not a bot. Use --cookies-from-browser or --cookies for the authentication. See  https://github.com/yt-dlp/yt-dlp/wiki/FAQ#how-do-i-pass-cookies-to-yt-dlp  for how to manually pass cookies. Also see  https://github.com/yt-dlp/yt-dlp/wiki/Extractors#exporting-youtube-cookies  for tips on effectively exporting YouTube cookies,False
,Drew Binsky,,youtube,travel,6.82,,I Visited Every Country in Europe. Here's My Rankings,https://www.youtube.com/watch?v=6PIbdDDtugk,6PIbdDDtugk,ERROR: [youtube] 6PIbdDDtugk: Sign in to confirm you’re not a bot. Use --cookies-from-browser or --cookies for the authentication. See  https://github.com/yt-dlp/yt-dlp/wiki/FAQ#how-do-i-pass-cookies-to-yt-dlp  for how to manually pass cookies. Also see  https://github.com/yt-dlp/yt-dlp/wiki/Extractors#exporting-youtube-cookies  for tips on effectively exporting YouTube cookies,False
,DW News,,youtube,news,7.01,,What BRICS revealed about a shifting global order | DW News,https://www.youtube.com/watch?v=tQ597qooZgI,tQ597qooZgI,ERROR: [youtube] tQ597qooZgI: Sign in to confirm you’re not a bot. Use --cookies-from-browser or --cookies for the authentication. See  https://github.com/yt-dlp/yt-dlp/wiki/FAQ#how-do-i-pass-cookies-to-yt-dlp  for how to manually pass cookies. Also see  https://github.com/yt-dlp/yt-dlp/wiki/Extractors#exporting-youtube-cookies  for tips on effectively exporting YouTube cookies,False
,EpicExplorationsTV EN,,youtube,travel,6.51,,50 Most Beautiful Places To Visit In Europe | 4K Travel Guide,https://www.youtube.com/watch?v=KBNHqI4kono,KBNHqI4kono,ERROR: [youtube] KBNHqI4kono: Sign in to confirm you’re not a bot. Use --cookies-from-browser or --cookies for the authentication. See  https://github.com/yt-dlp/yt-dlp/wiki/FAQ#how-do-i-pass-cookies-to-yt-dlp  for how to manually pass cookies. Also see  https://github.com/yt-dlp/yt-dlp/wiki/Extractors#exporting-youtube-cookies  for tips on effectively exporting YouTube cookies,False
,Itchy Boots,,youtube,travel,6.85,,"Journey erupts in chaos: stalked by Chinese police and motorcycle falls apart 🇨🇳 |S8, EP160",https://www.youtube.com/watch?v=_xUVISdSlxU,_xUVISdSlxU,ERROR: [youtube] _xUVISdSlxU: Sign in to confirm you’re not a bot. Use --cookies-from-browser or --cookies for the authentication. See  https://github.com/yt-dlp/yt-dlp/wiki/FAQ#how-do-i-pass-cookies-to-yt-dlp  for how to manually pass cookies. Also see  https://github.com/yt-dlp/yt-dlp/wiki/Extractors#exporting-youtube-cookies  for tips on effectively exporting YouTube cookies,False
,Music Travel Love,,youtube,travel,7.3,,Islands in the Stream - Music Travel Love & Marsha Milan,https://www.youtube.com/watch?v=tMJrQRJFNoA,tMJrQRJFNoA,ERROR: [youtube] tMJrQRJFNoA: Sign in to confirm you’re not a bot. Use --cookies-from-browser or --cookies for the authentication. See  https://github.com/yt-dlp/yt-dlp/wiki/FAQ#how-do-i-pass-cookies-to-yt-dlp  for how to manually pass cookies. Also see  https://github.com/yt-dlp/yt-dlp/wiki/Extractors#exporting-youtube-cookies  for tips on effectively exporting YouTube cookies,False
,Scenic Hunter,,youtube,travel,6.76,,25 Best Vacation Spots To Visit Around The World | Travel Video 2025,https://www.youtube.com/watch?v=7D8RRKkcvvg,7D8RRKkcvvg,ERROR: [youtube] 7D8RRKkcvvg: Sign in to confirm you’re not a bot. Use --cookies-from-browser or --cookies for the authentication. See  https://github.com/yt-dlp/yt-dlp/wiki/FAQ#how-do-i-pass-cookies-to-yt-dlp  for how to manually pass cookies. Also see  https://github.com/yt-dlp/yt-dlp/wiki/Extractors#exporting-youtube-cookies  for tips on effectively exporting YouTube cookies,False
,Travel Spree,,youtube,travel,6.86,,We Thought Newer NCL Ships Were Better… Until This One! | NCL Getaway,https://www.youtube.com/watch?v=BnPlSLIO478,BnPlSLIO478,ERROR: [youtube] BnPlSLIO478: Sign in to confirm you’re not a bot. Use --cookies-from-browser or --cookies for the authentication. See  https://github.com/yt-dlp/yt-dlp/wiki/FAQ#how-do-i-pass-cookies-to-yt-dlp  for how to manually pass cookies. Also see  https://github.com/yt-dlp/yt-dlp/wiki/Extractors#exporting-youtube-cookies  for tips on effectively exporting YouTube cookies,False
,ST Travel,,youtube,travel,7.12,,Ritz Paris | Cel mai faimos hotel de lux din Franța (tur al hotelului în 4K și vlog),https://www.youtube.com/watch?v=OTUjsO45LLg,OTUjsO45LLg,ERROR: [youtube] OTUjsO45LLg: Sign in to confirm you’re not a bot. Use --cookies-from-browser or --cookies for the authentication. See  https://github.com/yt-dlp/yt-dlp/wiki/FAQ#how-do-i-pass-cookies-to-yt-dlp  for how to manually pass cookies. Also see  https://github.com/yt-dlp/yt-dlp/wiki/Extractors#exporting-youtube-cookies  for tips on effectively exporting YouTube cookies,False
,Dustin Vuong,,youtube,travel,7.56,,Alone in Vietnam | solo traveling hanoi + saigon,https://www.youtube.com/watch?v=LWYVFLpd0yU,LWYVFLpd0yU,ERROR: [youtube] LWYVFLpd0yU: Sign in to confirm you’re not a bot. Use --cookies-from-browser or --cookies for the authentication. See  https://github.com/yt-dlp/yt-dlp/wiki/FAQ#how-do-i-pass-cookies-to-yt-dlp  for how to manually pass cookies. Also see  https://github.com/yt-dlp/yt-dlp/wiki/Extractors#exporting-youtube-cookies  for tips on effectively exporting YouTube cookies,False
,Fit Nomads,,youtube,travel,7.18,,We Travelled Europe for 9 Months | These Are the 7 Places We'd Go Back To,https://www.youtube.com/watch?v=btYXsKGUhrQ,btYXsKGUhrQ,ERROR: [youtube] btYXsKGUhrQ: Sign in to confirm you’re not a bot. Use --cookies-from-browser or --cookies for the authentication. See  https://github.com/yt-dlp/yt-dlp/wiki/FAQ#how-do-i-pass-cookies-to-yt-dlp  for how to manually pass cookies. Also see  https://github.com/yt-dlp/yt-dlp/wiki/Extractors#exporting-youtube-cookies  for tips on effectively exporting YouTube cookies,False
,Epic Travels,,youtube,travel,7.13,,5 INSANE Costco Travel Deals You NEED to See This September!,https://www.youtube.com/watch?v=avQnNmmucK0,avQnNmmucK0,ERROR: [youtube] avQnNmmucK0: Sign in to confirm you’re not a bot. Use --cookies-from-browser or --cookies for the authentication. See  https://github.com/yt-dlp/yt-dlp/wiki/FAQ#how-do-i-pass-cookies-to-yt-dlp  for how to manually pass cookies. Also see  https://github.com/yt-dlp/yt-dlp/wiki/Extractors#exporting-youtube-cookies  for tips on effectively exporting YouTube cookies,False
,Music Travel Love,,youtube,travel,7.49,,Forever Young - Music Travel Love ft. Bugoy Drilon,https://www.youtube.com/watch?v=3iAiWIytqdw,3iAiWIytqdw,ERROR: [youtube] 3iAiWIytqdw: Sign in to confirm you’re not a bot. Use --cookies-from-browser or --cookies for the authentication. See  https://github.com/yt-dlp/yt-dlp/wiki/FAQ#how-do-i-pass-cookies-to-yt-dlp  for how to manually pass cookies. Also see  https://github.com/yt-dlp/yt-dlp/wiki/Extractors#exporting-youtube-cookies  for tips on effectively exporting YouTube cookies,False
,Pathfinders Travel,,youtube,travel,7.58,,Wonders of Australia | The Most Amazing Places in Australia | Travel Documentary 4K,https://www.youtube.com/watch?v=M-914uAcwy8,M-914uAcwy8,ERROR: [youtube] M-914uAcwy8: Sign in to confirm you’re not a bot. Use --cookies-from-browser or --cookies for the authentication. See  https://github.com/yt-dlp/yt-dlp/wiki/FAQ#how-do-i-pass-cookies-to-yt-dlp  for how to manually pass cookies. Also see  https://github.com/yt-dlp/yt-dlp/wiki/Extractors#exporting-youtube-cookies  for tips on effectively exporting YouTube cookies,False
,New Travel Insight,,youtube,travel,7.51,,Journey to the Most Extreme Places on Earth | 4K Documentary,https://www.youtube.com/watch?v=2x84ZLB5Jh0,2x84ZLB5Jh0,ERROR: [youtube] 2x84ZLB5Jh0: Sign in to confirm you’re not a bot. Use --cookies-from-browser or --cookies for the authentication. See  https://github.com/yt-dlp/yt-dlp/wiki/FAQ#how-do-i-pass-cookies-to-yt-dlp  for how to manually pass cookies. Also see  https://github.com/yt-dlp/yt-dlp/wiki/Extractors#exporting-youtube-cookies  for tips on effectively exporting YouTube cookies,False
,Scenic Hunter,,youtube,travel,7.2,,25 Best Countries To Visit In 2026 | Travel Video,https://www.youtube.com/watch?v=U_dt_b-kMME,U_dt_b-kMME,ERROR: [youtube] U_dt_b-kMME: Sign in to confirm you’re not a bot. Use --cookies-from-browser or --cookies for the authentication. See  https://github.com/yt-dlp/yt-dlp/wiki/FAQ#how-do-i-pass-cookies-to-yt-dlp  for how to manually pass cookies. Also see  https://github.com/yt-dlp/yt-dlp/wiki/Extractors#exporting-youtube-cookies  for tips on effectively exporting YouTube cookies,False
,TRUE GLOBE,,youtube,travel,6.9,,NORWAY: The World’s Richest Country That Hides Its Wealth | 4K Travel Documentary,https://www.youtube.com/watch?v=8x4VlPXsbic,8x4VlPXsbic,ERROR: [youtube] 8x4VlPXsbic: Sign in to confirm you’re not a bot. Use --cookies-from-browser or --cookies for the authentication. See  https://github.com/yt-dlp/yt-dlp/wiki/FAQ#how-do-i-pass-cookies-to-yt-dlp  for how to manually pass cookies. Also see  https://github.com/yt-dlp/yt-dlp/wiki/Extractors#exporting-youtube-cookies  for tips on effectively exporting YouTube cookies,False
,My Unreal Planet TV,,youtube,travel,6.66,,The Most Magnificent Places in The World | Travel Video 4K,https://www.youtube.com/watch?v=v3BqYPVkUQo,v3BqYPVkUQo,ERROR: [youtube] v3BqYPVkUQo: Sign in to confirm you’re not a bot. Use --cookies-from-browser or --cookies for the authentication. See  https://github.com/yt-dlp/yt-dlp/wiki/FAQ#how-do-i-pass-cookies-to-yt-dlp  for how to manually pass cookies. Also see  https://github.com/yt-dlp/yt-dlp/wiki/Extractors#exporting-youtube-cookies  for tips on effectively exporting YouTube cookies,False
,Kara and Nate,,youtube,travel,7.01,,We Visited Unbelievable Places in China (that actually exist),https://www.youtube.com/watch?v=9cQZVzrmddg,9cQZVzrmddg,ERROR: [youtube] 9cQZVzrmddg: Sign in to confirm you’re not a bot. Use --cookies-from-browser or --cookies for the authentication. See  https://github.com/yt-dlp/yt-dlp/wiki/FAQ#how-do-i-pass-cookies-to-yt-dlp  for how to manually pass cookies. Also see  https://github.com/yt-dlp/yt-dlp/wiki/Extractors#exporting-youtube-cookies  for tips on effectively exporting YouTube cookies,False
,Trip Insight,,youtube,travel,6.73,,Wonders of Italy | The Most Fascinating Places in Italy | Travel Video 4K,https://www.youtube.com/watch?v=9J7_NqgJSq8,9J7_NqgJSq8,ERROR: [youtube] 9J7_NqgJSq8: Sign in to confirm you’re not a bot. Use --cookies-from-browser or --cookies for the authentication. See  https://github.com/yt-dlp/yt-dlp/wiki/FAQ#how-do-i-pass-cookies-to-yt-dlp  for how to manually pass cookies. Also see  https://github.com/yt-dlp/yt-dlp/wiki/Extractors#exporting-youtube-cookies  for tips on effectively exporting YouTube cookies,False
,Frances Theodore,,youtube,travel,6.55,,My First Time in Capri & Positano 🇮🇹 | Italy Travel VLOG,https://www.youtube.com/watch?v=UcGTgkw_zeY,UcGTgkw_zeY,ERROR: [youtube] UcGTgkw_zeY: Sign in to confirm you’re not a bot. Use --cookies-from-browser or --cookies for the authentication. See  https://github.com/yt-dlp/yt-dlp/wiki/FAQ#how-do-i-pass-cookies-to-yt-dlp  for how to manually pass cookies. Also see  https://github.com/yt-dlp/yt-dlp/wiki/Extractors#exporting-youtube-cookies  for tips on effectively exporting YouTube cookies,False
,Reem,,youtube,travel,6.57,,"A quick anniversary getaway, travel prep✈️ 🎁🛍️🤧",https://www.youtube.com/watch?v=X64UHA7aDOU,X64UHA7aDOU,ERROR: [youtube] X64UHA7aDOU: Sign in to confirm you’re not a bot. Use --cookies-from-browser or --cookies for the authentication. See  https://github.com/yt-dlp/yt-dlp/wiki/FAQ#how-do-i-pass-cookies-to-yt-dlp  for how to manually pass cookies. Also see  https://github.com/yt-dlp/yt-dlp/wiki/Extractors#exporting-youtube-cookies  for tips on effectively exporting YouTube cookies,False
,Best Travel,,youtube,travel,6.87,,Living in Malta | How Life Works on a Tiny Island in the Mediterranean | 4K Travel Documentary,https://www.youtube.com/watch?v=YV7Ef94An5M,YV7Ef94An5M,ERROR: [youtube] YV7Ef94An5M: Sign in to confirm you’re not a bot. Use --cookies-from-browser or --cookies for the authentication. See  https://github.com/yt-dlp/yt-dlp/wiki/FAQ#how-do-i-pass-cookies-to-yt-dlp  for how to manually pass cookies. Also see  https://github.com/yt-dlp/yt-dlp/wiki/Extractors#exporting-youtube-cookies  for tips on effectively exporting YouTube cookies,False
,Top Travel,,youtube,travel,6.67,,Wonders of Costa Rica | The Best Places in Costa Rica | Travel Video 4K,https://www.youtube.com/watch?v=bpEYKYzJNTg,bpEYKYzJNTg,ERROR: [youtube] bpEYKYzJNTg: Sign in to confirm you’re not a bot. Use --cookies-from-browser or --cookies for the authentication. See  https://github.com/yt-dlp/yt-dlp/wiki/FAQ#how-do-i-pass-cookies-to-yt-dlp  for how to manually pass cookies. Also see  https://github.com/yt-dlp/yt-dlp/wiki/Extractors#exporting-youtube-cookies  for tips on effectively exporting YouTube cookies,False
,Just Booked It ,,youtube,travel,6.72,,The Genius Travel Hack You Can Fit In Your Pocket,https://www.youtube.com/watch?v=J2ziPCKHMVA,J2ziPCKHMVA,ERROR: [youtube] J2ziPCKHMVA: Sign in to confirm you’re not a bot. Use --cookies-from-browser or --cookies for the authentication. See  https://github.com/yt-dlp/yt-dlp/wiki/FAQ#how-do-i-pass-cookies-to-yt-dlp  for how to manually pass cookies. Also see  https://github.com/yt-dlp/yt-dlp/wiki/Extractors#exporting-youtube-cookies  for tips on effectively exporting YouTube cookies,False
,TabiEats,,youtube,travel,6.62,,Japan Food Travel Has Changed… Here’s What You Need to Know,https://www.youtube.com/watch?v=4Gt20bkSyJU,4Gt20bkSyJU,ERROR: [youtube] 4Gt20bkSyJU: Sign in to confirm you’re not a bot. Use --cookies-from-browser or --cookies for the authentication. See  https://github.com/yt-dlp/yt-dlp/wiki/FAQ#how-do-i-pass-cookies-to-yt-dlp  for how to manually pass cookies. Also see  https://github.com/yt-dlp/yt-dlp/wiki/Extractors#exporting-youtube-cookies  for tips on effectively exporting YouTube cookies,False
,Duslin Travels,,youtube,travel,6.75,,"Rome, Italy 4K Walking Tour 🇮🇹 Colosseum, Trevi Fountain, Pantheon & Cozy Cafés",https://www.youtube.com/watch?v=-7yyu5SrL9g,-7yyu5SrL9g,ERROR: [youtube] -7yyu5SrL9g: Sign in to confirm you’re not a bot. Use --cookies-from-browser or --cookies for the authentication. See  https://github.com/yt-dlp/yt-dlp/wiki/FAQ#how-do-i-pass-cookies-to-yt-dlp  for how to manually pass cookies. Also see  https://github.com/yt-dlp/yt-dlp/wiki/Extractors#exporting-youtube-cookies  for tips on effectively exporting YouTube cookies,False
,Away Together w/ Nik and Allie,,youtube,travel,6.84,,The ULTIMATE Aer Backpack Buying Guide (How to Choose),https://www.youtube.com/watch?v=OSqn8hbs8N8,OSqn8hbs8N8,ERROR: [youtube] OSqn8hbs8N8: Sign in to confirm you’re not a bot. Use --cookies-from-browser or --cookies for the authentication. See  https://github.com/yt-dlp/yt-dlp/wiki/FAQ#how-do-i-pass-cookies-to-yt-dlp  for how to manually pass cookies. Also see  https://github.com/yt-dlp/yt-dlp/wiki/Extractors#exporting-youtube-cookies  for tips on effectively exporting YouTube cookies,False
,yatri doctor,,youtube,travel,7.03,,World’s CRAZIEST Football Stadium | Campervan Road Trip 🇳🇴,https://www.youtube.com/watch?v=ccDJ7pobbXE,ccDJ7pobbXE,ERROR: [youtube] ccDJ7pobbXE: Sign in to confirm you’re not a bot. Use --cookies-from-browser or --cookies for the authentication. See  https://github.com/yt-dlp/yt-dlp/wiki/FAQ#how-do-i-pass-cookies-to-yt-dlp  for how to manually pass cookies. Also see  https://github.com/yt-dlp/yt-dlp/wiki/Extractors#exporting-youtube-cookies  for tips on effectively exporting YouTube cookies,False
,Eureka Travel Explorer,,youtube,travel,6.86,,Pakistan: The World’s Most Underrated Country | 4K Travel Documentary,https://www.youtube.com/watch?v=_JSlbVqTBlQ,_JSlbVqTBlQ,ERROR: [youtube] _JSlbVqTBlQ: Sign in to confirm you’re not a bot. Use --cookies-from-browser or --cookies for the authentication. See  https://github.com/yt-dlp/yt-dlp/wiki/FAQ#how-do-i-pass-cookies-to-yt-dlp  for how to manually pass cookies. Also see  https://github.com/yt-dlp/yt-dlp/wiki/Extractors#exporting-youtube-cookies  for tips on effectively exporting YouTube cookies,False
,Absolute Planet TV,,youtube,travel,7.16,,ETHIOPIA: The Cradle of Civilization Nobody Travels To | 4K Travel Documentary,https://www.youtube.com/watch?v=IW1eX2znqQY,IW1eX2znqQY,ERROR: [youtube] IW1eX2znqQY: Sign in to confirm you’re not a bot. Use --cookies-from-browser or --cookies for the authentication. See  https://github.com/yt-dlp/yt-dlp/wiki/FAQ#how-do-i-pass-cookies-to-yt-dlp  for how to manually pass cookies. Also see  https://github.com/yt-dlp/yt-dlp/wiki/Extractors#exporting-youtube-cookies  for tips on effectively exporting YouTube cookies,False
,Luxury Travel Expert,,youtube,travel,7.18,,Regent Hong Kong | Suită Penthouse Fenomenală (Tur complet al hotelului în 4K),https://www.youtube.com/watch?v=bXyKqQLfct4,bXyKqQLfct4,ERROR: [youtube] bXyKqQLfct4: Sign in to confirm you’re not a bot. Use --cookies-from-browser or --cookies for the authentication. See  https://github.com/yt-dlp/yt-dlp/wiki/FAQ#how-do-i-pass-cookies-to-yt-dlp  for how to manually pass cookies. Also see  https://github.com/yt-dlp/yt-dlp/wiki/Extractors#exporting-youtube-cookies  for tips on effectively exporting YouTube cookies,False
,Luxury Travel Host,,youtube,travel,6.98,,"Anantara Hoi An Resort, hotel de lux de 5 stele în Vietnam (Tur și vlog 4K)",https://www.youtube.com/watch?v=efJzOEJREJY,efJzOEJREJY,ERROR: [youtube] efJzOEJREJY: Sign in to confirm you’re not a bot. Use --cookies-from-browser or --cookies for the authentication. See  https://github.com/yt-dlp/yt-dlp/wiki/FAQ#how-do-i-pass-cookies-to-yt-dlp  for how to manually pass cookies. Also see  https://github.com/yt-dlp/yt-dlp/wiki/Extractors#exporting-youtube-cookies  for tips on effectively exporting YouTube cookies,False
,Infinite Planet TV,,youtube,travel,7.19,,PATAGONIA: The Bottom of the World | 4K Travel Documentary,https://www.youtube.com/watch?v=QqcGdA6kWD8,QqcGdA6kWD8,ERROR: [youtube] QqcGdA6kWD8: Sign in to confirm you’re not a bot. Use --cookies-from-browser or --cookies for the authentication. See  https://github.com/yt-dlp/yt-dlp/wiki/FAQ#how-do-i-pass-cookies-to-yt-dlp  for how to manually pass cookies. Also see  https://github.com/yt-dlp/yt-dlp/wiki/Extractors#exporting-youtube-cookies  for tips on effectively exporting YouTube cookies,False
,Aly Smalls,,youtube,travel,7.27,,Game-Changing Travel Gear You Should Pack,https://www.youtube.com/watch?v=CMHt-EGL7Zo,CMHt-EGL7Zo,ERROR: [youtube] CMHt-EGL7Zo: Sign in to confirm you’re not a bot. Use --cookies-from-browser or --cookies for the authentication. See  https://github.com/yt-dlp/yt-dlp/wiki/FAQ#how-do-i-pass-cookies-to-yt-dlp  for how to manually pass cookies. Also see  https://github.com/yt-dlp/yt-dlp/wiki/Extractors#exporting-youtube-cookies  for tips on effectively exporting YouTube cookies,False
,8K Earth Wonders,,youtube,travel,7.09,,Wonders of Alaska – Exploring the Most Breathtaking Places in Alaska – Travel Video 4K,https://www.youtube.com/watch?v=w3kZh3X7d_Q,w3kZh3X7d_Q,ERROR: [youtube] w3kZh3X7d_Q: Sign in to confirm you’re not a bot. Use --cookies-from-browser or --cookies for the authentication. See  https://github.com/yt-dlp/yt-dlp/wiki/FAQ#how-do-i-pass-cookies-to-yt-dlp  for how to manually pass cookies. Also see  https://github.com/yt-dlp/yt-dlp/wiki/Extractors#exporting-youtube-cookies  for tips on effectively exporting YouTube cookies,False
,Trip Insight,,youtube,travel,7.9,,Wonders of Nova Scotia | The Hidden Places No One Talks About! | Travel Video 4K,https://www.youtube.com/watch?v=5Uj5GBnio8Q,5Uj5GBnio8Q,ERROR: [youtube] 5Uj5GBnio8Q: Sign in to confirm you’re not a bot. Use --cookies-from-browser or --cookies for the authentication. See  https://github.com/yt-dlp/yt-dlp/wiki/FAQ#how-do-i-pass-cookies-to-yt-dlp  for how to manually pass cookies. Also see  https://github.com/yt-dlp/yt-dlp/wiki/Extractors#exporting-youtube-cookies  for tips on effectively exporting YouTube cookies,False
,EpicExplorationsTV EN,,youtube,travel,8.13,,WONDERS OF USA | 80 Most Beautiful Places in the United States | 4K Travel Guide,https://www.youtube.com/watch?v=u43YRqJndB4,u43YRqJndB4,ERROR: [youtube] u43YRqJndB4: Sign in to confirm you’re not a bot. Use --cookies-from-browser or --cookies for the authentication. See  https://github.com/yt-dlp/yt-dlp/wiki/FAQ#how-do-i-pass-cookies-to-yt-dlp  for how to manually pass cookies. Also see  https://github.com/yt-dlp/yt-dlp/wiki/Extractors#exporting-youtube-cookies  for tips on effectively exporting YouTube cookies,False
,Everything Mayumi,,youtube,travel,7.22,,Budapest Was Better Than I Expected 🇭🇺 | Hungary Travel Vlog,https://www.youtube.com/watch?v=RIEKnbIUhSI,RIEKnbIUhSI,ERROR: [youtube] RIEKnbIUhSI: Sign in to confirm you’re not a bot. Use --cookies-from-browser or --cookies for the authentication. See  https://github.com/yt-dlp/yt-dlp/wiki/FAQ#how-do-i-pass-cookies-to-yt-dlp  for how to manually pass cookies. Also see  https://github.com/yt-dlp/yt-dlp/wiki/Extractors#exporting-youtube-cookies  for tips on effectively exporting YouTube cookies,False
,Lambu Naga,,youtube,travel,7.07,,My Journey DELHI TO MON❤️ #journey #travel ,https://www.youtube.com/watch?v=a_uw6zF-GVs,a_uw6zF-GVs,ERROR: [youtube] a_uw6zF-GVs: Sign in to confirm you’re not a bot. Use --cookies-from-browser or --cookies for the authentication. See  https://github.com/yt-dlp/yt-dlp/wiki/FAQ#how-do-i-pass-cookies-to-yt-dlp  for how to manually pass cookies. Also see  https://github.com/yt-dlp/yt-dlp/wiki/Extractors#exporting-youtube-cookies  for tips on effectively exporting YouTube cookies,False
,Island Hopper TV,,youtube,travel,7.24,,Best Travel Destinations in The World 4K,https://www.youtube.com/watch?v=exI_hD_4jAM,exI_hD_4jAM,ERROR: [youtube] exI_hD_4jAM: Sign in to confirm you’re not a bot. Use --cookies-from-browser or --cookies for the authentication. See  https://github.com/yt-dlp/yt-dlp/wiki/FAQ#how-do-i-pass-cookies-to-yt-dlp  for how to manually pass cookies. Also see  https://github.com/yt-dlp/yt-dlp/wiki/Extractors#exporting-youtube-cookies  for tips on effectively exporting YouTube cookies,False
,New Travel Insight,,youtube,travel,7.15,,UNSEEN WONDERS | Hidden Places Even Locals Can’t Believe Exist | Travel Video 4K,https://www.youtube.com/watch?v=9oZVMcF55tQ,9oZVMcF55tQ,ERROR: [youtube] 9oZVMcF55tQ: Sign in to confirm you’re not a bot. Use --cookies-from-browser or --cookies for the authentication. See  https://github.com/yt-dlp/yt-dlp/wiki/FAQ#how-do-i-pass-cookies-to-yt-dlp  for how to manually pass cookies. Also see  https://github.com/yt-dlp/yt-dlp/wiki/Extractors#exporting-youtube-cookies  for tips on effectively exporting YouTube cookies,False
,International Living,,youtube,travel,7.17,,How to Build the Ultimate Slow-Travel Itinerary,https://www.youtube.com/watch?v=TaKIqLmZW6c,TaKIqLmZW6c,ERROR: [youtube] TaKIqLmZW6c: Sign in to confirm you’re not a bot. Use --cookies-from-browser or --cookies for the authentication. See  https://github.com/yt-dlp/yt-dlp/wiki/FAQ#how-do-i-pass-cookies-to-yt-dlp  for how to manually pass cookies. Also see  https://github.com/yt-dlp/yt-dlp/wiki/Extractors#exporting-youtube-cookies  for tips on effectively exporting YouTube cookies,False
,DREI,,youtube,travel,6.84,,Travel Vlog : Melbourne 2026,https://www.youtube.com/watch?v=MrlDGs18Ksw,MrlDGs18Ksw,ERROR: [youtube] MrlDGs18Ksw: Sign in to confirm you’re not a bot. Use --cookies-from-browser or --cookies for the authentication. See  https://github.com/yt-dlp/yt-dlp/wiki/FAQ#how-do-i-pass-cookies-to-yt-dlp  for how to manually pass cookies. Also see  https://github.com/yt-dlp/yt-dlp/wiki/Extractors#exporting-youtube-cookies  for tips on effectively exporting YouTube cookies,False
,Heaven Explorer,,youtube,travel,9.34,,😍Ladakh Travel Guide 2026 🏔️ | 8 Days of Incredible Landscapes |Complete Itinerary | Leh to Pangong,https://www.youtube.com/watch?v=imkrgWBYlN8,imkrgWBYlN8,ERROR: [youtube] imkrgWBYlN8: Sign in to confirm you’re not a bot. Use --cookies-from-browser or --cookies for the authentication. See  https://github.com/yt-dlp/yt-dlp/wiki/FAQ#how-do-i-pass-cookies-to-yt-dlp  for how to manually pass cookies. Also see  https://github.com/yt-dlp/yt-dlp/wiki/Extractors#exporting-youtube-cookies  for tips on effectively exporting YouTube cookies,False
,Dutch Travel Maniac and 6 more,,youtube,travel,6.67,,Confronted by Antifa in Bologna (Police Intervened) 🇮🇹,https://www.youtube.com/watch?v=HsNhJq1MMv8,HsNhJq1MMv8,ERROR: [youtube] HsNhJq1MMv8: Sign in to confirm you’re not a bot. Use --cookies-from-browser or --cookies for the authentication. See  https://github.com/yt-dlp/yt-dlp/wiki/FAQ#how-do-i-pass-cookies-to-yt-dlp  for how to manually pass cookies. Also see  https://github.com/yt-dlp/yt-dlp/wiki/Extractors#exporting-youtube-cookies  for tips on effectively exporting YouTube cookies,False
,Tropical Travel,,youtube,travel,6.95,,40 UNESCO World Heritage Sites You Need to Visit Before You Die - Travel Video 4K,https://www.youtube.com/watch?v=GCYg1HQFQKY,GCYg1HQFQKY,ERROR: [youtube] GCYg1HQFQKY: Sign in to confirm you’re not a bot. Use --cookies-from-browser or --cookies for the authentication. See  https://github.com/yt-dlp/yt-dlp/wiki/FAQ#how-do-i-pass-cookies-to-yt-dlp  for how to manually pass cookies. Also see  https://github.com/yt-dlp/yt-dlp/wiki/Extractors#exporting-youtube-cookies  for tips on effectively exporting YouTube cookies,False
,Trip Insight,,youtube,travel,6.86,,Wonders of Japan | The Hidden Places No One Talks About! | Travel Video 4K,https://www.youtube.com/watch?v=_4n0j0UsYiA,_4n0j0UsYiA,ERROR: [youtube] _4n0j0UsYiA: Sign in to confirm you’re not a bot. Use --cookies-from-browser or --cookies for the authentication. See  https://github.com/yt-dlp/yt-dlp/wiki/FAQ#how-do-i-pass-cookies-to-yt-dlp  for how to manually pass cookies. Also see  https://github.com/yt-dlp/yt-dlp/wiki/Extractors#exporting-youtube-cookies  for tips on effectively exporting YouTube cookies,False
,Maggi Fuchs,,youtube,travel,6.61,,Everything I actually bring after years of travel (Full packing list),https://www.youtube.com/watch?v=-_uuNqMEIXM,-_uuNqMEIXM,ERROR: [youtube] -_uuNqMEIXM: Sign in to confirm you’re not a bot. Use --cookies-from-browser or --cookies for the authentication. See  https://github.com/yt-dlp/yt-dlp/wiki/FAQ#how-do-i-pass-cookies-to-yt-dlp  for how to manually pass cookies. Also see  https://github.com/yt-dlp/yt-dlp/wiki/Extractors#exporting-youtube-cookies  for tips on effectively exporting YouTube cookies,False
,Ishaan Babbar ,,youtube,travel,6.26,,Manali to Leh : India's Most Beautiful Car Journey in Ladakh,https://www.youtube.com/watch?v=Uhdv9AAyRPc,Uhdv9AAyRPc,ERROR: [youtube] Uhdv9AAyRPc: Sign in to confirm you’re not a bot. Use --cookies-from-browser or --cookies for the authentication. See  https://github.com/yt-dlp/yt-dlp/wiki/FAQ#how-do-i-pass-cookies-to-yt-dlp  for how to manually pass cookies. Also see  https://github.com/yt-dlp/yt-dlp/wiki/Extractors#exporting-youtube-cookies  for tips on effectively exporting YouTube cookies,False
,Sonya Art 22,,youtube,DIY,6.24,,8 IDEAS | How To Make Squishy | Easy DIY Squishy,https://www.youtube.com/watch?v=J_ZZKpVrExI,J_ZZKpVrExI,ERROR: [youtube] J_ZZKpVrExI: This video is not available,False
,1theK (원더케이),,youtube,travel,6.73,,[MV] BOL4(볼빨간사춘기) _ Travel(여행),https://www.youtube.com/watch?v=xRbPAVnqtcs,xRbPAVnqtcs,ERROR: [youtube] xRbPAVnqtcs: Sign in to confirm you’re not a bot. Use --cookies-from-browser or --cookies for the authentication. See  https://github.com/yt-dlp/yt-dlp/wiki/FAQ#how-do-i-pass-cookies-to-yt-dlp  for how to manually pass cookies. Also see  https://github.com/yt-dlp/yt-dlp/wiki/Extractors#exporting-youtube-cookies  for tips on effectively exporting YouTube cookies,False
,Hafu Go,,youtube,DIY,6.69,,Level 1 to 100 DIY Builds,https://www.youtube.com/watch?v=R0jL1DjamRA,R0jL1DjamRA,ERROR: [youtube] R0jL1DjamRA: Sign in to confirm you’re not a bot. Use --cookies-from-browser or --cookies for the authentication. See  https://github.com/yt-dlp/yt-dlp/wiki/FAQ#how-do-i-pass-cookies-to-yt-dlp  for how to manually pass cookies. Also see  https://github.com/yt-dlp/yt-dlp/wiki/Extractors#exporting-youtube-cookies  for tips on effectively exporting YouTube cookies,False
,Mister Hamster,,youtube,DIY,6.58,,Complex DIY Hamster Obstracle Course: Professional Maze Build,https://www.youtube.com/watch?v=eBLvTHl4aqM,eBLvTHl4aqM,ERROR: [youtube] eBLvTHl4aqM: Sign in to confirm you’re not a bot. Use --cookies-from-browser or --cookies for the authentication. See  https://github.com/yt-dlp/yt-dlp/wiki/FAQ#how-do-i-pass-cookies-to-yt-dlp  for how to manually pass cookies. Also see  https://github.com/yt-dlp/yt-dlp/wiki/Extractors#exporting-youtube-cookies  for tips on effectively exporting YouTube cookies,False
,Quantum Makers,,youtube,DIY,6.75,,Man Builds Tiny VILLA Using Mini Bricks | Incredible DIY Construction Full Process,https://www.youtube.com/watch?v=yPtx7p4pN9w,yPtx7p4pN9w,ERROR: [youtube] yPtx7p4pN9w: Sign in to confirm you’re not a bot. Use --cookies-from-browser or --cookies for the authentication. See  https://github.com/yt-dlp/yt-dlp/wiki/FAQ#how-do-i-pass-cookies-to-yt-dlp  for how to manually pass cookies. Also see  https://github.com/yt-dlp/yt-dlp/wiki/Extractors#exporting-youtube-cookies  for tips on effectively exporting YouTube cookies,False
,Mukta Art & Craft,,youtube,DIY,6.6,,10 Easy craft ideas/ miniature craft /Paper craft/ how to make /DIY/school project/Mukta Art & Craft,https://www.youtube.com/watch?v=l7hwq5pAIy8,l7hwq5pAIy8,ERROR: [youtube] l7hwq5pAIy8: Sign in to confirm you’re not a bot. Use --cookies-from-browser or --cookies for the authentication. See  https://github.com/yt-dlp/yt-dlp/wiki/FAQ#how-do-i-pass-cookies-to-yt-dlp  for how to manually pass cookies. Also see  https://github.com/yt-dlp/yt-dlp/wiki/Extractors#exporting-youtube-cookies  for tips on effectively exporting YouTube cookies,False
,DIY Machinery,,youtube,DIY,7.03,,DIY Mini Truck Builds Brick & Metal Railing Bridge | Fun Construction Science Project,https://www.youtube.com/watch?v=1Pk5I30VXiM,1Pk5I30VXiM,ERROR: [youtube] 1Pk5I30VXiM: Sign in to confirm you’re not a bot. Use --cookies-from-browser or --cookies for the authentication. See  https://github.com/yt-dlp/yt-dlp/wiki/FAQ#how-do-i-pass-cookies-to-yt-dlp  for how to manually pass cookies. Also see  https://github.com/yt-dlp/yt-dlp/wiki/Extractors#exporting-youtube-cookies  for tips on effectively exporting YouTube cookies,False
,Skill Make,,youtube,DIY,7.2,,I Built a Homemade Fighter Jet Engine From Scratch (IT ACTUALLY WORKS),https://www.youtube.com/watch?v=XWlz2zfBL7E,XWlz2zfBL7E,ERROR: [youtube] XWlz2zfBL7E: Sign in to confirm you’re not a bot. Use --cookies-from-browser or --cookies for the authentication. See  https://github.com/yt-dlp/yt-dlp/wiki/FAQ#how-do-i-pass-cookies-to-yt-dlp  for how to manually pass cookies. Also see  https://github.com/yt-dlp/yt-dlp/wiki/Extractors#exporting-youtube-cookies  for tips on effectively exporting YouTube cookies,False
,Top Mini Gear,,youtube,DIY,6.98,,DIY Mini Tractor Making Real Concrete Bridge | Underground Home Pipe Science Project | @topminigear,https://www.youtube.com/watch?v=ysnd0v_Jq5s,ysnd0v_Jq5s,ERROR: [youtube] ysnd0v_Jq5s: This video is not available,False
,Leyla Tavas,,youtube,DIY,7.16,,how to make ur BORING clothes CUTE ☆diy Pinterest closet☆,https://www.youtube.com/watch?v=siq0DXumllA,siq0DXumllA,ERROR: [youtube] siq0DXumllA: Sign in to confirm you’re not a bot. Use --cookies-from-browser or --cookies for the authentication. See  https://github.com/yt-dlp/yt-dlp/wiki/FAQ#how-do-i-pass-cookies-to-yt-dlp  for how to manually pass cookies. Also see  https://github.com/yt-dlp/yt-dlp/wiki/Extractors#exporting-youtube-cookies  for tips on effectively exporting YouTube cookies,False
,SLICK SLIME SAM Live,,youtube,DIY,7.27,,We Made the Cutest Baby Doll Essentials! 🍼👶 Easy DIY Mini Crafts,https://www.youtube.com/watch?v=KxJexpvVrS8,KxJexpvVrS8,ERROR: [youtube] KxJexpvVrS8: This video is not available,False
,TeenVee,,youtube,DIY,7.64,,Turning Paper Into Craft! ✂️ Easy Paper DIY You Can Do in 5 Minutes! ⏱️💡,https://www.youtube.com/watch?v=883UQm9GR2o,883UQm9GR2o,ERROR: [youtube] 883UQm9GR2o: Sign in to confirm you’re not a bot. Use --cookies-from-browser or --cookies for the authentication. See  https://github.com/yt-dlp/yt-dlp/wiki/FAQ#how-do-i-pass-cookies-to-yt-dlp  for how to manually pass cookies. Also see  https://github.com/yt-dlp/yt-dlp/wiki/Extractors#exporting-youtube-cookies  for tips on effectively exporting YouTube cookies,False
,Tiny Farming and Top DIY Mini Tractor,,youtube,DIY,7.13,,DIY Construction Science Project - Building a Modern 2-Story Fireproof House With Bricks and Cement,https://www.youtube.com/watch?v=g7QaxxahEPo,g7QaxxahEPo,ERROR: [youtube] g7QaxxahEPo: Sign in to confirm you’re not a bot. Use --cookies-from-browser or --cookies for the authentication. See  https://github.com/yt-dlp/yt-dlp/wiki/FAQ#how-do-i-pass-cookies-to-yt-dlp  for how to manually pass cookies. Also see  https://github.com/yt-dlp/yt-dlp/wiki/Extractors#exporting-youtube-cookies  for tips on effectively exporting YouTube cookies,False
,Creative DIY365,,youtube,DIY,7.48,,"No Gas, No Wood 😱!! This Simple DIY Stove Heats for FREE All Winter",https://www.youtube.com/watch?v=H2SrcFJ8g6s,H2SrcFJ8g6s,ERROR: [youtube] H2SrcFJ8g6s: Sign in to confirm you’re not a bot. Use --cookies-from-browser or --cookies for the authentication. See  https://github.com/yt-dlp/yt-dlp/wiki/FAQ#how-do-i-pass-cookies-to-yt-dlp  for how to manually pass cookies. Also see  https://github.com/yt-dlp/yt-dlp/wiki/Extractors#exporting-youtube-cookies  for tips on effectively exporting YouTube cookies,False
,DIY crafts from A4 PAPER,,youtube,DIY,6.78,,DIY 🥷🏻 How to make a NINJA STAR SHURIKEN from ONE sheet of A4 paper,https://www.youtube.com/watch?v=g_H2_YNupjc,g_H2_YNupjc,ERROR: [youtube] g_H2_YNupjc: This video is not available,False
,Fun Caboodle,,youtube,DIY,7.34,,Bluey and Bingo DIY Squishies with Squishy Maker! Crafts for Kids,https://www.youtube.com/watch?v=J4Ag0vCy9P0,J4Ag0vCy9P0,ERROR: [youtube] J4Ag0vCy9P0: This video is not available,False
,Tiny Farming and Top DIY Mini Tractor,1846,youtube,DIY,8.17,DIY Mini Truck Builds Brick & Metal Railing Overhead Bridge | Fun Construction Science Project,DIY Mini Truck Builds Brick & Metal Railing Overhead Bridge | Fun Construction Science Project,https://www.youtube.com/watch?v=bZ1EwPj8Fy4,bZ1EwPj8Fy4,,True
,Tiny Farming,,youtube,DIY,7.12,,DIY Science Project Metal Railing Bridge - Tractor Making Mini 2 Floor Dam Over River with Bricks,https://www.youtube.com/watch?v=4kCq6o5zppU,4kCq6o5zppU,ERROR: [youtube] 4kCq6o5zppU: Sign in to confirm you’re not a bot. Use --cookies-from-browser or --cookies for the authentication. See  https://github.com/yt-dlp/yt-dlp/wiki/FAQ#how-do-i-pass-cookies-to-yt-dlp  for how to manually pass cookies. Also see  https://github.com/yt-dlp/yt-dlp/wiki/Extractors#exporting-youtube-cookies  for tips on effectively exporting YouTube cookies,False
,EMİL BURADA,,youtube,DIY,6.88,,How To Make Spider-Man Web Shooter at Home / DIY Easy Spiderman Web Shooter With Pen,https://www.youtube.com/watch?v=NfJgj-BVXdo,NfJgj-BVXdo,ERROR: [youtube] NfJgj-BVXdo: Sign in to confirm you’re not a bot. Use --cookies-from-browser or --cookies for the authentication. See  https://github.com/yt-dlp/yt-dlp/wiki/FAQ#how-do-i-pass-cookies-to-yt-dlp  for how to manually pass cookies. Also see  https://github.com/yt-dlp/yt-dlp/wiki/Extractors#exporting-youtube-cookies  for tips on effectively exporting YouTube cookies,False
,Unknown Tricks,,youtube,DIY,7.56,,A 65-Year-Old Carpenter’s Amazing Homemade Idea That Amazed Most Professors! DIY Woodworking Tools.,https://www.youtube.com/watch?v=LdSkJjUxyRw,LdSkJjUxyRw,ERROR: [youtube] LdSkJjUxyRw: Sign in to confirm you’re not a bot. Use --cookies-from-browser or --cookies for the authentication. See  https://github.com/yt-dlp/yt-dlp/wiki/FAQ#how-do-i-pass-cookies-to-yt-dlp  for how to manually pass cookies. Also see  https://github.com/yt-dlp/yt-dlp/wiki/Extractors#exporting-youtube-cookies  for tips on effectively exporting YouTube cookies,False
,Nim C,,youtube,DIY,6.63,,I Made Viral TikTok Squishy At Home!,https://www.youtube.com/watch?v=jTCXt4fAZVQ,jTCXt4fAZVQ,ERROR: [youtube] jTCXt4fAZVQ: Sign in to confirm you’re not a bot. Use --cookies-from-browser or --cookies for the authentication. See  https://github.com/yt-dlp/yt-dlp/wiki/FAQ#how-do-i-pass-cookies-to-yt-dlp  for how to manually pass cookies. Also see  https://github.com/yt-dlp/yt-dlp/wiki/Extractors#exporting-youtube-cookies  for tips on effectively exporting YouTube cookies,False
,Quantastic,,youtube,DIY,6.96,,36 DIY School Stationery Ideas Anyone Can Try When They're Bored in Class,https://www.youtube.com/watch?v=pmIXWdyFzbQ,pmIXWdyFzbQ,ERROR: [youtube] pmIXWdyFzbQ: Sign in to confirm you’re not a bot. Use --cookies-from-browser or --cookies for the authentication. See  https://github.com/yt-dlp/yt-dlp/wiki/FAQ#how-do-i-pass-cookies-to-yt-dlp  for how to manually pass cookies. Also see  https://github.com/yt-dlp/yt-dlp/wiki/Extractors#exporting-youtube-cookies  for tips on effectively exporting YouTube cookies,False
,FailArmy,,youtube,sports,6.29,,Best Sports Fails | Which Fail Wins the Playoff?,https://www.youtube.com/watch?v=cdmKVXynX3I,cdmKVXynX3I,ERROR: [youtube] cdmKVXynX3I: Sign in to confirm you’re not a bot. Use --cookies-from-browser or --cookies for the authentication. See  https://github.com/yt-dlp/yt-dlp/wiki/FAQ#how-do-i-pass-cookies-to-yt-dlp  for how to manually pass cookies. Also see  https://github.com/yt-dlp/yt-dlp/wiki/Extractors#exporting-youtube-cookies  for tips on effectively exporting YouTube cookies,False
,NBA Daily,,youtube,sports,6.51,,"Friday's NOT Top 10 Sports Plays | August 21, 2026 | Fails & Bloopers",https://www.youtube.com/watch?v=TfRFZkNVpJo,TfRFZkNVpJo,ERROR: [youtube] TfRFZkNVpJo: Sign in to confirm you’re not a bot. Use --cookies-from-browser or --cookies for the authentication. See  https://github.com/yt-dlp/yt-dlp/wiki/FAQ#how-do-i-pass-cookies-to-yt-dlp  for how to manually pass cookies. Also see  https://github.com/yt-dlp/yt-dlp/wiki/Extractors#exporting-youtube-cookies  for tips on effectively exporting YouTube cookies,False
,XBOX,,youtube,sports,5.96,,EA SPORTS FC 27 | Official Launch Trailer,https://www.youtube.com/watch?v=Z9z-g3mrNbE,Z9z-g3mrNbE,ERROR: [youtube] Z9z-g3mrNbE: Sign in to confirm you’re not a bot. Use --cookies-from-browser or --cookies for the authentication. See  https://github.com/yt-dlp/yt-dlp/wiki/FAQ#how-do-i-pass-cookies-to-yt-dlp  for how to manually pass cookies. Also see  https://github.com/yt-dlp/yt-dlp/wiki/Extractors#exporting-youtube-cookies  for tips on effectively exporting YouTube cookies,False
,Mukta Art & Craft,,youtube,DIY,7.13,,10 Easy craft ideas/ miniature craft /Paper craft/ how to make /DIY/school project/Mukta Art & Craft,https://www.youtube.com/watch?v=f830MfsX_0g,f830MfsX_0g,ERROR: [youtube] f830MfsX_0g: Sign in to confirm you’re not a bot. Use --cookies-from-browser or --cookies for the authentication. See  https://github.com/yt-dlp/yt-dlp/wiki/FAQ#how-do-i-pass-cookies-to-yt-dlp  for how to manually pass cookies. Also see  https://github.com/yt-dlp/yt-dlp/wiki/Extractors#exporting-youtube-cookies  for tips on effectively exporting YouTube cookies,False
,Super Simple Songs - Kids Songs,,youtube,sports,6.33,,Sports! | Kids Song | Song of Summer ⚽️ | Super Simple Songs,https://www.youtube.com/watch?v=CXb9llX_LoU,CXb9llX_LoU,ERROR: [youtube] CXb9llX_LoU: This video is not available,False
,Scratch Garden,,youtube,sports,6.36,,The Dance Freeze Song 5! | Sports Freeze Dance | Scratch Garden,https://www.youtube.com/watch?v=4aTX0Ki10pQ,4aTX0Ki10pQ,ERROR: [youtube] 4aTX0Ki10pQ: This video is not available,False
,Seattle Sports,,youtube,sports,6.36,,Brock & Salk LIVE #Seahawks vs Patriots Reaction -  Seattle Sports News & Analysis | 9/10/26,https://www.youtube.com/watch?v=ekiRWTTuaA8,ekiRWTTuaA8,ERROR: [youtube] ekiRWTTuaA8: Sign in to confirm you’re not a bot. Use --cookies-from-browser or --cookies for the authentication. See  https://github.com/yt-dlp/yt-dlp/wiki/FAQ#how-do-i-pass-cookies-to-yt-dlp  for how to manually pass cookies. Also see  https://github.com/yt-dlp/yt-dlp/wiki/Extractors#exporting-youtube-cookies  for tips on effectively exporting YouTube cookies,False
,NFL,,youtube,sports,6.54,,10 HOURS of Awesome NFL Highlights,https://www.youtube.com/watch?v=uJaqnJ6-xfY,uJaqnJ6-xfY,ERROR: [youtube] uJaqnJ6-xfY: Sign in to confirm you’re not a bot. Use --cookies-from-browser or --cookies for the authentication. See  https://github.com/yt-dlp/yt-dlp/wiki/FAQ#how-do-i-pass-cookies-to-yt-dlp  for how to manually pass cookies. Also see  https://github.com/yt-dlp/yt-dlp/wiki/Extractors#exporting-youtube-cookies  for tips on effectively exporting YouTube cookies,False
,Highlight Reel,,youtube,sports,6.42,,"Craziest ""1 in a Trillion"" Moments in Sports History",https://www.youtube.com/watch?v=RxhDx1gpoeo,RxhDx1gpoeo,ERROR: [youtube] RxhDx1gpoeo: Sign in to confirm you’re not a bot. Use --cookies-from-browser or --cookies for the authentication. See  https://github.com/yt-dlp/yt-dlp/wiki/FAQ#how-do-i-pass-cookies-to-yt-dlp  for how to manually pass cookies. Also see  https://github.com/yt-dlp/yt-dlp/wiki/Extractors#exporting-youtube-cookies  for tips on effectively exporting YouTube cookies,False
,Team Jesser,,youtube,sports,6.67,,ONE HOUR Of Funniest Sports Clips!,https://www.youtube.com/watch?v=RA4n3q5YbVQ,RA4n3q5YbVQ,ERROR: [youtube] RA4n3q5YbVQ: Sign in to confirm you’re not a bot. Use --cookies-from-browser or --cookies for the authentication. See  https://github.com/yt-dlp/yt-dlp/wiki/FAQ#how-do-i-pass-cookies-to-yt-dlp  for how to manually pass cookies. Also see  https://github.com/yt-dlp/yt-dlp/wiki/Extractors#exporting-youtube-cookies  for tips on effectively exporting YouTube cookies,False
,One Sports,,youtube,sports,6.86,,"LIVE: SAN SEBASTIAN vs ARELLANO | NCAA SEASON 102 MEN’S BASKETBALL | SEP 14, 2026",https://www.youtube.com/watch?v=Cfw6dQqSFNg,Cfw6dQqSFNg,ERROR: [youtube] Cfw6dQqSFNg: Sign in to confirm you’re not a bot. Use --cookies-from-browser or --cookies for the authentication. See  https://github.com/yt-dlp/yt-dlp/wiki/FAQ#how-do-i-pass-cookies-to-yt-dlp  for how to manually pass cookies. Also see  https://github.com/yt-dlp/yt-dlp/wiki/Extractors#exporting-youtube-cookies  for tips on effectively exporting YouTube cookies,False
,Jezek Sports,,youtube,sports,6.84,,The Top 100 US Sports Plays of the Decade,https://www.youtube.com/watch?v=IuaPWYUAoKI,IuaPWYUAoKI,ERROR: [youtube] IuaPWYUAoKI: Sign in to confirm you’re not a bot. Use --cookies-from-browser or --cookies for the authentication. See  https://github.com/yt-dlp/yt-dlp/wiki/FAQ#how-do-i-pass-cookies-to-yt-dlp  for how to manually pass cookies. Also see  https://github.com/yt-dlp/yt-dlp/wiki/Extractors#exporting-youtube-cookies  for tips on effectively exporting YouTube cookies,False
,Tate McRae,,youtube,sports,7.19,,Tate McRae - Sports car (Official Video),https://www.youtube.com/watch?v=7InTkBxPtK4,7InTkBxPtK4,ERROR: [youtube] 7InTkBxPtK4: Sign in to confirm you’re not a bot. Use --cookies-from-browser or --cookies for the authentication. See  https://github.com/yt-dlp/yt-dlp/wiki/FAQ#how-do-i-pass-cookies-to-yt-dlp  for how to manually pass cookies. Also see  https://github.com/yt-dlp/yt-dlp/wiki/Extractors#exporting-youtube-cookies  for tips on effectively exporting YouTube cookies,False
,WTD Productions,,youtube,sports,7.48,,Greatest Sports Moments,https://www.youtube.com/watch?v=o7W7OvETO40,o7W7OvETO40,ERROR: [youtube] o7W7OvETO40: Sign in to confirm you’re not a bot. Use --cookies-from-browser or --cookies for the authentication. See  https://github.com/yt-dlp/yt-dlp/wiki/FAQ#how-do-i-pass-cookies-to-yt-dlp  for how to manually pass cookies. Also see  https://github.com/yt-dlp/yt-dlp/wiki/Extractors#exporting-youtube-cookies  for tips on effectively exporting YouTube cookies,False
,WOW SPORT,,youtube,sports,7.41,,Impossible Moments In Sports 🔥 | Sports Highlights,https://www.youtube.com/watch?v=itJFmOasz_E,itJFmOasz_E,ERROR: [youtube] itJFmOasz_E: Sign in to confirm you’re not a bot. Use --cookies-from-browser or --cookies for the authentication. See  https://github.com/yt-dlp/yt-dlp/wiki/FAQ#how-do-i-pass-cookies-to-yt-dlp  for how to manually pass cookies. Also see  https://github.com/yt-dlp/yt-dlp/wiki/Extractors#exporting-youtube-cookies  for tips on effectively exporting YouTube cookies,False
,Highlight Reel,,youtube,sports,6.85,,"Craziest ""GAME OVER"" Moments in Sports History",https://www.youtube.com/watch?v=WKwOQ4JuOcE,WKwOQ4JuOcE,ERROR: [youtube] WKwOQ4JuOcE: Sign in to confirm you’re not a bot. Use --cookies-from-browser or --cookies for the authentication. See  https://github.com/yt-dlp/yt-dlp/wiki/FAQ#how-do-i-pass-cookies-to-yt-dlp  for how to manually pass cookies. Also see  https://github.com/yt-dlp/yt-dlp/wiki/Extractors#exporting-youtube-cookies  for tips on effectively exporting YouTube cookies,False
,Tyler Blanchard,,youtube,sports,7.27,,10 Sports You Didn't Know Could Kill You,https://www.youtube.com/watch?v=H1mTuu1B9h0,H1mTuu1B9h0,ERROR: [youtube] H1mTuu1B9h0: Sign in to confirm you’re not a bot. Use --cookies-from-browser or --cookies for the authentication. See  https://github.com/yt-dlp/yt-dlp/wiki/FAQ#how-do-i-pass-cookies-to-yt-dlp  for how to manually pass cookies. Also see  https://github.com/yt-dlp/yt-dlp/wiki/Extractors#exporting-youtube-cookies  for tips on effectively exporting YouTube cookies,False
,Sky Sports Premier League,,youtube,sports,7.28,,Jamie Carragher and Gary Neville's FULL Monday Night Football 2026/27 predictions! 🔮,https://www.youtube.com/watch?v=mWS8a--RVZY,mWS8a--RVZY,ERROR: [youtube] mWS8a--RVZY: Sign in to confirm you’re not a bot. Use --cookies-from-browser or --cookies for the authentication. See  https://github.com/yt-dlp/yt-dlp/wiki/FAQ#how-do-i-pass-cookies-to-yt-dlp  for how to manually pass cookies. Also see  https://github.com/yt-dlp/yt-dlp/wiki/Extractors#exporting-youtube-cookies  for tips on effectively exporting YouTube cookies,False
,Scratch Garden,,youtube,sports,7.49,,Do You Like Basketball Pizza? | The Sports on Food Song | Scratch Garden,https://www.youtube.com/watch?v=3z1twHu81EU,3z1twHu81EU,ERROR: [youtube] 3z1twHu81EU: This video is not available,False
,viagra boys,,youtube,sports,7.47,,Viagra Boys - Sports (Official Video),https://www.youtube.com/watch?v=QjL7D33xpS4,QjL7D33xpS4,ERROR: [youtube] QjL7D33xpS4: Sign in to confirm you’re not a bot. Use --cookies-from-browser or --cookies for the authentication. See  https://github.com/yt-dlp/yt-dlp/wiki/FAQ#how-do-i-pass-cookies-to-yt-dlp  for how to manually pass cookies. Also see  https://github.com/yt-dlp/yt-dlp/wiki/Extractors#exporting-youtube-cookies  for tips on effectively exporting YouTube cookies,False
,Isaac Meretta,,youtube,sports,6.69,,Greatest American Sports Moments of All Time,https://www.youtube.com/watch?v=a3JIPHlifzE,a3JIPHlifzE,ERROR: [youtube] a3JIPHlifzE: Sign in to confirm you’re not a bot. Use --cookies-from-browser or --cookies for the authentication. See  https://github.com/yt-dlp/yt-dlp/wiki/FAQ#how-do-i-pass-cookies-to-yt-dlp  for how to manually pass cookies. Also see  https://github.com/yt-dlp/yt-dlp/wiki/Extractors#exporting-youtube-cookies  for tips on effectively exporting YouTube cookies,False
,Little Sports,,youtube,sports,7.27,,Kids Daily Exercise - Day 1,https://www.youtube.com/watch?v=T8jI4RnHHf0,T8jI4RnHHf0,ERROR: [youtube] T8jI4RnHHf0: This video is not available,False
,Sky Sports Premier League,,youtube,sports,7.54,,"Carra, Daniel Sturridge and Ian Wright FULL Super Sunday post-match analysis | Arsenal 2-1 Chelsea",https://www.youtube.com/watch?v=6RuIVhy2X2M,6RuIVhy2X2M,ERROR: [youtube] 6RuIVhy2X2M: Sign in to confirm you’re not a bot. Use --cookies-from-browser or --cookies for the authentication. See  https://github.com/yt-dlp/yt-dlp/wiki/FAQ#how-do-i-pass-cookies-to-yt-dlp  for how to manually pass cookies. Also see  https://github.com/yt-dlp/yt-dlp/wiki/Extractors#exporting-youtube-cookies  for tips on effectively exporting YouTube cookies,False
,Dude Perfect,,youtube,sports,6.71,,All Sports Golf Battle 6 (feat. Wives),https://www.youtube.com/watch?v=JfDgvERBi-M,JfDgvERBi-M,ERROR: [youtube] JfDgvERBi-M: Sign in to confirm you’re not a bot. Use --cookies-from-browser or --cookies for the authentication. See  https://github.com/yt-dlp/yt-dlp/wiki/FAQ#how-do-i-pass-cookies-to-yt-dlp  for how to manually pass cookies. Also see  https://github.com/yt-dlp/yt-dlp/wiki/Extractors#exporting-youtube-cookies  for tips on effectively exporting YouTube cookies,False
,The New York Times and PABLO TORRE FINDS OUT,,youtube,sports,7.68,,Is the Sports Bubble Going to Pop? | Pablo Torre on The Daily,https://www.youtube.com/watch?v=4hyhVMsakdE,4hyhVMsakdE,ERROR: [youtube] 4hyhVMsakdE: Sign in to confirm you’re not a bot. Use --cookies-from-browser or --cookies for the authentication. See  https://github.com/yt-dlp/yt-dlp/wiki/FAQ#how-do-i-pass-cookies-to-yt-dlp  for how to manually pass cookies. Also see  https://github.com/yt-dlp/yt-dlp/wiki/Extractors#exporting-youtube-cookies  for tips on effectively exporting YouTube cookies,False
,NBC Sports,,youtube,sports,6.84,,The Minions interrupt Caeleb Dressel's Olympic training | NBC Sports,https://www.youtube.com/watch?v=su2YvRYHRm8,su2YvRYHRm8,ERROR: [youtube] su2YvRYHRm8: Sign in to confirm you’re not a bot. Use --cookies-from-browser or --cookies for the authentication. See  https://github.com/yt-dlp/yt-dlp/wiki/FAQ#how-do-i-pass-cookies-to-yt-dlp  for how to manually pass cookies. Also see  https://github.com/yt-dlp/yt-dlp/wiki/Extractors#exporting-youtube-cookies  for tips on effectively exporting YouTube cookies,False
,Highlight Reel,,youtube,sports,6.64,,"Smartest ""1000 IQ Plays"" in Sports History",https://www.youtube.com/watch?v=0n29H1x5o0A,0n29H1x5o0A,ERROR: [youtube] 0n29H1x5o0A: Sign in to confirm you’re not a bot. Use --cookies-from-browser or --cookies for the authentication. See  https://github.com/yt-dlp/yt-dlp/wiki/FAQ#how-do-i-pass-cookies-to-yt-dlp  for how to manually pass cookies. Also see  https://github.com/yt-dlp/yt-dlp/wiki/Extractors#exporting-youtube-cookies  for tips on effectively exporting YouTube cookies,False
,EA SPORTS FC,,youtube,sports,6.45,,EA SPORTS FC™ 27 | Official Launch Trailer,https://www.youtube.com/watch?v=zEcmpr1Ssr8,zEcmpr1Ssr8,ERROR: [youtube] zEcmpr1Ssr8: Sign in to confirm you’re not a bot. Use --cookies-from-browser or --cookies for the authentication. See  https://github.com/yt-dlp/yt-dlp/wiki/FAQ#how-do-i-pass-cookies-to-yt-dlp  for how to manually pass cookies. Also see  https://github.com/yt-dlp/yt-dlp/wiki/Extractors#exporting-youtube-cookies  for tips on effectively exporting YouTube cookies,False
,REBOUND Football,,youtube,sports,6.64,,"1 in 1,000,000 Sports Moments..",https://www.youtube.com/watch?v=fF-Z1VI6iLI,fF-Z1VI6iLI,ERROR: [youtube] fF-Z1VI6iLI: Sign in to confirm you’re not a bot. Use --cookies-from-browser or --cookies for the authentication. See  https://github.com/yt-dlp/yt-dlp/wiki/FAQ#how-do-i-pass-cookies-to-yt-dlp  for how to manually pass cookies. Also see  https://github.com/yt-dlp/yt-dlp/wiki/Extractors#exporting-youtube-cookies  for tips on effectively exporting YouTube cookies,False
,talkSPORT,,youtube,sports,6.57,,🚨The Sports Bar LIVE on talkSPORT | 17-Sep-26,https://www.youtube.com/watch?v=Ke-awHkwhfE,Ke-awHkwhfE,ERROR: [youtube] Ke-awHkwhfE: Sign in to confirm you’re not a bot. Use --cookies-from-browser or --cookies for the authentication. See  https://github.com/yt-dlp/yt-dlp/wiki/FAQ#how-do-i-pass-cookies-to-yt-dlp  for how to manually pass cookies. Also see  https://github.com/yt-dlp/yt-dlp/wiki/Extractors#exporting-youtube-cookies  for tips on effectively exporting YouTube cookies,False
,LastWeekTonight,,youtube,sports,6.63,,Sports Betting: Last Week Tonight with John Oliver (HBO),https://www.youtube.com/watch?v=Pxvfy4qQRog,Pxvfy4qQRog,ERROR: [youtube] Pxvfy4qQRog: Sign in to confirm you’re not a bot. Use --cookies-from-browser or --cookies for the authentication. See  https://github.com/yt-dlp/yt-dlp/wiki/FAQ#how-do-i-pass-cookies-to-yt-dlp  for how to manually pass cookies. Also see  https://github.com/yt-dlp/yt-dlp/wiki/Extractors#exporting-youtube-cookies  for tips on effectively exporting YouTube cookies,False
,Sky Sports Premier League,,youtube,sports,7.02,,Jamie Carragher and Thierry Henry analyse Bradley Barcola's move to Liverpool,https://www.youtube.com/watch?v=ITyOdqaXpvE,ITyOdqaXpvE,ERROR: [youtube] ITyOdqaXpvE: Sign in to confirm you’re not a bot. Use --cookies-from-browser or --cookies for the authentication. See  https://github.com/yt-dlp/yt-dlp/wiki/FAQ#how-do-i-pass-cookies-to-yt-dlp  for how to manually pass cookies. Also see  https://github.com/yt-dlp/yt-dlp/wiki/Extractors#exporting-youtube-cookies  for tips on effectively exporting YouTube cookies,False
,Premier Sports,,youtube,sports,6.82,,HIGHLIGHTS | Rangers 3-0 Celtic | Dan Neil double drives hosts to decisive derby win at Ibrox,https://www.youtube.com/watch?v=rIwLEyPkUpA,rIwLEyPkUpA,ERROR: [youtube] rIwLEyPkUpA: Sign in to confirm you’re not a bot. Use --cookies-from-browser or --cookies for the authentication. See  https://github.com/yt-dlp/yt-dlp/wiki/FAQ#how-do-i-pass-cookies-to-yt-dlp  for how to manually pass cookies. Also see  https://github.com/yt-dlp/yt-dlp/wiki/Extractors#exporting-youtube-cookies  for tips on effectively exporting YouTube cookies,False
,Dude Perfect,,youtube,sports,7.14,,All Sports Golf Battle 4,https://www.youtube.com/watch?v=luR70V5gdS0,luR70V5gdS0,ERROR: [youtube] luR70V5gdS0: Sign in to confirm you’re not a bot. Use --cookies-from-browser or --cookies for the authentication. See  https://github.com/yt-dlp/yt-dlp/wiki/FAQ#how-do-i-pass-cookies-to-yt-dlp  for how to manually pass cookies. Also see  https://github.com/yt-dlp/yt-dlp/wiki/Extractors#exporting-youtube-cookies  for tips on effectively exporting YouTube cookies,False
,CBS Sports,,youtube,sports,7.56,,Boise State vs Oregon LIVE | Huge Week 1 SHOWDOWN | Pregame Show + PICKS & PREDICTIONS ✅,https://www.youtube.com/watch?v=K3A1-bqja-8,K3A1-bqja-8,ERROR: [youtube] K3A1-bqja-8: Sign in to confirm you’re not a bot. Use --cookies-from-browser or --cookies for the authentication. See  https://github.com/yt-dlp/yt-dlp/wiki/FAQ#how-do-i-pass-cookies-to-yt-dlp  for how to manually pass cookies. Also see  https://github.com/yt-dlp/yt-dlp/wiki/Extractors#exporting-youtube-cookies  for tips on effectively exporting YouTube cookies,False
,Highlight Reel,,youtube,sports,6.97,,"Craziest ""Thinking outside the Box"" Moments in Sports History",https://www.youtube.com/watch?v=szlhtejAMyM,szlhtejAMyM,ERROR: [youtube] szlhtejAMyM: Sign in to confirm you’re not a bot. Use --cookies-from-browser or --cookies for the authentication. See  https://github.com/yt-dlp/yt-dlp/wiki/FAQ#how-do-i-pass-cookies-to-yt-dlp  for how to manually pass cookies. Also see  https://github.com/yt-dlp/yt-dlp/wiki/Extractors#exporting-youtube-cookies  for tips on effectively exporting YouTube cookies,False
,CBS Sports,,youtube,sports,7.62,,"Biggest Winners & Losers from NFL Week 1 | Caleb Williams Shines, Cardinals Upset Chargers & MORE",https://www.youtube.com/watch?v=FK3anP1taXg,FK3anP1taXg,ERROR: [youtube] FK3anP1taXg: Sign in to confirm you’re not a bot. Use --cookies-from-browser or --cookies for the authentication. See  https://github.com/yt-dlp/yt-dlp/wiki/FAQ#how-do-i-pass-cookies-to-yt-dlp  for how to manually pass cookies. Also see  https://github.com/yt-dlp/yt-dlp/wiki/Extractors#exporting-youtube-cookies  for tips on effectively exporting YouTube cookies,False
,Peak Highlights,,youtube,sports,7.45,,"The Craziest Sports ""Game Winners"" Of All-Time",https://www.youtube.com/watch?v=1bbDJgY4dQM,1bbDJgY4dQM,ERROR: [youtube] 1bbDJgY4dQM: Sign in to confirm you’re not a bot. Use --cookies-from-browser or --cookies for the authentication. See  https://github.com/yt-dlp/yt-dlp/wiki/FAQ#how-do-i-pass-cookies-to-yt-dlp  for how to manually pass cookies. Also see  https://github.com/yt-dlp/yt-dlp/wiki/Extractors#exporting-youtube-cookies  for tips on effectively exporting YouTube cookies,False
,Chelsea Football Club,,youtube,sports,6.91,,Chelsea 4-3 Brighton | HIGHLIGHTS | Premier League 2026/27,https://www.youtube.com/watch?v=1QvHaCXnIWg,1QvHaCXnIWg,ERROR: [youtube] 1QvHaCXnIWg: Sign in to confirm you’re not a bot. Use --cookies-from-browser or --cookies for the authentication. See  https://github.com/yt-dlp/yt-dlp/wiki/FAQ#how-do-i-pass-cookies-to-yt-dlp  for how to manually pass cookies. Also see  https://github.com/yt-dlp/yt-dlp/wiki/Extractors#exporting-youtube-cookies  for tips on effectively exporting YouTube cookies,False
,Sky Sports News,,youtube,sports,6.84,,"""Arsenal might believe their own hype"" | What went wrong for Arsenal as Brighton dominate champions?",https://www.youtube.com/watch?v=RrfEbBpW880,RrfEbBpW880,ERROR: [youtube] RrfEbBpW880: Sign in to confirm you’re not a bot. Use --cookies-from-browser or --cookies for the authentication. See  https://github.com/yt-dlp/yt-dlp/wiki/FAQ#how-do-i-pass-cookies-to-yt-dlp  for how to manually pass cookies. Also see  https://github.com/yt-dlp/yt-dlp/wiki/Extractors#exporting-youtube-cookies  for tips on effectively exporting YouTube cookies,False
,Blippi - Educational Videos for Kids,,youtube,sports,6.89,,Learning Sports For Kids With Blippi | Educational Videos For Kids,https://www.youtube.com/watch?v=YptT5-atd9s,YptT5-atd9s,ERROR: [youtube] YptT5-atd9s: This video is not available,False
,FC Barcelona,,youtube,sports,6.96,,FC BARCELONA 2 vs 0 ATHLETIC CLUB | LALIGA 2026/27 MD01 🔵🔴,https://www.youtube.com/watch?v=EufrVkKKCwE,EufrVkKKCwE,ERROR: [youtube] EufrVkKKCwE: Sign in to confirm you’re not a bot. Use --cookies-from-browser or --cookies for the authentication. See  https://github.com/yt-dlp/yt-dlp/wiki/FAQ#how-do-i-pass-cookies-to-yt-dlp  for how to manually pass cookies. Also see  https://github.com/yt-dlp/yt-dlp/wiki/Extractors#exporting-youtube-cookies  for tips on effectively exporting YouTube cookies,False
,That's Amazing 2,,youtube,sports,6.45,,"SPORTS, But With The WRONG Ball",https://www.youtube.com/watch?v=f7CEIxr_Wd8,f7CEIxr_Wd8,ERROR: [youtube] f7CEIxr_Wd8: Sign in to confirm you’re not a bot. Use --cookies-from-browser or --cookies for the authentication. See  https://github.com/yt-dlp/yt-dlp/wiki/FAQ#how-do-i-pass-cookies-to-yt-dlp  for how to manually pass cookies. Also see  https://github.com/yt-dlp/yt-dlp/wiki/Extractors#exporting-youtube-cookies  for tips on effectively exporting YouTube cookies,False
,Sports,,youtube,sports,7.24,,Sports - You Are The Right One (Official Music Video),https://www.youtube.com/watch?v=Y_hdQXQfsNg,Y_hdQXQfsNg,ERROR: [youtube] Y_hdQXQfsNg: Sign in to confirm you’re not a bot. Use --cookies-from-browser or --cookies for the authentication. See  https://github.com/yt-dlp/yt-dlp/wiki/FAQ#how-do-i-pass-cookies-to-yt-dlp  for how to manually pass cookies. Also see  https://github.com/yt-dlp/yt-dlp/wiki/Extractors#exporting-youtube-cookies  for tips on effectively exporting YouTube cookies,False
,Dude Perfect,,youtube,sports,7.0,,All Sports Golf with Bryson DeChambeau,https://www.youtube.com/watch?v=heIKaaamvdc,heIKaaamvdc,ERROR: [youtube] heIKaaamvdc: Sign in to confirm you’re not a bot. Use --cookies-from-browser or --cookies for the authentication. See  https://github.com/yt-dlp/yt-dlp/wiki/FAQ#how-do-i-pass-cookies-to-yt-dlp  for how to manually pass cookies. Also see  https://github.com/yt-dlp/yt-dlp/wiki/Extractors#exporting-youtube-cookies  for tips on effectively exporting YouTube cookies,False
,Beach Bunny,,youtube,sports,7.09,,Beach Bunny - Sports (Official Audio),https://www.youtube.com/watch?v=szeXkBYq5HU,szeXkBYq5HU,ERROR: [youtube] szeXkBYq5HU: Sign in to confirm you’re not a bot. Use --cookies-from-browser or --cookies for the authentication. See  https://github.com/yt-dlp/yt-dlp/wiki/FAQ#how-do-i-pass-cookies-to-yt-dlp  for how to manually pass cookies. Also see  https://github.com/yt-dlp/yt-dlp/wiki/Extractors#exporting-youtube-cookies  for tips on effectively exporting YouTube cookies,False
,NBC Sports,,youtube,sports,6.79,,Kentucky Derby 2026 (FULL RACE) | NBC Sports,https://www.youtube.com/watch?v=JUPIScW1umY,JUPIScW1umY,ERROR: [youtube] JUPIScW1umY: Sign in to confirm you’re not a bot. Use --cookies-from-browser or --cookies for the authentication. See  https://github.com/yt-dlp/yt-dlp/wiki/FAQ#how-do-i-pass-cookies-to-yt-dlp  for how to manually pass cookies. Also see  https://github.com/yt-dlp/yt-dlp/wiki/Extractors#exporting-youtube-cookies  for tips on effectively exporting YouTube cookies,False
,Wave of Trend,,youtube,sports,6.07,,1 IN A MILLION MOMENTS IN SPORTS HISTORY,https://www.youtube.com/watch?v=vIRZfVOwKkE,vIRZfVOwKkE,ERROR: [youtube] vIRZfVOwKkE: Sign in to confirm you’re not a bot. Use --cookies-from-browser or --cookies for the authentication. See  https://github.com/yt-dlp/yt-dlp/wiki/FAQ#how-do-i-pass-cookies-to-yt-dlp  for how to manually pass cookies. Also see  https://github.com/yt-dlp/yt-dlp/wiki/Extractors#exporting-youtube-cookies  for tips on effectively exporting YouTube cookies,False
,Dude Perfect,,youtube,sports,6.15,,All Sports Golf Battle | Dude Perfect,https://www.youtube.com/watch?v=_lyAEL4Wqao,_lyAEL4Wqao,ERROR: [youtube] _lyAEL4Wqao: Sign in to confirm you’re not a bot. Use --cookies-from-browser or --cookies for the authentication. See  https://github.com/yt-dlp/yt-dlp/wiki/FAQ#how-do-i-pass-cookies-to-yt-dlp  for how to manually pass cookies. Also see  https://github.com/yt-dlp/yt-dlp/wiki/Extractors#exporting-youtube-cookies  for tips on effectively exporting YouTube cookies,False
,Arizona Sports,,youtube,sports,6.73,,"Arizona Sports LIVE | Sept. 14, 2026",https://www.youtube.com/watch?v=LC7B9rv0bIQ,LC7B9rv0bIQ,ERROR: [youtube] LC7B9rv0bIQ: Sign in to confirm you’re not a bot. Use --cookies-from-browser or --cookies for the authentication. See  https://github.com/yt-dlp/yt-dlp/wiki/FAQ#how-do-i-pass-cookies-to-yt-dlp  for how to manually pass cookies. Also see  https://github.com/yt-dlp/yt-dlp/wiki/Extractors#exporting-youtube-cookies  for tips on effectively exporting YouTube cookies,False
,viagra boys,,youtube,sports,6.24,,Sports,https://www.youtube.com/watch?v=sT2y7DFiARY,sT2y7DFiARY,ERROR: [youtube] sT2y7DFiARY: Sign in to confirm you’re not a bot. Use --cookies-from-browser or --cookies for the authentication. See  https://github.com/yt-dlp/yt-dlp/wiki/FAQ#how-do-i-pass-cookies-to-yt-dlp  for how to manually pass cookies. Also see  https://github.com/yt-dlp/yt-dlp/wiki/Extractors#exporting-youtube-cookies  for tips on effectively exporting YouTube cookies,False
,NBC News,,youtube,technology,6.35,,‘This is not a hoax’: Tech ethicist Tristan Harris warns AI takeover ‘no longer a hypothetical’,https://www.youtube.com/watch?v=ZUnYrS87hRU,ZUnYrS87hRU,ERROR: [youtube] ZUnYrS87hRU: Sign in to confirm you’re not a bot. Use --cookies-from-browser or --cookies for the authentication. See  https://github.com/yt-dlp/yt-dlp/wiki/FAQ#how-do-i-pass-cookies-to-yt-dlp  for how to manually pass cookies. Also see  https://github.com/yt-dlp/yt-dlp/wiki/Extractors#exporting-youtube-cookies  for tips on effectively exporting YouTube cookies,False
,Cybernews,,youtube,technology,6.12,,21 Coolest Tech at CES 2026,https://www.youtube.com/watch?v=83TiUbFY6fY,83TiUbFY6fY,ERROR: [youtube] 83TiUbFY6fY: Sign in to confirm you’re not a bot. Use --cookies-from-browser or --cookies for the authentication. See  https://github.com/yt-dlp/yt-dlp/wiki/FAQ#how-do-i-pass-cookies-to-yt-dlp  for how to manually pass cookies. Also see  https://github.com/yt-dlp/yt-dlp/wiki/Extractors#exporting-youtube-cookies  for tips on effectively exporting YouTube cookies,False
,Naked Science,,youtube,technology,6.55,,The REAL Technology Giving Humans Superpowers | FULL DOCUMENTARY,https://www.youtube.com/watch?v=fOPTo1C8IaE,fOPTo1C8IaE,ERROR: [youtube] fOPTo1C8IaE: Sign in to confirm you’re not a bot. Use --cookies-from-browser or --cookies for the authentication. See  https://github.com/yt-dlp/yt-dlp/wiki/FAQ#how-do-i-pass-cookies-to-yt-dlp  for how to manually pass cookies. Also see  https://github.com/yt-dlp/yt-dlp/wiki/Extractors#exporting-youtube-cookies  for tips on effectively exporting YouTube cookies,False
,GCN Tech,,youtube,technology,7.43,,Have Road Bikes Become Obsolete? | GCN Tech Show Ep. 456,https://www.youtube.com/watch?v=DohhihiOKsk,DohhihiOKsk,ERROR: [youtube] DohhihiOKsk: Sign in to confirm you’re not a bot. Use --cookies-from-browser or --cookies for the authentication. See  https://github.com/yt-dlp/yt-dlp/wiki/FAQ#how-do-i-pass-cookies-to-yt-dlp  for how to manually pass cookies. Also see  https://github.com/yt-dlp/yt-dlp/wiki/Extractors#exporting-youtube-cookies  for tips on effectively exporting YouTube cookies,False
,Cybernews and Wareable,,youtube,technology,6.63,,25 Coolest Tech at IFA 2026,https://www.youtube.com/watch?v=pAMD7gtE33s,pAMD7gtE33s,ERROR: [youtube] pAMD7gtE33s: Sign in to confirm you’re not a bot. Use --cookies-from-browser or --cookies for the authentication. See  https://github.com/yt-dlp/yt-dlp/wiki/FAQ#how-do-i-pass-cookies-to-yt-dlp  for how to manually pass cookies. Also see  https://github.com/yt-dlp/yt-dlp/wiki/Extractors#exporting-youtube-cookies  for tips on effectively exporting YouTube cookies,False
,60 Minutes,,youtube,technology,7.11,,Future Technology | 60 Minutes Marathon,https://www.youtube.com/watch?v=wrJsExM8D-o,wrJsExM8D-o,ERROR: [youtube] wrJsExM8D-o: Sign in to confirm you’re not a bot. Use --cookies-from-browser or --cookies for the authentication. See  https://github.com/yt-dlp/yt-dlp/wiki/FAQ#how-do-i-pass-cookies-to-yt-dlp  for how to manually pass cookies. Also see  https://github.com/yt-dlp/yt-dlp/wiki/Extractors#exporting-youtube-cookies  for tips on effectively exporting YouTube cookies,False
,Technology Connections,,youtube,technology,7.34,,My water heater is cooler than yours,https://www.youtube.com/watch?v=F_7B2shTPPU,F_7B2shTPPU,ERROR: [youtube] F_7B2shTPPU: Sign in to confirm you’re not a bot. Use --cookies-from-browser or --cookies for the authentication. See  https://github.com/yt-dlp/yt-dlp/wiki/FAQ#how-do-i-pass-cookies-to-yt-dlp  for how to manually pass cookies. Also see  https://github.com/yt-dlp/yt-dlp/wiki/Extractors#exporting-youtube-cookies  for tips on effectively exporting YouTube cookies,False
,BBC World Service,,youtube,technology,7.3,,"DeepSeek, TikTok, Temu: How China is taking the lead in tech - BBC World Service",https://www.youtube.com/watch?v=z7do1hhb6fE,z7do1hhb6fE,ERROR: [youtube] z7do1hhb6fE: Sign in to confirm you’re not a bot. Use --cookies-from-browser or --cookies for the authentication. See  https://github.com/yt-dlp/yt-dlp/wiki/FAQ#how-do-i-pass-cookies-to-yt-dlp  for how to manually pass cookies. Also see  https://github.com/yt-dlp/yt-dlp/wiki/Extractors#exporting-youtube-cookies  for tips on effectively exporting YouTube cookies,False
,Milow,,youtube,technology,7.28,,Milow - Ayo Technology (Official Music Video HD),https://www.youtube.com/watch?v=CnbqAm68Qss,CnbqAm68Qss,ERROR: [youtube] CnbqAm68Qss: Sign in to confirm you’re not a bot. Use --cookies-from-browser or --cookies for the authentication. See  https://github.com/yt-dlp/yt-dlp/wiki/FAQ#how-do-i-pass-cookies-to-yt-dlp  for how to manually pass cookies. Also see  https://github.com/yt-dlp/yt-dlp/wiki/Extractors#exporting-youtube-cookies  for tips on effectively exporting YouTube cookies,False
,Đức Quân Computer,,youtube,technology,7.4,,Hi-Tech Intro,https://www.youtube.com/watch?v=pQpFebyALV0,pQpFebyALV0,ERROR: [youtube] pQpFebyALV0: Sign in to confirm you’re not a bot. Use --cookies-from-browser or --cookies for the authentication. See  https://github.com/yt-dlp/yt-dlp/wiki/FAQ#how-do-i-pass-cookies-to-yt-dlp  for how to manually pass cookies. Also see  https://github.com/yt-dlp/yt-dlp/wiki/Extractors#exporting-youtube-cookies  for tips on effectively exporting YouTube cookies,False
,Fox Business,618,youtube,technology,8.46,Why US should be the 'LEADER' in the next 'world-changing technology',Why US should be the 'LEADER' in the next 'world-changing technology',https://www.youtube.com/watch?v=i1VGsgQjIO4,i1VGsgQjIO4,,True
,Nano Records,,youtube,technology,7.37,,Technology @ Ozora 2025,https://www.youtube.com/watch?v=PgVQYTIV_nY,PgVQYTIV_nY,ERROR: [youtube] PgVQYTIV_nY: Sign in to confirm you’re not a bot. Use --cookies-from-browser or --cookies for the authentication. See  https://github.com/yt-dlp/yt-dlp/wiki/FAQ#how-do-i-pass-cookies-to-yt-dlp  for how to manually pass cookies. Also see  https://github.com/yt-dlp/yt-dlp/wiki/Extractors#exporting-youtube-cookies  for tips on effectively exporting YouTube cookies,False
,How Business Worked and How Money Works,,youtube,technology,7.1,,Has Any Other New Technology Ever Been THIS Unpopular?,https://www.youtube.com/watch?v=xEL3hn55gh8,xEL3hn55gh8,ERROR: [youtube] xEL3hn55gh8: Sign in to confirm you’re not a bot. Use --cookies-from-browser or --cookies for the authentication. See  https://github.com/yt-dlp/yt-dlp/wiki/FAQ#how-do-i-pass-cookies-to-yt-dlp  for how to manually pass cookies. Also see  https://github.com/yt-dlp/yt-dlp/wiki/Extractors#exporting-youtube-cookies  for tips on effectively exporting YouTube cookies,False
,Veritasium,,youtube,technology,7.14,,The Closest Thing We Have to Alien Technology,https://www.youtube.com/watch?v=MiUHjLxm3V0,MiUHjLxm3V0,ERROR: [youtube] MiUHjLxm3V0: Sign in to confirm you’re not a bot. Use --cookies-from-browser or --cookies for the authentication. See  https://github.com/yt-dlp/yt-dlp/wiki/FAQ#how-do-i-pass-cookies-to-yt-dlp  for how to manually pass cookies. Also see  https://github.com/yt-dlp/yt-dlp/wiki/Extractors#exporting-youtube-cookies  for tips on effectively exporting YouTube cookies,False
,99Techspot,,youtube,technology,7.05,,15 Technologies That Will Change The World,https://www.youtube.com/watch?v=KBIXQ-jG9wQ,KBIXQ-jG9wQ,ERROR: [youtube] KBIXQ-jG9wQ: Sign in to confirm you’re not a bot. Use --cookies-from-browser or --cookies for the authentication. See  https://github.com/yt-dlp/yt-dlp/wiki/FAQ#how-do-i-pass-cookies-to-yt-dlp  for how to manually pass cookies. Also see  https://github.com/yt-dlp/yt-dlp/wiki/Extractors#exporting-youtube-cookies  for tips on effectively exporting YouTube cookies,False
,UrAvgConsumer,,youtube,technology,7.73,,Awesome Back to School Tech 2026! (Baller Edition),https://www.youtube.com/watch?v=GzPjJxXr5wg,GzPjJxXr5wg,ERROR: [youtube] GzPjJxXr5wg: Sign in to confirm you’re not a bot. Use --cookies-from-browser or --cookies for the authentication. See  https://github.com/yt-dlp/yt-dlp/wiki/FAQ#how-do-i-pass-cookies-to-yt-dlp  for how to manually pass cookies. Also see  https://github.com/yt-dlp/yt-dlp/wiki/Extractors#exporting-youtube-cookies  for tips on effectively exporting YouTube cookies,False
,Mrwhosetheboss,,youtube,technology,7.86,,"I spent $12,000 on the THINNEST Tech",https://www.youtube.com/watch?v=VTLnDqjfRZQ,VTLnDqjfRZQ,ERROR: [youtube] VTLnDqjfRZQ: Sign in to confirm you’re not a bot. Use --cookies-from-browser or --cookies for the authentication. See  https://github.com/yt-dlp/yt-dlp/wiki/FAQ#how-do-i-pass-cookies-to-yt-dlp  for how to manually pass cookies. Also see  https://github.com/yt-dlp/yt-dlp/wiki/Extractors#exporting-youtube-cookies  for tips on effectively exporting YouTube cookies,False
,AI Uncovered,,youtube,technology,7.58,,Top 17 New Technology Trends That Will Define 2026,https://www.youtube.com/watch?v=Otim2mDjsYM,Otim2mDjsYM,ERROR: [youtube] Otim2mDjsYM: Sign in to confirm you’re not a bot. Use --cookies-from-browser or --cookies for the authentication. See  https://github.com/yt-dlp/yt-dlp/wiki/FAQ#how-do-i-pass-cookies-to-yt-dlp  for how to manually pass cookies. Also see  https://github.com/yt-dlp/yt-dlp/wiki/Extractors#exporting-youtube-cookies  for tips on effectively exporting YouTube cookies,False
,MrBeast,,youtube,technology,7.44,,"$1 vs $1,000,000,000 Futuristic Tech!",https://www.youtube.com/watch?v=pAnGwRiQ4-4,pAnGwRiQ4-4,ERROR: [youtube] pAnGwRiQ4-4: Sign in to confirm you’re not a bot. Use --cookies-from-browser or --cookies for the authentication. See  https://github.com/yt-dlp/yt-dlp/wiki/FAQ#how-do-i-pass-cookies-to-yt-dlp  for how to manually pass cookies. Also see  https://github.com/yt-dlp/yt-dlp/wiki/Extractors#exporting-youtube-cookies  for tips on effectively exporting YouTube cookies,False
,Mrwhosetheboss,,youtube,technology,7.27,,I bought the most FUTURISTIC Tech in the World,https://www.youtube.com/watch?v=b0HfmY64eSE,b0HfmY64eSE,ERROR: [youtube] b0HfmY64eSE: Sign in to confirm you’re not a bot. Use --cookies-from-browser or --cookies for the authentication. See  https://github.com/yt-dlp/yt-dlp/wiki/FAQ#how-do-i-pass-cookies-to-yt-dlp  for how to manually pass cookies. Also see  https://github.com/yt-dlp/yt-dlp/wiki/Extractors#exporting-youtube-cookies  for tips on effectively exporting YouTube cookies,False
,CFB ON FOX,,youtube,technology,6.37,,Virginia Tech Hokies vs Maryland Terrapins Highlights 🏈 FOX College Football,https://www.youtube.com/watch?v=E6xVdUx_MEk,E6xVdUx_MEk,ERROR: [youtube] E6xVdUx_MEk: Sign in to confirm you’re not a bot. Use --cookies-from-browser or --cookies for the authentication. See  https://github.com/yt-dlp/yt-dlp/wiki/FAQ#how-do-i-pass-cookies-to-yt-dlp  for how to manually pass cookies. Also see  https://github.com/yt-dlp/yt-dlp/wiki/Extractors#exporting-youtube-cookies  for tips on effectively exporting YouTube cookies,False
,Mrwhosetheboss and Marques Brownlee,,youtube,technology,6.7,,How Tech Companies Lie to You.,https://www.youtube.com/watch?v=JstGCPsj9wg,JstGCPsj9wg,ERROR: [youtube] JstGCPsj9wg: Sign in to confirm you’re not a bot. Use --cookies-from-browser or --cookies for the authentication. See  https://github.com/yt-dlp/yt-dlp/wiki/FAQ#how-do-i-pass-cookies-to-yt-dlp  for how to manually pass cookies. Also see  https://github.com/yt-dlp/yt-dlp/wiki/Extractors#exporting-youtube-cookies  for tips on effectively exporting YouTube cookies,False
,Firstpost,,youtube,technology,6.94,,AI Giants Hit Sudden Brakes: What Are Tech Leaders Not Telling Us? | Vantage on Firstpost | 4K,https://www.youtube.com/watch?v=hSFp49_n2JQ,hSFp49_n2JQ,ERROR: [youtube] hSFp49_n2JQ: Sign in to confirm you’re not a bot. Use --cookies-from-browser or --cookies for the authentication. See  https://github.com/yt-dlp/yt-dlp/wiki/FAQ#how-do-i-pass-cookies-to-yt-dlp  for how to manually pass cookies. Also see  https://github.com/yt-dlp/yt-dlp/wiki/Extractors#exporting-youtube-cookies  for tips on effectively exporting YouTube cookies,False
,Future Business Tech,,youtube,technology,7.18,,The World In 2030: Top 20 Future Technologies,https://www.youtube.com/watch?v=kE-IJLXd4ZI,kE-IJLXd4ZI,ERROR: [youtube] kE-IJLXd4ZI: Sign in to confirm you’re not a bot. Use --cookies-from-browser or --cookies for the authentication. See  https://github.com/yt-dlp/yt-dlp/wiki/FAQ#how-do-i-pass-cookies-to-yt-dlp  for how to manually pass cookies. Also see  https://github.com/yt-dlp/yt-dlp/wiki/Extractors#exporting-youtube-cookies  for tips on effectively exporting YouTube cookies,False
,Barrett,,youtube,technology,6.94,,China’s Tech Innovation Is Moving Faster Than Anyone Realizes,https://www.youtube.com/watch?v=rVHQRGw9zpQ,rVHQRGw9zpQ,ERROR: [youtube] rVHQRGw9zpQ: Sign in to confirm you’re not a bot. Use --cookies-from-browser or --cookies for the authentication. See  https://github.com/yt-dlp/yt-dlp/wiki/FAQ#how-do-i-pass-cookies-to-yt-dlp  for how to manually pass cookies. Also see  https://github.com/yt-dlp/yt-dlp/wiki/Extractors#exporting-youtube-cookies  for tips on effectively exporting YouTube cookies,False
,Lifeder,,youtube,technology,6.89,,CHINESE FUTURISTIC ENGINEERING: The most amazing wonders,https://www.youtube.com/watch?v=e0gzOU6O-jI,e0gzOU6O-jI,ERROR: [youtube] e0gzOU6O-jI: Sign in to confirm you’re not a bot. Use --cookies-from-browser or --cookies for the authentication. See  https://github.com/yt-dlp/yt-dlp/wiki/FAQ#how-do-i-pass-cookies-to-yt-dlp  for how to manually pass cookies. Also see  https://github.com/yt-dlp/yt-dlp/wiki/Extractors#exporting-youtube-cookies  for tips on effectively exporting YouTube cookies,False
,Mrwhosetheboss,,youtube,technology,6.99,,I bought the LAZIEST Tech ever.,https://www.youtube.com/watch?v=lo4bA4p3MBQ,lo4bA4p3MBQ,ERROR: [youtube] lo4bA4p3MBQ: Sign in to confirm you’re not a bot. Use --cookies-from-browser or --cookies for the authentication. See  https://github.com/yt-dlp/yt-dlp/wiki/FAQ#how-do-i-pass-cookies-to-yt-dlp  for how to manually pass cookies. Also see  https://github.com/yt-dlp/yt-dlp/wiki/Extractors#exporting-youtube-cookies  for tips on effectively exporting YouTube cookies,False
,HISTORY,,youtube,technology,7.02,,Groundbreaking & Unexplainable Technology | Ancient Aliens | History,https://www.youtube.com/watch?v=JEAWOWJ6-WQ,JEAWOWJ6-WQ,ERROR: [youtube] JEAWOWJ6-WQ: Sign in to confirm you’re not a bot. Use --cookies-from-browser or --cookies for the authentication. See  https://github.com/yt-dlp/yt-dlp/wiki/FAQ#how-do-i-pass-cookies-to-yt-dlp  for how to manually pass cookies. Also see  https://github.com/yt-dlp/yt-dlp/wiki/Extractors#exporting-youtube-cookies  for tips on effectively exporting YouTube cookies,False
,Radial by The Orchard,,youtube,technology,7.29,,Milow - Ayo Technology (Official Music Video),https://www.youtube.com/watch?v=DE9IchvpOPk,DE9IchvpOPk,ERROR: [youtube] DE9IchvpOPk: Sign in to confirm you’re not a bot. Use --cookies-from-browser or --cookies for the authentication. See  https://github.com/yt-dlp/yt-dlp/wiki/FAQ#how-do-i-pass-cookies-to-yt-dlp  for how to manually pass cookies. Also see  https://github.com/yt-dlp/yt-dlp/wiki/Extractors#exporting-youtube-cookies  for tips on effectively exporting YouTube cookies,False
,Technology Connections,,youtube,technology,7.32,,Nobody understands the point of hybrid cars,https://www.youtube.com/watch?v=KnUFH5GX_fI,KnUFH5GX_fI,ERROR: [youtube] KnUFH5GX_fI: Sign in to confirm you’re not a bot. Use --cookies-from-browser or --cookies for the authentication. See  https://github.com/yt-dlp/yt-dlp/wiki/FAQ#how-do-i-pass-cookies-to-yt-dlp  for how to manually pass cookies. Also see  https://github.com/yt-dlp/yt-dlp/wiki/Extractors#exporting-youtube-cookies  for tips on effectively exporting YouTube cookies,False
, Titan Tech,,youtube,technology,7.27,,Mind-blowing Machines Operating At An Insane Level | The Most Satisfying Factory Tech! #39,https://www.youtube.com/watch?v=Q2WGZRAMz1k,Q2WGZRAMz1k,ERROR: [youtube] Q2WGZRAMz1k: Sign in to confirm you’re not a bot. Use --cookies-from-browser or --cookies for the authentication. See  https://github.com/yt-dlp/yt-dlp/wiki/FAQ#how-do-i-pass-cookies-to-yt-dlp  for how to manually pass cookies. Also see  https://github.com/yt-dlp/yt-dlp/wiki/Extractors#exporting-youtube-cookies  for tips on effectively exporting YouTube cookies,False
,Luke's English Podcast,,youtube,technology,7.29,,Technology in Everyday Life (Part 1) 👨‍💻 The Choices We Make / Topic Discussion & Vocabulary [946],https://www.youtube.com/watch?v=jUHm8xz3Qto,jUHm8xz3Qto,ERROR: [youtube] jUHm8xz3Qto: Sign in to confirm you’re not a bot. Use --cookies-from-browser or --cookies for the authentication. See  https://github.com/yt-dlp/yt-dlp/wiki/FAQ#how-do-i-pass-cookies-to-yt-dlp  for how to manually pass cookies. Also see  https://github.com/yt-dlp/yt-dlp/wiki/Extractors#exporting-youtube-cookies  for tips on effectively exporting YouTube cookies,False
,Future Business Tech,,youtube,technology,7.33,,The World In 2030: Top 20 AI Technologies,https://www.youtube.com/watch?v=IGtL8pwvUhQ,IGtL8pwvUhQ,ERROR: [youtube] IGtL8pwvUhQ: Sign in to confirm you’re not a bot. Use --cookies-from-browser or --cookies for the authentication. See  https://github.com/yt-dlp/yt-dlp/wiki/FAQ#how-do-i-pass-cookies-to-yt-dlp  for how to manually pass cookies. Also see  https://github.com/yt-dlp/yt-dlp/wiki/Extractors#exporting-youtube-cookies  for tips on effectively exporting YouTube cookies,False
,Universe Inside You,,youtube,technology,7.26,,Pre-Egyptian Machine-Made Artifacts: Advanced Technology,https://www.youtube.com/watch?v=g8HoKHbW8NI,g8HoKHbW8NI,ERROR: [youtube] g8HoKHbW8NI: Sign in to confirm you’re not a bot. Use --cookies-from-browser or --cookies for the authentication. See  https://github.com/yt-dlp/yt-dlp/wiki/FAQ#how-do-i-pass-cookies-to-yt-dlp  for how to manually pass cookies. Also see  https://github.com/yt-dlp/yt-dlp/wiki/Extractors#exporting-youtube-cookies  for tips on effectively exporting YouTube cookies,False
,TechTrends,,youtube,technology,7.54,,NEW Inventions of 2026 You Must See to Believe,https://www.youtube.com/watch?v=GyJAdLtVxn8,GyJAdLtVxn8,ERROR: [youtube] GyJAdLtVxn8: Sign in to confirm you’re not a bot. Use --cookies-from-browser or --cookies for the authentication. See  https://github.com/yt-dlp/yt-dlp/wiki/FAQ#how-do-i-pass-cookies-to-yt-dlp  for how to manually pass cookies. Also see  https://github.com/yt-dlp/yt-dlp/wiki/Extractors#exporting-youtube-cookies  for tips on effectively exporting YouTube cookies,False
,Future Business Tech,,youtube,technology,7.38,,The World In 2035: Top 20 Future Technologies,https://www.youtube.com/watch?v=xvCSDpnL4H0,xvCSDpnL4H0,ERROR: [youtube] xvCSDpnL4H0: Sign in to confirm you’re not a bot. Use --cookies-from-browser or --cookies for the authentication. See  https://github.com/yt-dlp/yt-dlp/wiki/FAQ#how-do-i-pass-cookies-to-yt-dlp  for how to manually pass cookies. Also see  https://github.com/yt-dlp/yt-dlp/wiki/Extractors#exporting-youtube-cookies  for tips on effectively exporting YouTube cookies,False
,TECH HUB ,,youtube,technology,7.07,,50 Amazing Inventions You Should See | Best Compilation,https://www.youtube.com/watch?v=Iy_XQ5q3r-Q,Iy_XQ5q3r-Q,ERROR: [youtube] Iy_XQ5q3r-Q: Sign in to confirm you’re not a bot. Use --cookies-from-browser or --cookies for the authentication. See  https://github.com/yt-dlp/yt-dlp/wiki/FAQ#how-do-i-pass-cookies-to-yt-dlp  for how to manually pass cookies. Also see  https://github.com/yt-dlp/yt-dlp/wiki/Extractors#exporting-youtube-cookies  for tips on effectively exporting YouTube cookies,False
,Isaac Arthur,,youtube,technology,7.56,,Can a Civilization Forget How Its Own Technology Works?,https://www.youtube.com/watch?v=-qP613G1qW0,-qP613G1qW0,ERROR: [youtube] -qP613G1qW0: Sign in to confirm you’re not a bot. Use --cookies-from-browser or --cookies for the authentication. See  https://github.com/yt-dlp/yt-dlp/wiki/FAQ#how-do-i-pass-cookies-to-yt-dlp  for how to manually pass cookies. Also see  https://github.com/yt-dlp/yt-dlp/wiki/Extractors#exporting-youtube-cookies  for tips on effectively exporting YouTube cookies,False
,TechTrends,,youtube,technology,7.47,,Coolest New Technologies of 2026,https://www.youtube.com/watch?v=mTyqIsaQECY,mTyqIsaQECY,ERROR: [youtube] mTyqIsaQECY: Sign in to confirm you’re not a bot. Use --cookies-from-browser or --cookies for the authentication. See  https://github.com/yt-dlp/yt-dlp/wiki/FAQ#how-do-i-pass-cookies-to-yt-dlp  for how to manually pass cookies. Also see  https://github.com/yt-dlp/yt-dlp/wiki/Extractors#exporting-youtube-cookies  for tips on effectively exporting YouTube cookies,False
,YouFact Tech,,youtube,technology,7.79,,Coolest New Technologies of 2026,https://www.youtube.com/watch?v=fuiJ-3CdU3Q,fuiJ-3CdU3Q,ERROR: [youtube] fuiJ-3CdU3Q: Sign in to confirm you’re not a bot. Use --cookies-from-browser or --cookies for the authentication. See  https://github.com/yt-dlp/yt-dlp/wiki/FAQ#how-do-i-pass-cookies-to-yt-dlp  for how to manually pass cookies. Also see  https://github.com/yt-dlp/yt-dlp/wiki/Extractors#exporting-youtube-cookies  for tips on effectively exporting YouTube cookies,False
,Shane Starnes,,youtube,technology,6.94,,TOP Coolest Tech I Saw at IFA 2026 In Germany!,https://www.youtube.com/watch?v=7v_QU6Jllgs,7v_QU6Jllgs,ERROR: [youtube] 7v_QU6Jllgs: Sign in to confirm you’re not a bot. Use --cookies-from-browser or --cookies for the authentication. See  https://github.com/yt-dlp/yt-dlp/wiki/FAQ#how-do-i-pass-cookies-to-yt-dlp  for how to manually pass cookies. Also see  https://github.com/yt-dlp/yt-dlp/wiki/Extractors#exporting-youtube-cookies  for tips on effectively exporting YouTube cookies,False
,Switch and Click,,youtube,technology,7.26,,Big Tech Keeps Getting Worse. Here's How to Escape.,https://www.youtube.com/watch?v=g-S-cpUaPj0,g-S-cpUaPj0,ERROR: [youtube] g-S-cpUaPj0: Sign in to confirm you’re not a bot. Use --cookies-from-browser or --cookies for the authentication. See  https://github.com/yt-dlp/yt-dlp/wiki/FAQ#how-do-i-pass-cookies-to-yt-dlp  for how to manually pass cookies. Also see  https://github.com/yt-dlp/yt-dlp/wiki/Extractors#exporting-youtube-cookies  for tips on effectively exporting YouTube cookies,False
,Drew Gooden,,youtube,technology,6.66,,Technology isn't fun anymore,https://www.youtube.com/watch?v=P-TANCVoHlc,P-TANCVoHlc,ERROR: [youtube] P-TANCVoHlc: Sign in to confirm you’re not a bot. Use --cookies-from-browser or --cookies for the authentication. See  https://github.com/yt-dlp/yt-dlp/wiki/FAQ#how-do-i-pass-cookies-to-yt-dlp  for how to manually pass cookies. Also see  https://github.com/yt-dlp/yt-dlp/wiki/Extractors#exporting-youtube-cookies  for tips on effectively exporting YouTube cookies,False
,Fireship,,youtube,technology,6.91,,The unhinged world of tech in 2026...,https://www.youtube.com/watch?v=EKOU3JWDNLI,EKOU3JWDNLI,ERROR: [youtube] EKOU3JWDNLI: Sign in to confirm you’re not a bot. Use --cookies-from-browser or --cookies for the authentication. See  https://github.com/yt-dlp/yt-dlp/wiki/FAQ#how-do-i-pass-cookies-to-yt-dlp  for how to manually pass cookies. Also see  https://github.com/yt-dlp/yt-dlp/wiki/Extractors#exporting-youtube-cookies  for tips on effectively exporting YouTube cookies,False
,Technology Connections,,youtube,technology,7.1,,You are being misled about renewable energy technology.,https://www.youtube.com/watch?v=KtQ9nt2ZeGM,KtQ9nt2ZeGM,ERROR: [youtube] KtQ9nt2ZeGM: Sign in to confirm you’re not a bot. Use --cookies-from-browser or --cookies for the authentication. See  https://github.com/yt-dlp/yt-dlp/wiki/FAQ#how-do-i-pass-cookies-to-yt-dlp  for how to manually pass cookies. Also see  https://github.com/yt-dlp/yt-dlp/wiki/Extractors#exporting-youtube-cookies  for tips on effectively exporting YouTube cookies,False
,The Real G Music TV,,youtube,technology,7.44,,50 Cent - Ayo Technology (feat. Justin Timberlake & Timbaland),https://www.youtube.com/watch?v=a_5btLCRR24,a_5btLCRR24,ERROR: [youtube] a_5btLCRR24: Sign in to confirm you’re not a bot. Use --cookies-from-browser or --cookies for the authentication. See  https://github.com/yt-dlp/yt-dlp/wiki/FAQ#how-do-i-pass-cookies-to-yt-dlp  for how to manually pass cookies. Also see  https://github.com/yt-dlp/yt-dlp/wiki/Extractors#exporting-youtube-cookies  for tips on effectively exporting YouTube cookies,False
,Mrwhosetheboss,,youtube,technology,6.75,,iPhone 18 Pro Review - My Last iPhone?,https://www.youtube.com/watch?v=PjAyUhf52D0,PjAyUhf52D0,ERROR: [youtube] PjAyUhf52D0: Sign in to confirm you’re not a bot. Use --cookies-from-browser or --cookies for the authentication. See  https://github.com/yt-dlp/yt-dlp/wiki/FAQ#how-do-i-pass-cookies-to-yt-dlp  for how to manually pass cookies. Also see  https://github.com/yt-dlp/yt-dlp/wiki/Extractors#exporting-youtube-cookies  for tips on effectively exporting YouTube cookies,False
,Mrwhosetheboss,,youtube,technology,6.82,,REAL vs FAKE Tech,https://www.youtube.com/watch?v=s2OccJMWwkM,s2OccJMWwkM,ERROR: [youtube] s2OccJMWwkM: Sign in to confirm you’re not a bot. Use --cookies-from-browser or --cookies for the authentication. See  https://github.com/yt-dlp/yt-dlp/wiki/FAQ#how-do-i-pass-cookies-to-yt-dlp  for how to manually pass cookies. Also see  https://github.com/yt-dlp/yt-dlp/wiki/Extractors#exporting-youtube-cookies  for tips on effectively exporting YouTube cookies,False
,50 Cent,,youtube,technology,6.99,,50 Cent - Ayo Technology (Official Music Video) ft. Justin Timberlake,https://www.youtube.com/watch?v=5RDSkR8_AQ0,5RDSkR8_AQ0,ERROR: [youtube] 5RDSkR8_AQ0: Sign in to confirm you’re not a bot. Use --cookies-from-browser or --cookies for the authentication. See  https://github.com/yt-dlp/yt-dlp/wiki/FAQ#how-do-i-pass-cookies-to-yt-dlp  for how to manually pass cookies. Also see  https://github.com/yt-dlp/yt-dlp/wiki/Extractors#exporting-youtube-cookies  for tips on effectively exporting YouTube cookies,False
,Dr Insanity,,youtube,documentary,6.96,,Rich Mass Killer Realizes She's Been Caught 8 Years Later,https://www.youtube.com/watch?v=hALTeHQ_wh0,hALTeHQ_wh0,ERROR: [youtube] hALTeHQ_wh0: Sign in to confirm you’re not a bot. Use --cookies-from-browser or --cookies for the authentication. See  https://github.com/yt-dlp/yt-dlp/wiki/FAQ#how-do-i-pass-cookies-to-yt-dlp  for how to manually pass cookies. Also see  https://github.com/yt-dlp/yt-dlp/wiki/Extractors#exporting-youtube-cookies  for tips on effectively exporting YouTube cookies,False
,Front Row Music,,youtube,documentary,6.93,,Loretta Lynn: Still a Mountain Girl | Full Documentary,https://www.youtube.com/watch?v=-nRGJhU78yw,-nRGJhU78yw,ERROR: [youtube] -nRGJhU78yw: Sign in to confirm you’re not a bot. Use --cookies-from-browser or --cookies for the authentication. See  https://github.com/yt-dlp/yt-dlp/wiki/FAQ#how-do-i-pass-cookies-to-yt-dlp  for how to manually pass cookies. Also see  https://github.com/yt-dlp/yt-dlp/wiki/Extractors#exporting-youtube-cookies  for tips on effectively exporting YouTube cookies,False
,World Entertainment Documentaries and World Entertainment & News ,,youtube,documentary,7.31,,SAM WALKER - Left For Dead In Spain | Full Documentary ,https://www.youtube.com/watch?v=gAVy13IATVU,gAVy13IATVU,ERROR: [youtube] gAVy13IATVU: Sign in to confirm you’re not a bot. Use --cookies-from-browser or --cookies for the authentication. See  https://github.com/yt-dlp/yt-dlp/wiki/FAQ#how-do-i-pass-cookies-to-yt-dlp  for how to manually pass cookies. Also see  https://github.com/yt-dlp/yt-dlp/wiki/Extractors#exporting-youtube-cookies  for tips on effectively exporting YouTube cookies,False
,4K Nature Discover,,youtube,documentary,7.16,,The Old Lion Who Refused to Give Up His Kingdom | Wildlife Documentary,https://www.youtube.com/watch?v=0I7ExYxjWP0,0I7ExYxjWP0,ERROR: [youtube] 0I7ExYxjWP0: Sign in to confirm you’re not a bot. Use --cookies-from-browser or --cookies for the authentication. See  https://github.com/yt-dlp/yt-dlp/wiki/FAQ#how-do-i-pass-cookies-to-yt-dlp  for how to manually pass cookies. Also see  https://github.com/yt-dlp/yt-dlp/wiki/Extractors#exporting-youtube-cookies  for tips on effectively exporting YouTube cookies,False
,Top Unreal Planet 4K and Top Unreal Planet,,youtube,documentary,7.19,,IMPOSSIBLE PLACES | The Most Unbelievable Megaprojects in the World | 4K Travel Documentary,https://www.youtube.com/watch?v=rBBAuJS1Ux0,rBBAuJS1Ux0,ERROR: [youtube] rBBAuJS1Ux0: Sign in to confirm you’re not a bot. Use --cookies-from-browser or --cookies for the authentication. See  https://github.com/yt-dlp/yt-dlp/wiki/FAQ#how-do-i-pass-cookies-to-yt-dlp  for how to manually pass cookies. Also see  https://github.com/yt-dlp/yt-dlp/wiki/Extractors#exporting-youtube-cookies  for tips on effectively exporting YouTube cookies,False
,EXPLORE HORIZONS,,youtube,documentary,7.49,,Impossible Places | The Most Remote and Dangerous Homes on Earth | 4K Travel Documentary,https://www.youtube.com/watch?v=CkpFhgYKbUA,CkpFhgYKbUA,ERROR: [youtube] CkpFhgYKbUA: Sign in to confirm you’re not a bot. Use --cookies-from-browser or --cookies for the authentication. See  https://github.com/yt-dlp/yt-dlp/wiki/FAQ#how-do-i-pass-cookies-to-yt-dlp  for how to manually pass cookies. Also see  https://github.com/yt-dlp/yt-dlp/wiki/Extractors#exporting-youtube-cookies  for tips on effectively exporting YouTube cookies,False
,Free Documentary,,youtube,documentary,7.39,,Earth Untold: Java | Hidden Tales from the World's Most Crowded Island | Free Documentary,https://www.youtube.com/watch?v=yd2ovFw1N6w,yd2ovFw1N6w,ERROR: [youtube] yd2ovFw1N6w: Sign in to confirm you’re not a bot. Use --cookies-from-browser or --cookies for the authentication. See  https://github.com/yt-dlp/yt-dlp/wiki/FAQ#how-do-i-pass-cookies-to-yt-dlp  for how to manually pass cookies. Also see  https://github.com/yt-dlp/yt-dlp/wiki/Extractors#exporting-youtube-cookies  for tips on effectively exporting YouTube cookies,False
,Frank van Dam,,youtube,documentary,7.44,,7 Days In The World's Most Dangerous Country! (Afghanistan),https://www.youtube.com/watch?v=CfD1hLVNdjE,CfD1hLVNdjE,ERROR: [youtube] CfD1hLVNdjE: Sign in to confirm you’re not a bot. Use --cookies-from-browser or --cookies for the authentication. See  https://github.com/yt-dlp/yt-dlp/wiki/FAQ#how-do-i-pass-cookies-to-yt-dlp  for how to manually pass cookies. Also see  https://github.com/yt-dlp/yt-dlp/wiki/Extractors#exporting-youtube-cookies  for tips on effectively exporting YouTube cookies,False
,Witness,,youtube,documentary,7.37,,The Mafia That Rules Italy From the Shadows: Killed for Betrayal,https://www.youtube.com/watch?v=eOEiz4EcN5Q,eOEiz4EcN5Q,ERROR: [youtube] eOEiz4EcN5Q: Sign in to confirm you’re not a bot. Use --cookies-from-browser or --cookies for the authentication. See  https://github.com/yt-dlp/yt-dlp/wiki/FAQ#how-do-i-pass-cookies-to-yt-dlp  for how to manually pass cookies. Also see  https://github.com/yt-dlp/yt-dlp/wiki/Extractors#exporting-youtube-cookies  for tips on effectively exporting YouTube cookies,False
,WILD NATURE - Nature animal documentary,,youtube,documentary,7.34,,AFRICAN SAVANNA | World's Deadliest Battles for Survival (Full Episode) | Wildlife Documentary,https://www.youtube.com/watch?v=wmdaKw0FMSQ,wmdaKw0FMSQ,ERROR: [youtube] wmdaKw0FMSQ: Sign in to confirm you’re not a bot. Use --cookies-from-browser or --cookies for the authentication. See  https://github.com/yt-dlp/yt-dlp/wiki/FAQ#how-do-i-pass-cookies-to-yt-dlp  for how to manually pass cookies. Also see  https://github.com/yt-dlp/yt-dlp/wiki/Extractors#exporting-youtube-cookies  for tips on effectively exporting YouTube cookies,False
,TheDanocracy,,youtube,documentary,7.2,,North Korea Explained: The World's Strangest Country (Full Documentary),https://www.youtube.com/watch?v=5-GO4wf2cPo,5-GO4wf2cPo,ERROR: [youtube] 5-GO4wf2cPo: Sign in to confirm you’re not a bot. Use --cookies-from-browser or --cookies for the authentication. See  https://github.com/yt-dlp/yt-dlp/wiki/FAQ#how-do-i-pass-cookies-to-yt-dlp  for how to manually pass cookies. Also see  https://github.com/yt-dlp/yt-dlp/wiki/Extractors#exporting-youtube-cookies  for tips on effectively exporting YouTube cookies,False
,SunKran Travel,,youtube,documentary,7.67,,NEPAL | The Himalayan Disaster That Shook the Earth | 4K Documentary,https://www.youtube.com/watch?v=oKLiul9DUEM,oKLiul9DUEM,ERROR: [youtube] oKLiul9DUEM: Sign in to confirm you’re not a bot. Use --cookies-from-browser or --cookies for the authentication. See  https://github.com/yt-dlp/yt-dlp/wiki/FAQ#how-do-i-pass-cookies-to-yt-dlp  for how to manually pass cookies. Also see  https://github.com/yt-dlp/yt-dlp/wiki/Extractors#exporting-youtube-cookies  for tips on effectively exporting YouTube cookies,False
,Ruhi Cenet Documentaries,,youtube,documentary,7.95,,America’s Most Secretive Jewish Community: Hasidic Jews (48 Hours Inside),https://www.youtube.com/watch?v=l6UtZ-u9CyM,l6UtZ-u9CyM,ERROR: [youtube] l6UtZ-u9CyM: Sign in to confirm you’re not a bot. Use --cookies-from-browser or --cookies for the authentication. See  https://github.com/yt-dlp/yt-dlp/wiki/FAQ#how-do-i-pass-cookies-to-yt-dlp  for how to manually pass cookies. Also see  https://github.com/yt-dlp/yt-dlp/wiki/Extractors#exporting-youtube-cookies  for tips on effectively exporting YouTube cookies,False
,Discover Wildlife,,youtube,documentary,6.69,,EXPLORE ALASKA | The Harshest Frozen Wilderness on Earth | Nature Animal Documentary,https://www.youtube.com/watch?v=JgY5qHiiU68,JgY5qHiiU68,ERROR: [youtube] JgY5qHiiU68: Sign in to confirm you’re not a bot. Use --cookies-from-browser or --cookies for the authentication. See  https://github.com/yt-dlp/yt-dlp/wiki/FAQ#how-do-i-pass-cookies-to-yt-dlp  for how to manually pass cookies. Also see  https://github.com/yt-dlp/yt-dlp/wiki/Extractors#exporting-youtube-cookies  for tips on effectively exporting YouTube cookies,False
,Free Documentary - Nature,,youtube,documentary,7.09,,Nature’s Smartest Animals | Wildest Survival | Free Documentary Nature,https://www.youtube.com/watch?v=wPWizlEtfKE,wPWizlEtfKE,ERROR: [youtube] wPWizlEtfKE: Sign in to confirm you’re not a bot. Use --cookies-from-browser or --cookies for the authentication. See  https://github.com/yt-dlp/yt-dlp/wiki/FAQ#how-do-i-pass-cookies-to-yt-dlp  for how to manually pass cookies. Also see  https://github.com/yt-dlp/yt-dlp/wiki/Extractors#exporting-youtube-cookies  for tips on effectively exporting YouTube cookies,False
,World Athletics,,youtube,documentary,6.71,,Iron Sharpens Iron: M11 Group Documentary,https://www.youtube.com/watch?v=ZhVl_gqnjxs,ZhVl_gqnjxs,ERROR: [youtube] ZhVl_gqnjxs: Sign in to confirm you’re not a bot. Use --cookies-from-browser or --cookies for the authentication. See  https://github.com/yt-dlp/yt-dlp/wiki/FAQ#how-do-i-pass-cookies-to-yt-dlp  for how to manually pass cookies. Also see  https://github.com/yt-dlp/yt-dlp/wiki/Extractors#exporting-youtube-cookies  for tips on effectively exporting YouTube cookies,False
,Real Time History,,youtube,documentary,6.63,,2001 Invasion of Afghanistan: Ousting the Taliban (Documentary),https://www.youtube.com/watch?v=TOMQf84HYeQ,TOMQf84HYeQ,ERROR: [youtube] TOMQf84HYeQ: Sign in to confirm you’re not a bot. Use --cookies-from-browser or --cookies for the authentication. See  https://github.com/yt-dlp/yt-dlp/wiki/FAQ#how-do-i-pass-cookies-to-yt-dlp  for how to manually pass cookies. Also see  https://github.com/yt-dlp/yt-dlp/wiki/Extractors#exporting-youtube-cookies  for tips on effectively exporting YouTube cookies,False
,SLICE,,youtube,documentary,7.37,,The Last Baobab Digger: Turning Living Trees Into Giant Water Tanks | SLICE | FULL DOCUMENTARY,https://www.youtube.com/watch?v=nVjqCQTHkoc,nVjqCQTHkoc,ERROR: [youtube] nVjqCQTHkoc: Sign in to confirm you’re not a bot. Use --cookies-from-browser or --cookies for the authentication. See  https://github.com/yt-dlp/yt-dlp/wiki/FAQ#how-do-i-pass-cookies-to-yt-dlp  for how to manually pass cookies. Also see  https://github.com/yt-dlp/yt-dlp/wiki/Extractors#exporting-youtube-cookies  for tips on effectively exporting YouTube cookies,False
,Get.factual,,youtube,documentary,6.62,,The Lost Pyramid That Could Rewrite Giza's History | Full Documentary,https://www.youtube.com/watch?v=GX3UDWOOQMM,GX3UDWOOQMM,ERROR: [youtube] GX3UDWOOQMM: Sign in to confirm you’re not a bot. Use --cookies-from-browser or --cookies for the authentication. See  https://github.com/yt-dlp/yt-dlp/wiki/FAQ#how-do-i-pass-cookies-to-yt-dlp  for how to manually pass cookies. Also see  https://github.com/yt-dlp/yt-dlp/wiki/Extractors#exporting-youtube-cookies  for tips on effectively exporting YouTube cookies,False
,Bisi,,youtube,documentary,6.79,,The REAL Reason Rawlings Killed 3 Former Ghana Presidents (Full Documentary),https://www.youtube.com/watch?v=8tVW8pBc8rQ,8tVW8pBc8rQ,ERROR: [youtube] 8tVW8pBc8rQ: Sign in to confirm you’re not a bot. Use --cookies-from-browser or --cookies for the authentication. See  https://github.com/yt-dlp/yt-dlp/wiki/FAQ#how-do-i-pass-cookies-to-yt-dlp  for how to manually pass cookies. Also see  https://github.com/yt-dlp/yt-dlp/wiki/Extractors#exporting-youtube-cookies  for tips on effectively exporting YouTube cookies,False
,Kings and Generals,,youtube,documentary,7.1,,War of the Spanish Succession: All Battles and Events - FULL DOCUMENTARY,https://www.youtube.com/watch?v=5ij0tDYhIhg,5ij0tDYhIhg,ERROR: [youtube] 5ij0tDYhIhg: Sign in to confirm you’re not a bot. Use --cookies-from-browser or --cookies for the authentication. See  https://github.com/yt-dlp/yt-dlp/wiki/FAQ#how-do-i-pass-cookies-to-yt-dlp  for how to manually pass cookies. Also see  https://github.com/yt-dlp/yt-dlp/wiki/Extractors#exporting-youtube-cookies  for tips on effectively exporting YouTube cookies,False
,FRONTLINE PBS | Official,,youtube,documentary,7.32,,Behind the Polarization | Divided States of America Part 2 (full documentary) | FRONTLINE (PBS),https://www.youtube.com/watch?v=FlDjlrmfbX4,FlDjlrmfbX4,ERROR: [youtube] FlDjlrmfbX4: Sign in to confirm you’re not a bot. Use --cookies-from-browser or --cookies for the authentication. See  https://github.com/yt-dlp/yt-dlp/wiki/FAQ#how-do-i-pass-cookies-to-yt-dlp  for how to manually pass cookies. Also see  https://github.com/yt-dlp/yt-dlp/wiki/Extractors#exporting-youtube-cookies  for tips on effectively exporting YouTube cookies,False
,Best Documentary,,youtube,documentary,7.25,,"Central Africa, at Your Own Risk | Deadliest Journeys",https://www.youtube.com/watch?v=OfSnTONYMag,OfSnTONYMag,ERROR: [youtube] OfSnTONYMag: Sign in to confirm you’re not a bot. Use --cookies-from-browser or --cookies for the authentication. See  https://github.com/yt-dlp/yt-dlp/wiki/FAQ#how-do-i-pass-cookies-to-yt-dlp  for how to manually pass cookies. Also see  https://github.com/yt-dlp/yt-dlp/wiki/Extractors#exporting-youtube-cookies  for tips on effectively exporting YouTube cookies,False
,Nat Geo Kids,,youtube,documentary,7.19,,"Weird But True Full Episode | Plants, Plants Everywhere🪴🌱 | Nat Geo Kids",https://www.youtube.com/watch?v=hq3n3J1NmBg,hq3n3J1NmBg,ERROR: [youtube] hq3n3J1NmBg: This video is not available,False
,It's AumSum Time,,youtube,education,7.01,,What if Pangea Never Broke Apart? + more videos | #aumsum #kids #science #education #children,https://www.youtube.com/watch?v=WLe9JxIiL2M,WLe9JxIiL2M,ERROR: [youtube] WLe9JxIiL2M: This video is not available,False
,Cole Hastings,,youtube,education,7.12,,America's Education Crisis,https://www.youtube.com/watch?v=72dc8VxyoqE,72dc8VxyoqE,ERROR: [youtube] 72dc8VxyoqE: Sign in to confirm you’re not a bot. Use --cookies-from-browser or --cookies for the authentication. See  https://github.com/yt-dlp/yt-dlp/wiki/FAQ#how-do-i-pass-cookies-to-yt-dlp  for how to manually pass cookies. Also see  https://github.com/yt-dlp/yt-dlp/wiki/Extractors#exporting-youtube-cookies  for tips on effectively exporting YouTube cookies,False
,National Geographic,,youtube,documentary,8.0,,9/11 Interview with George W. Bush (Full Episode) | Documentary Special | National Geographic,https://www.youtube.com/watch?v=6fXtYh_JBm0,6fXtYh_JBm0,ERROR: [youtube] 6fXtYh_JBm0: Sign in to confirm you’re not a bot. Use --cookies-from-browser or --cookies for the authentication. See  https://github.com/yt-dlp/yt-dlp/wiki/FAQ#how-do-i-pass-cookies-to-yt-dlp  for how to manually pass cookies. Also see  https://github.com/yt-dlp/yt-dlp/wiki/Extractors#exporting-youtube-cookies  for tips on effectively exporting YouTube cookies,False
,Like Nastya Show,,youtube,education,7.45,,Nastya and Dad - the best video collection of educational videos for kids,https://www.youtube.com/watch?v=tVJGMP96_zo,tVJGMP96_zo,ERROR: [youtube] tVJGMP96_zo: This video is not available,False
,Dan Martell,,youtube,education,7.23,,How To Become Dangerously Self-Educated (with AI),https://www.youtube.com/watch?v=6poBPhfB-WY,6poBPhfB-WY,ERROR: [youtube] 6poBPhfB-WY: Sign in to confirm you’re not a bot. Use --cookies-from-browser or --cookies for the authentication. See  https://github.com/yt-dlp/yt-dlp/wiki/FAQ#how-do-i-pass-cookies-to-yt-dlp  for how to manually pass cookies. Also see  https://github.com/yt-dlp/yt-dlp/wiki/Extractors#exporting-youtube-cookies  for tips on effectively exporting YouTube cookies,False
,Diana and Roma EN,,youtube,education,7.33,,Diana and Roma - the best educational stories for children,https://www.youtube.com/watch?v=OMRASCzuqH8,OMRASCzuqH8,ERROR: [youtube] OMRASCzuqH8: This video is not available,False
,TED,,youtube,education,7.29,,How to Make Learning as Addictive as Social Media | Duolingo's Luis Von Ahn | TED,https://www.youtube.com/watch?v=P6FORpg0KVo,P6FORpg0KVo,ERROR: [youtube] P6FORpg0KVo: Sign in to confirm you’re not a bot. Use --cookies-from-browser or --cookies for the authentication. See  https://github.com/yt-dlp/yt-dlp/wiki/FAQ#how-do-i-pass-cookies-to-yt-dlp  for how to manually pass cookies. Also see  https://github.com/yt-dlp/yt-dlp/wiki/Extractors#exporting-youtube-cookies  for tips on effectively exporting YouTube cookies,False
,Gracie's Corner,,youtube,education,7.35,,"Phonics, Counting, Colors + More Kids Learning Songs & Nursery Rhymes | Gracie’s Corner Compilation",https://www.youtube.com/watch?v=g6CVApMxmqg,g6CVApMxmqg,ERROR: [youtube] g6CVApMxmqg: This video is not available,False
,Super Crazy Kids,,youtube,education,7.27,,Learn Shapes & Numbers Wooden Slider Tumbling Toys | Preschool Kids Learning 3D Educational Toddler,https://www.youtube.com/watch?v=4NkNrGwqsiE,4NkNrGwqsiE,ERROR: [youtube] 4NkNrGwqsiE: This video is not available,False
,Royal Society of Arts,,youtube,education,7.92,,RSA ANIMATE: Changing Education Paradigms,https://www.youtube.com/watch?v=zDZFcDGpL4U,zDZFcDGpL4U,ERROR: [youtube] zDZFcDGpL4U: Sign in to confirm you’re not a bot. Use --cookies-from-browser or --cookies for the authentication. See  https://github.com/yt-dlp/yt-dlp/wiki/FAQ#how-do-i-pass-cookies-to-yt-dlp  for how to manually pass cookies. Also see  https://github.com/yt-dlp/yt-dlp/wiki/Extractors#exporting-youtube-cookies  for tips on effectively exporting YouTube cookies,False
,Nextcore,,youtube,education,7.0,,The Art of Becoming Dangerously Self-Educated,https://www.youtube.com/watch?v=cjODOqTJSbM,cjODOqTJSbM,ERROR: [youtube] cjODOqTJSbM: Sign in to confirm you’re not a bot. Use --cookies-from-browser or --cookies for the authentication. See  https://github.com/yt-dlp/yt-dlp/wiki/FAQ#how-do-i-pass-cookies-to-yt-dlp  for how to manually pass cookies. Also see  https://github.com/yt-dlp/yt-dlp/wiki/Extractors#exporting-youtube-cookies  for tips on effectively exporting YouTube cookies,False
,Danny Go!,,youtube,education,7.28,,"""Math Whiz!"" Addition Song  /// Danny Go! Kids Learning Songs for Kindergarten",https://www.youtube.com/watch?v=iLXNBiGJAGs,iLXNBiGJAGs,ERROR: [youtube] iLXNBiGJAGs: This video is not available,False
,Kids Learn and Grow - Educational Videos,,youtube,education,7.06,,"Toddler Learning Videos | Kids Learn to Count, Shapes & Colors Educational Videos For Toddlers",https://www.youtube.com/watch?v=BihhMsr4CCk,BihhMsr4CCk,ERROR: [youtube] BihhMsr4CCk: This video is not available,False
,Toys and Colors,,youtube,education,7.54,,Ellie Eva & Eric Learn Science with Balloon Pop Experiments for Kids,https://www.youtube.com/watch?v=4IIAIvPjHWA,4IIAIvPjHWA,ERROR: [youtube] 4IIAIvPjHWA: This video is not available,False
,Blippi World,,youtube,education,6.77,,Blippi Learns and Plays with Colors! | Toys and Shapes | Educational Videos for Kids,https://www.youtube.com/watch?v=IUnGsvqHXP0,IUnGsvqHXP0,ERROR: [youtube] IUnGsvqHXP0: This video is not available,False
,Blippi - Educational Videos for Kids,,youtube,education,6.77,,Learn With Blippi At The Discovery Children's Museum | Educational Videos for Kids,https://www.youtube.com/watch?v=L96V9lOo8ec,L96V9lOo8ec,ERROR: [youtube] L96V9lOo8ec: This video is not available,False
,✿ Kids Diana Show,,youtube,education,6.73,,Oliver at the Safari! Fun & Educational Adventures for Kids,https://www.youtube.com/watch?v=uCYJVRupJ9k,uCYJVRupJ9k,ERROR: [youtube] uCYJVRupJ9k: This video is not available,False
,Odysseas,,youtube,education,6.56,,The Personal Curriculum: the ultimate tool of self-education,https://www.youtube.com/watch?v=Jk4MIYOKapQ,Jk4MIYOKapQ,ERROR: [youtube] Jk4MIYOKapQ: Sign in to confirm you’re not a bot. Use --cookies-from-browser or --cookies for the authentication. See  https://github.com/yt-dlp/yt-dlp/wiki/FAQ#how-do-i-pass-cookies-to-yt-dlp  for how to manually pass cookies. Also see  https://github.com/yt-dlp/yt-dlp/wiki/Extractors#exporting-youtube-cookies  for tips on effectively exporting YouTube cookies,False
,Ms Rachel - Toddler Learning Videos,,youtube,education,6.85,,Learning with Ms Rachel | Learn Words and Colors for Toddlers | Educational Kids Videos | Animals,https://www.youtube.com/watch?v=yBj9Qlpwjcs,yBj9Qlpwjcs,ERROR: [youtube] yBj9Qlpwjcs: This video is not available,False
,Jared Henderson,,youtube,education,6.86,,"The American Literacy Crisis, Explained",https://www.youtube.com/watch?v=ZvCT31BOLDM,ZvCT31BOLDM,ERROR: [youtube] ZvCT31BOLDM: Sign in to confirm you’re not a bot. Use --cookies-from-browser or --cookies for the authentication. See  https://github.com/yt-dlp/yt-dlp/wiki/FAQ#how-do-i-pass-cookies-to-yt-dlp  for how to manually pass cookies. Also see  https://github.com/yt-dlp/yt-dlp/wiki/Extractors#exporting-youtube-cookies  for tips on effectively exporting YouTube cookies,False
,Diana and Roma PHL,,youtube,education,6.5,,"Learn numbers, shapes, colors with Oliver | Educational videos for kids",https://www.youtube.com/watch?v=PhMa7ZthMBc,PhMa7ZthMBc,ERROR: [youtube] PhMa7ZthMBc: This video is not available,False
,fern,,youtube,education,6.65,,The Death of Educational Content on YouTube,https://www.youtube.com/watch?v=-Gnrp_caPvo,-Gnrp_caPvo,ERROR: [youtube] -Gnrp_caPvo: Sign in to confirm you’re not a bot. Use --cookies-from-browser or --cookies for the authentication. See  https://github.com/yt-dlp/yt-dlp/wiki/FAQ#how-do-i-pass-cookies-to-yt-dlp  for how to manually pass cookies. Also see  https://github.com/yt-dlp/yt-dlp/wiki/Extractors#exporting-youtube-cookies  for tips on effectively exporting YouTube cookies,False
,Bebefinn - Nursery Rhymes & Kids Songs,,youtube,education,7.22,,"Learning at Home With Bebefinn Family Nursery Rhymes | Numbers, Shapes, Colors and More",https://www.youtube.com/watch?v=kIoD2MPKVrw,kIoD2MPKVrw,ERROR: [youtube] kIoD2MPKVrw: This video is not available,False
,edubuzzkids,,youtube,education,7.07,,Learn Colors with Soccer Balls Xylophone Toy Wooden Hammer Street Vehicles - Educational Videos,https://www.youtube.com/watch?v=lZ1N-1pTajU,lZ1N-1pTajU,ERROR: [youtube] lZ1N-1pTajU: This video is not available,False
,Super Crazy Kids,,youtube,education,6.73,,"Learn Colors, Numbers, Fruits & Shapes! Baby Educational Fun with DIY Alphabet Wooden Toys for Kids",https://www.youtube.com/watch?v=6KfygLwIgqA,6KfygLwIgqA,ERROR: [youtube] 6KfygLwIgqA: This video is not available,False
,It's AumSum Time,,youtube,education,7.07,,Why do we get Nightmares? + more videos | #aumsum #kids #science #education #children,https://www.youtube.com/watch?v=XWi0_77LSLI,XWi0_77LSLI,ERROR: [youtube] XWi0_77LSLI: This video is not available,False
,Toddler Learning Videos For Kids - Lucas & Friends,,youtube,education,7.27,,Opposite Words for Kids | Educational Video For Toddlers and Preschool | Children Learn Opposites,https://www.youtube.com/watch?v=BWdXN0wwi6A,BWdXN0wwi6A,ERROR: [youtube] BWdXN0wwi6A: This video is not available,False
,Blippi - Educational Videos for Kids,,youtube,education,6.75,,Learning With Blippi At An Indoor Playground For Kids | Educational Videos For Toddlers,https://www.youtube.com/watch?v=LLsqo5THFAE,LLsqo5THFAE,ERROR: [youtube] LLsqo5THFAE: This video is not available,False
,BabyBus - Preschool Songs & Learning Cartoons,,youtube,education,7.16,,ABC Surprise Box | Learn Alphabet A to Z | Educational Cartoon | Sheriff Labrador | BabyBus,https://www.youtube.com/watch?v=vhg01ouDE-U,vhg01ouDE-U,ERROR: [youtube] vhg01ouDE-U: This video is not available,False
,Genevieve's Playhouse - Learning Videos for Kids,,youtube,education,7.14,,Best Learning Video for Toddlers Learn Colors with Crayon Surprises!,https://www.youtube.com/watch?v=9_WBQISVHnw,9_WBQISVHnw,ERROR: [youtube] 9_WBQISVHnw: This video is not available,False
,UnJaded Jade,,youtube,education,7.21,,I Studied the 5 Best Education Systems in the World,https://www.youtube.com/watch?v=OUhdbiFmjv8,OUhdbiFmjv8,ERROR: [youtube] OUhdbiFmjv8: Sign in to confirm you’re not a bot. Use --cookies-from-browser or --cookies for the authentication. See  https://github.com/yt-dlp/yt-dlp/wiki/FAQ#how-do-i-pass-cookies-to-yt-dlp  for how to manually pass cookies. Also see  https://github.com/yt-dlp/yt-dlp/wiki/Extractors#exporting-youtube-cookies  for tips on effectively exporting YouTube cookies,False
,Peekaboo Kidz,,youtube,education,7.19,,Natural Disasters compilation | The Dr. Binocs Show | Best Learning Videos For Kids | Peekaboo Kidz,https://www.youtube.com/watch?v=HaEmIakO7f4,HaEmIakO7f4,ERROR: [youtube] HaEmIakO7f4: This video is not available,False
,Super Crazy Kids,,youtube,education,6.96,,"Baby Learning Colors, Shapes, Numbers, Alphabet, Fruits, Veggies, Dinosaurs & Animals - 60 Min",https://www.youtube.com/watch?v=ibwyHihda6A,ibwyHihda6A,ERROR: [youtube] ibwyHihda6A: This video is not available,False
,BBC World Service,,youtube,education,7.43,,"Which country has the best education in the world? - The Global Story podcast, BBC World Service",https://www.youtube.com/watch?v=liyn5xWvx44,liyn5xWvx44,ERROR: [youtube] liyn5xWvx44: Sign in to confirm you’re not a bot. Use --cookies-from-browser or --cookies for the authentication. See  https://github.com/yt-dlp/yt-dlp/wiki/FAQ#how-do-i-pass-cookies-to-yt-dlp  for how to manually pass cookies. Also see  https://github.com/yt-dlp/yt-dlp/wiki/Extractors#exporting-youtube-cookies  for tips on effectively exporting YouTube cookies,False
,Thought Couture,,youtube,education,7.43,,Self Education: Your Best Defense Against Brain Rot,https://www.youtube.com/watch?v=KiwIqjcgSQw,KiwIqjcgSQw,ERROR: [youtube] KiwIqjcgSQw: Sign in to confirm you’re not a bot. Use --cookies-from-browser or --cookies for the authentication. See  https://github.com/yt-dlp/yt-dlp/wiki/FAQ#how-do-i-pass-cookies-to-yt-dlp  for how to manually pass cookies. Also see  https://github.com/yt-dlp/yt-dlp/wiki/Extractors#exporting-youtube-cookies  for tips on effectively exporting YouTube cookies,False
,Ministry of Sound,,youtube,education,7.61,,Eric Prydz vs Pink Floyd - Proper Education (Official Music Video) | Ministry of Sound,https://www.youtube.com/watch?v=IttkDYE33aU,IttkDYE33aU,ERROR: [youtube] IttkDYE33aU: Sign in to confirm you’re not a bot. Use --cookies-from-browser or --cookies for the authentication. See  https://github.com/yt-dlp/yt-dlp/wiki/FAQ#how-do-i-pass-cookies-to-yt-dlp  for how to manually pass cookies. Also see  https://github.com/yt-dlp/yt-dlp/wiki/Extractors#exporting-youtube-cookies  for tips on effectively exporting YouTube cookies,False
,Ms Rachel - Toddler Learning Videos,,youtube,education,6.85,,"Preschool & Toddler Learning Video with Ms Rachel - Learn Shapes, Letters, Numbers, Colors & More",https://www.youtube.com/watch?v=K_Aq4H03Nm4,K_Aq4H03Nm4,ERROR: [youtube] K_Aq4H03Nm4: This video is not available,False
,TheShampa,207,youtube,education,7.13,Pink Floyd - Education ( OFFICIAL VIDEO HD ),Pink Floyd - Education ( OFFICIAL VIDEO HD ),https://www.youtube.com/watch?v=T38Y81FBEcQ,T38Y81FBEcQ,,True
,Little Fox - Kids Stories and Songs,,youtube,education,7.06,,"Meet the Animals 44 min | Shark, Alligator, Cheetah, Fox, Bear, Gorilla | Educational Videos",https://www.youtube.com/watch?v=ctQfCUY1CdA,ctQfCUY1CdA,ERROR: [youtube] ctQfCUY1CdA: This video is not available,False
,Blippi Playtime,,youtube,education,7.11,,Learn Food For Kids | Blippi And The Chocolate Factory | Educational Videos For Children,https://www.youtube.com/watch?v=COIw9e834Ag,COIw9e834Ag,ERROR: [youtube] COIw9e834Ag: This video is not available,False
,Like Nastya,,youtube,education,6.76,,Nastya and dad are learning the Alphabet and Numbers | Educational Videos for Toddlers,https://www.youtube.com/watch?v=ocWWX7EDeWY,ocWWX7EDeWY,ERROR: [youtube] ocWWX7EDeWY: This video is not available,False
,Blippi - Educational Videos for Kids,,youtube,education,6.6,,Blippi Visits a Zoo And Learns About Animals! | Educational Videos for Kids,https://www.youtube.com/watch?v=05dcZUK_k7I,05dcZUK_k7I,ERROR: [youtube] 05dcZUK_k7I: This video is not available,False
,It's AumSum Time,,youtube,education,6.48,,A Transparent Ocean: What If? + more videos | #aumsum #kids #science #education #children,https://www.youtube.com/watch?v=op4C2TypclE,op4C2TypclE,ERROR: [youtube] op4C2TypclE: This video is not available,False
,Toddler Learning Videos For Kids - Lucas & Friends,,youtube,education,7.1,,"Toddler Learning Counting, Shapes, ABC, First Words For Kids, Toddler Videos & Baby Songs With Lucas",https://www.youtube.com/watch?v=noCiE_1YRJo,noCiE_1YRJo,ERROR: [youtube] noCiE_1YRJo: This video is not available,False
,edubuzzkids,,youtube,education,7.03,,Learn Colors with Wooden Ball Hammer Educational Toys - Colors & Shapes Videos Collection,https://www.youtube.com/watch?v=lA66M7s4yeI,lA66M7s4yeI,ERROR: [youtube] lA66M7s4yeI: This video is not available,False
,Blippi - Educational Videos for Kids,,youtube,education,6.69,,Blippi Learns Colors & Letters For Kids With Clay | Educational Videos For Kids,https://www.youtube.com/watch?v=HJLNtge8jv4,HJLNtge8jv4,ERROR: [youtube] HJLNtge8jv4: This video is not available,False
,Atrin and Soren with Nikan,,youtube,education,6.88,,Educational Video for Kids | Animal Video for Kids | Atrin & Soren Explore and Learn Animal Homes,https://www.youtube.com/watch?v=YLmTvwjJ9qo,YLmTvwjJ9qo,ERROR: [youtube] YLmTvwjJ9qo: This video is not available,False
,The Invisible Hand,,youtube,education,6.92,,Why Education is Destroying East Asia,https://www.youtube.com/watch?v=ZPe7tbysc2g,ZPe7tbysc2g,ERROR: [youtube] ZPe7tbysc2g: Sign in to confirm you’re not a bot. Use --cookies-from-browser or --cookies for the authentication. See  https://github.com/yt-dlp/yt-dlp/wiki/FAQ#how-do-i-pass-cookies-to-yt-dlp  for how to manually pass cookies. Also see  https://github.com/yt-dlp/yt-dlp/wiki/Extractors#exporting-youtube-cookies  for tips on effectively exporting YouTube cookies,False
,Andrew Huberman,,youtube,education,6.68,,How to Accelerate Learning & Improve Education | Joe Liemandt,https://www.youtube.com/watch?v=Uzoe1RYVjiA,Uzoe1RYVjiA,ERROR: [youtube] Uzoe1RYVjiA: Sign in to confirm you’re not a bot. Use --cookies-from-browser or --cookies for the authentication. See  https://github.com/yt-dlp/yt-dlp/wiki/FAQ#how-do-i-pass-cookies-to-yt-dlp  for how to manually pass cookies. Also see  https://github.com/yt-dlp/yt-dlp/wiki/Extractors#exporting-youtube-cookies  for tips on effectively exporting YouTube cookies,False
,Genevieve's Playhouse - Learning Videos for Kids,,youtube,education,6.72,,Best Car Toy Learning Video for Toddlers - Preschool Educational Toy Vehicle Puzzle!,https://www.youtube.com/watch?v=8x7uqLJmtrQ,8x7uqLJmtrQ,ERROR: [youtube] 8x7uqLJmtrQ: This video is not available,False
,TED,,youtube,education,6.72,,How AI Could Save (Not Destroy) Education | Sal Khan | TED,https://www.youtube.com/watch?v=hJP5GqnTrNo,hJP5GqnTrNo,ERROR: [youtube] hJP5GqnTrNo: Sign in to confirm you’re not a bot. Use --cookies-from-browser or --cookies for the authentication. See  https://github.com/yt-dlp/yt-dlp/wiki/FAQ#how-do-i-pass-cookies-to-yt-dlp  for how to manually pass cookies. Also see  https://github.com/yt-dlp/yt-dlp/wiki/Extractors#exporting-youtube-cookies  for tips on effectively exporting YouTube cookies,False
,CTV News,,youtube,news,6.81,,"What could a partnership with the EU mean for Canada? | CTV News at 5 for September 17, 2026",https://www.youtube.com/watch?v=LBDihQ_hhYM,LBDihQ_hhYM,ERROR: [youtube] LBDihQ_hhYM: Sign in to confirm you’re not a bot. Use --cookies-from-browser or --cookies for the authentication. See  https://github.com/yt-dlp/yt-dlp/wiki/FAQ#how-do-i-pass-cookies-to-yt-dlp  for how to manually pass cookies. Also see  https://github.com/yt-dlp/yt-dlp/wiki/Extractors#exporting-youtube-cookies  for tips on effectively exporting YouTube cookies,False
,Geo News,,youtube,news,6.88,,"Khan’s Medical Examination at Adiala Jail, Aleema Khan Arrested | Geo News 3PM Headlines 20 Sept 26",https://www.youtube.com/watch?v=V7kFIobhFTE,V7kFIobhFTE,ERROR: [youtube] V7kFIobhFTE: Sign in to confirm you’re not a bot. Use --cookies-from-browser or --cookies for the authentication. See  https://github.com/yt-dlp/yt-dlp/wiki/FAQ#how-do-i-pass-cookies-to-yt-dlp  for how to manually pass cookies. Also see  https://github.com/yt-dlp/yt-dlp/wiki/Extractors#exporting-youtube-cookies  for tips on effectively exporting YouTube cookies,False
,Sky News,,youtube,news,7.06,,50-page bundle of Downing Street documents leaked,https://www.youtube.com/watch?v=qBn9GK_D8gc,qBn9GK_D8gc,ERROR: [youtube] qBn9GK_D8gc: Sign in to confirm you’re not a bot. Use --cookies-from-browser or --cookies for the authentication. See  https://github.com/yt-dlp/yt-dlp/wiki/FAQ#how-do-i-pass-cookies-to-yt-dlp  for how to manually pass cookies. Also see  https://github.com/yt-dlp/yt-dlp/wiki/Extractors#exporting-youtube-cookies  for tips on effectively exporting YouTube cookies,False
,Bloomberg Television,,youtube,news,7.26,,Bloomberg Business News Live,https://www.youtube.com/watch?v=QB5BNdBFujE,QB5BNdBFujE,ERROR: [youtube] QB5BNdBFujE: Sign in to confirm you’re not a bot. Use --cookies-from-browser or --cookies for the authentication. See  https://github.com/yt-dlp/yt-dlp/wiki/FAQ#how-do-i-pass-cookies-to-yt-dlp  for how to manually pass cookies. Also see  https://github.com/yt-dlp/yt-dlp/wiki/Extractors#exporting-youtube-cookies  for tips on effectively exporting YouTube cookies,False
,Geo News English,,youtube,news,7.25,,🔴 𝗟𝗶𝘃𝗲 𝗚𝗘𝗢 𝗡𝗲𝘄𝘀 𝐄𝐧𝐠𝐥𝐢𝐬𝐡: 𝗟𝗮𝘁𝗲𝘀𝘁 𝗣𝗮𝗸𝗶𝘀𝘁𝗮𝗻 𝗡𝗲𝘄𝘀 𝟐𝟒/𝟕 Breaking News & Headlines(TodayNews) #globalnews,https://www.youtube.com/watch?v=t63fDvZbN7M,t63fDvZbN7M,ERROR: [youtube] t63fDvZbN7M: Sign in to confirm you’re not a bot. Use --cookies-from-browser or --cookies for the authentication. See  https://github.com/yt-dlp/yt-dlp/wiki/FAQ#how-do-i-pass-cookies-to-yt-dlp  for how to manually pass cookies. Also see  https://github.com/yt-dlp/yt-dlp/wiki/Extractors#exporting-youtube-cookies  for tips on effectively exporting YouTube cookies,False
,ABC News,,youtube,news,7.19,,"ABC World News Tonight with David Muir Full Broadcast - Sept. 18, 2026",https://www.youtube.com/watch?v=dKtMkeqDVLs,dKtMkeqDVLs,ERROR: [youtube] dKtMkeqDVLs: Sign in to confirm you’re not a bot. Use --cookies-from-browser or --cookies for the authentication. See  https://github.com/yt-dlp/yt-dlp/wiki/FAQ#how-do-i-pass-cookies-to-yt-dlp  for how to manually pass cookies. Also see  https://github.com/yt-dlp/yt-dlp/wiki/Extractors#exporting-youtube-cookies  for tips on effectively exporting YouTube cookies,False
,ATN Bangla News,,youtube,news,7.2,,এটিএন বাংলার টপ নিউজ । বিকাল ৫ টা । ২০.০৯.২০২৬ | Top News | Today News | BD News | ATN Bangla News,https://www.youtube.com/watch?v=j2bzdZP_8dI,j2bzdZP_8dI,ERROR: [youtube] j2bzdZP_8dI: Sign in to confirm you’re not a bot. Use --cookies-from-browser or --cookies for the authentication. See  https://github.com/yt-dlp/yt-dlp/wiki/FAQ#how-do-i-pass-cookies-to-yt-dlp  for how to manually pass cookies. Also see  https://github.com/yt-dlp/yt-dlp/wiki/Extractors#exporting-youtube-cookies  for tips on effectively exporting YouTube cookies,False
,Fox News,,youtube,news,7.89,,BREAKING: Trump gives MAJOR update on Iran conflict,https://www.youtube.com/watch?v=6rKaOQhsesU,6rKaOQhsesU,ERROR: [youtube] 6rKaOQhsesU: Sign in to confirm you’re not a bot. Use --cookies-from-browser or --cookies for the authentication. See  https://github.com/yt-dlp/yt-dlp/wiki/FAQ#how-do-i-pass-cookies-to-yt-dlp  for how to manually pass cookies. Also see  https://github.com/yt-dlp/yt-dlp/wiki/Extractors#exporting-youtube-cookies  for tips on effectively exporting YouTube cookies,False
,info at ahsan,,youtube,travel,7.29,,Serbia Travel vlog | Amazing Facts & Documentary about Serbia in Urdu/Hindi | Serbia visa,https://www.youtube.com/watch?v=FJAWokJGLcE,FJAWokJGLcE,ERROR: [youtube] FJAWokJGLcE: Sign in to confirm you’re not a bot. Use --cookies-from-browser or --cookies for the authentication. See  https://github.com/yt-dlp/yt-dlp/wiki/FAQ#how-do-i-pass-cookies-to-yt-dlp  for how to manually pass cookies. Also see  https://github.com/yt-dlp/yt-dlp/wiki/Extractors#exporting-youtube-cookies  for tips on effectively exporting YouTube cookies,False
,World Travel Doc,,youtube,travel,7.62,,PORTUGAL | The Edge of Europe | The Most Incredible Places in Portugal | Travel Documentary,https://www.youtube.com/watch?v=GV8lK1mZNDk,GV8lK1mZNDk,ERROR: [youtube] GV8lK1mZNDk: Sign in to confirm you’re not a bot. Use --cookies-from-browser or --cookies for the authentication. See  https://github.com/yt-dlp/yt-dlp/wiki/FAQ#how-do-i-pass-cookies-to-yt-dlp  for how to manually pass cookies. Also see  https://github.com/yt-dlp/yt-dlp/wiki/Extractors#exporting-youtube-cookies  for tips on effectively exporting YouTube cookies,False
,EpicExplorationsTV EN,,youtube,travel,7.39,,Wonders of Italy | The Most Beautiful Country in the World? | 4K Travel Guide,https://www.youtube.com/watch?v=bohB8frROwg,bohB8frROwg,ERROR: [youtube] bohB8frROwg: Sign in to confirm you’re not a bot. Use --cookies-from-browser or --cookies for the authentication. See  https://github.com/yt-dlp/yt-dlp/wiki/FAQ#how-do-i-pass-cookies-to-yt-dlp  for how to manually pass cookies. Also see  https://github.com/yt-dlp/yt-dlp/wiki/Extractors#exporting-youtube-cookies  for tips on effectively exporting YouTube cookies,False
,DesiGirl Traveller,,youtube,travel,7.25,,"LAKSHADWEEP TRAVEL GUIDE 2026 | Flight, Hotel, Budget, Food, Activity& EVERYTHING You Need to Know!",https://www.youtube.com/watch?v=0IStrR-zcgw,0IStrR-zcgw,ERROR: [youtube] 0IStrR-zcgw: Sign in to confirm you’re not a bot. Use --cookies-from-browser or --cookies for the authentication. See  https://github.com/yt-dlp/yt-dlp/wiki/FAQ#how-do-i-pass-cookies-to-yt-dlp  for how to manually pass cookies. Also see  https://github.com/yt-dlp/yt-dlp/wiki/Extractors#exporting-youtube-cookies  for tips on effectively exporting YouTube cookies,False
,Distance between,,youtube,travel,7.49,,Ooty 2026 1,https://www.youtube.com/watch?v=7CLRzHsiixQ,7CLRzHsiixQ,ERROR: [youtube] 7CLRzHsiixQ: Sign in to confirm you’re not a bot. Use --cookies-from-browser or --cookies for the authentication. See  https://github.com/yt-dlp/yt-dlp/wiki/FAQ#how-do-i-pass-cookies-to-yt-dlp  for how to manually pass cookies. Also see  https://github.com/yt-dlp/yt-dlp/wiki/Extractors#exporting-youtube-cookies  for tips on effectively exporting YouTube cookies,False
,Chime,,youtube,travel,7.0,,The True Cost of Flying: BEST Travel Hacks to Avoid Hidden Fees | @KaraandNate | Chime,https://www.youtube.com/watch?v=SIP0URA4hAU,SIP0URA4hAU,ERROR: [youtube] SIP0URA4hAU: Sign in to confirm you’re not a bot. Use --cookies-from-browser or --cookies for the authentication. See  https://github.com/yt-dlp/yt-dlp/wiki/FAQ#how-do-i-pass-cookies-to-yt-dlp  for how to manually pass cookies. Also see  https://github.com/yt-dlp/yt-dlp/wiki/Extractors#exporting-youtube-cookies  for tips on effectively exporting YouTube cookies,False
,Wolters World,,youtube,travel,7.37,,Is Romania Dangerous? An Honest Travel Safety Guide,https://www.youtube.com/watch?v=eN0EJmGHAHg,eN0EJmGHAHg,ERROR: [youtube] eN0EJmGHAHg: Sign in to confirm you’re not a bot. Use --cookies-from-browser or --cookies for the authentication. See  https://github.com/yt-dlp/yt-dlp/wiki/FAQ#how-do-i-pass-cookies-to-yt-dlp  for how to manually pass cookies. Also see  https://github.com/yt-dlp/yt-dlp/wiki/Extractors#exporting-youtube-cookies  for tips on effectively exporting YouTube cookies,False
,Science Max - Scholastic,,youtube,science,7.53,,FRICTION! + More Experiments At Home | Science Max | Full Episodes,https://www.youtube.com/watch?v=ecFafmjVWIk,ecFafmjVWIk,ERROR: [youtube] ecFafmjVWIk: Sign in to confirm you’re not a bot. Use --cookies-from-browser or --cookies for the authentication. See  https://github.com/yt-dlp/yt-dlp/wiki/FAQ#how-do-i-pass-cookies-to-yt-dlp  for how to manually pass cookies. Also see  https://github.com/yt-dlp/yt-dlp/wiki/Extractors#exporting-youtube-cookies  for tips on effectively exporting YouTube cookies,False
,Science Magazine,,youtube,science,7.13,,Scientists discover world's first warm-bodied fish!,https://www.youtube.com/watch?v=4JsTc-0DyOA,4JsTc-0DyOA,ERROR: [youtube] 4JsTc-0DyOA: Sign in to confirm you’re not a bot. Use --cookies-from-browser or --cookies for the authentication. See  https://github.com/yt-dlp/yt-dlp/wiki/FAQ#how-do-i-pass-cookies-to-yt-dlp  for how to manually pass cookies. Also see  https://github.com/yt-dlp/yt-dlp/wiki/Extractors#exporting-youtube-cookies  for tips on effectively exporting YouTube cookies,False
,Wacky Science,,youtube,science,7.54,,ALL OF PHYSICS explained in 14 Minutes,https://www.youtube.com/watch?v=ZAqIoDhornk,ZAqIoDhornk,ERROR: [youtube] ZAqIoDhornk: Sign in to confirm you’re not a bot. Use --cookies-from-browser or --cookies for the authentication. See  https://github.com/yt-dlp/yt-dlp/wiki/FAQ#how-do-i-pass-cookies-to-yt-dlp  for how to manually pass cookies. Also see  https://github.com/yt-dlp/yt-dlp/wiki/Extractors#exporting-youtube-cookies  for tips on effectively exporting YouTube cookies,False
,Fire of Learning,,youtube,science,7.29,,Why We Dream - Science Documentary,https://www.youtube.com/watch?v=rfqalXigeOc,rfqalXigeOc,ERROR: [youtube] rfqalXigeOc: Sign in to confirm you’re not a bot. Use --cookies-from-browser or --cookies for the authentication. See  https://github.com/yt-dlp/yt-dlp/wiki/FAQ#how-do-i-pass-cookies-to-yt-dlp  for how to manually pass cookies. Also see  https://github.com/yt-dlp/yt-dlp/wiki/Extractors#exporting-youtube-cookies  for tips on effectively exporting YouTube cookies,False
,freeCodeCamp.org,,youtube,science,6.97,,Learn Data Science Tutorial - Full Course for Beginners,https://www.youtube.com/watch?v=ua-CiDNNj30,ua-CiDNNj30,ERROR: [youtube] ua-CiDNNj30: Sign in to confirm you’re not a bot. Use --cookies-from-browser or --cookies for the authentication. See  https://github.com/yt-dlp/yt-dlp/wiki/FAQ#how-do-i-pass-cookies-to-yt-dlp  for how to manually pass cookies. Also see  https://github.com/yt-dlp/yt-dlp/wiki/Extractors#exporting-youtube-cookies  for tips on effectively exporting YouTube cookies,False
,Thomas Dolby Official,,youtube,science,7.18,,Thomas Dolby - She Blinded Me With Science (Official Video - HD Remaster),https://www.youtube.com/watch?v=V83JR2IoI8k,V83JR2IoI8k,ERROR: [youtube] V83JR2IoI8k: Sign in to confirm you’re not a bot. Use --cookies-from-browser or --cookies for the authentication. See  https://github.com/yt-dlp/yt-dlp/wiki/FAQ#how-do-i-pass-cookies-to-yt-dlp  for how to manually pass cookies. Also see  https://github.com/yt-dlp/yt-dlp/wiki/Extractors#exporting-youtube-cookies  for tips on effectively exporting YouTube cookies,False
,The Rest Is Science,,youtube,science,6.69,,NASA Really Did The Twin Experiment,https://www.youtube.com/watch?v=9G_kaHscSis,9G_kaHscSis,ERROR: [youtube] 9G_kaHscSis: Sign in to confirm you’re not a bot. Use --cookies-from-browser or --cookies for the authentication. See  https://github.com/yt-dlp/yt-dlp/wiki/FAQ#how-do-i-pass-cookies-to-yt-dlp  for how to manually pass cookies. Also see  https://github.com/yt-dlp/yt-dlp/wiki/Extractors#exporting-youtube-cookies  for tips on effectively exporting YouTube cookies,False
,Science Channel,,youtube,science,6.97,,Everything You Want to Know About Planets | How the Universe Works | Science Channel,https://www.youtube.com/watch?v=iqJjTeYv5-M,iqJjTeYv5-M,ERROR: [youtube] iqJjTeYv5-M: Sign in to confirm you’re not a bot. Use --cookies-from-browser or --cookies for the authentication. See  https://github.com/yt-dlp/yt-dlp/wiki/FAQ#how-do-i-pass-cookies-to-yt-dlp  for how to manually pass cookies. Also see  https://github.com/yt-dlp/yt-dlp/wiki/Extractors#exporting-youtube-cookies  for tips on effectively exporting YouTube cookies,False
,Scholastic STEAM,,youtube,science,7.05,,Build It Bigger! Giant Engineering Challenges | Science Max | Scholastic STEAM,https://www.youtube.com/watch?v=2jcOTsrq_jg,2jcOTsrq_jg,ERROR: [youtube] 2jcOTsrq_jg: This video is not available,False
,Science Magazine,,youtube,science,7.12,,How the Trump administration is dismantling science,https://www.youtube.com/watch?v=bse790T7U9c,bse790T7U9c,ERROR: [youtube] bse790T7U9c: Sign in to confirm you’re not a bot. Use --cookies-from-browser or --cookies for the authentication. See  https://github.com/yt-dlp/yt-dlp/wiki/FAQ#how-do-i-pass-cookies-to-yt-dlp  for how to manually pass cookies. Also see  https://github.com/yt-dlp/yt-dlp/wiki/Extractors#exporting-youtube-cookies  for tips on effectively exporting YouTube cookies,False
,TED,,youtube,science,6.81,,The Science Behind Dramatically Better Conversations | Charles Duhigg | TED,https://www.youtube.com/watch?v=K_RSZC0s8a4,K_RSZC0s8a4,ERROR: [youtube] K_RSZC0s8a4: Sign in to confirm you’re not a bot. Use --cookies-from-browser or --cookies for the authentication. See  https://github.com/yt-dlp/yt-dlp/wiki/FAQ#how-do-i-pass-cookies-to-yt-dlp  for how to manually pass cookies. Also see  https://github.com/yt-dlp/yt-dlp/wiki/Extractors#exporting-youtube-cookies  for tips on effectively exporting YouTube cookies,False
,Hafu Go,,youtube,science,6.76,,Level 1 to 100 DIY Science Experiments!,https://www.youtube.com/watch?v=3_YmHcjuv2E,3_YmHcjuv2E,ERROR: [youtube] 3_YmHcjuv2E: Sign in to confirm you’re not a bot. Use --cookies-from-browser or --cookies for the authentication. See  https://github.com/yt-dlp/yt-dlp/wiki/FAQ#how-do-i-pass-cookies-to-yt-dlp  for how to manually pass cookies. Also see  https://github.com/yt-dlp/yt-dlp/wiki/Extractors#exporting-youtube-cookies  for tips on effectively exporting YouTube cookies,False
,Fun Science,,youtube,science,6.95,,EASY SCIENCE EXPERIMENTS TO DO AT HOME,https://www.youtube.com/watch?v=z-R3DShHbkA,z-R3DShHbkA,ERROR: [youtube] z-R3DShHbkA: This video is not available,False
,ABC Quizzes,,youtube,science,6.94,,The Ultimate Science Quiz Marathon 🔬 | 100 Fascinating General Knowledge Questions,https://www.youtube.com/watch?v=ifRUXB5ymgk,ifRUXB5ymgk,ERROR: [youtube] ifRUXB5ymgk: Sign in to confirm you’re not a bot. Use --cookies-from-browser or --cookies for the authentication. See  https://github.com/yt-dlp/yt-dlp/wiki/FAQ#how-do-i-pass-cookies-to-yt-dlp  for how to manually pass cookies. Also see  https://github.com/yt-dlp/yt-dlp/wiki/Extractors#exporting-youtube-cookies  for tips on effectively exporting YouTube cookies,False
,Hafu Go,,youtube,science,7.11,,50 Science Experiments That Look Illegal,https://www.youtube.com/watch?v=fP8Z5TdMAhc,fP8Z5TdMAhc,ERROR: [youtube] fP8Z5TdMAhc: Sign in to confirm you’re not a bot. Use --cookies-from-browser or --cookies for the authentication. See  https://github.com/yt-dlp/yt-dlp/wiki/FAQ#how-do-i-pass-cookies-to-yt-dlp  for how to manually pass cookies. Also see  https://github.com/yt-dlp/yt-dlp/wiki/Extractors#exporting-youtube-cookies  for tips on effectively exporting YouTube cookies,False
,StarTalk,,youtube,science,7.22,,"Neil deGrasse Tyson and Richard Dawkins Discuss Science, Religion & Evolution",https://www.youtube.com/watch?v=KPh0LOCWT5A,KPh0LOCWT5A,ERROR: [youtube] KPh0LOCWT5A: Sign in to confirm you’re not a bot. Use --cookies-from-browser or --cookies for the authentication. See  https://github.com/yt-dlp/yt-dlp/wiki/FAQ#how-do-i-pass-cookies-to-yt-dlp  for how to manually pass cookies. Also see  https://github.com/yt-dlp/yt-dlp/wiki/Extractors#exporting-youtube-cookies  for tips on effectively exporting YouTube cookies,False
,Science Channel,,youtube,science,6.78,,Chaos in Space 💥 | How the Universe Works | Science Channel,https://www.youtube.com/watch?v=FNR7a8joCGs,FNR7a8joCGs,ERROR: [youtube] FNR7a8joCGs: Sign in to confirm you’re not a bot. Use --cookies-from-browser or --cookies for the authentication. See  https://github.com/yt-dlp/yt-dlp/wiki/FAQ#how-do-i-pass-cookies-to-yt-dlp  for how to manually pass cookies. Also see  https://github.com/yt-dlp/yt-dlp/wiki/Extractors#exporting-youtube-cookies  for tips on effectively exporting YouTube cookies,False
,World Science Festival,,youtube,science,6.74,,Exploring the Deep Mysteries of Physics | World Science Festival,https://www.youtube.com/watch?v=-U-OLazb3eU,-U-OLazb3eU,ERROR: [youtube] -U-OLazb3eU: Sign in to confirm you’re not a bot. Use --cookies-from-browser or --cookies for the authentication. See  https://github.com/yt-dlp/yt-dlp/wiki/FAQ#how-do-i-pass-cookies-to-yt-dlp  for how to manually pass cookies. Also see  https://github.com/yt-dlp/yt-dlp/wiki/Extractors#exporting-youtube-cookies  for tips on effectively exporting YouTube cookies,False
,Astrum Earth,,youtube,science,6.96,,The Tornado That Changed Science,https://www.youtube.com/watch?v=8iqKPUN09GA,8iqKPUN09GA,ERROR: [youtube] 8iqKPUN09GA: Sign in to confirm you’re not a bot. Use --cookies-from-browser or --cookies for the authentication. See  https://github.com/yt-dlp/yt-dlp/wiki/FAQ#how-do-i-pass-cookies-to-yt-dlp  for how to manually pass cookies. Also see  https://github.com/yt-dlp/yt-dlp/wiki/Extractors#exporting-youtube-cookies  for tips on effectively exporting YouTube cookies,False
,Inventor 101,,youtube,science,6.78,,40 Crazy Science Experiments - Experiments You Can Do at Home Compilation by Inventor 101,https://www.youtube.com/watch?v=AHV02JrQyds,AHV02JrQyds,ERROR: [youtube] AHV02JrQyds: Sign in to confirm you’re not a bot. Use --cookies-from-browser or --cookies for the authentication. See  https://github.com/yt-dlp/yt-dlp/wiki/FAQ#how-do-i-pass-cookies-to-yt-dlp  for how to manually pass cookies. Also see  https://github.com/yt-dlp/yt-dlp/wiki/Extractors#exporting-youtube-cookies  for tips on effectively exporting YouTube cookies,False
,StarTalk,,youtube,science,7.24,,"The Science of Sleep, with Matt Walker",https://www.youtube.com/watch?v=KGKg_JjIGGQ,KGKg_JjIGGQ,ERROR: [youtube] KGKg_JjIGGQ: Sign in to confirm you’re not a bot. Use --cookies-from-browser or --cookies for the authentication. See  https://github.com/yt-dlp/yt-dlp/wiki/FAQ#how-do-i-pass-cookies-to-yt-dlp  for how to manually pass cookies. Also see  https://github.com/yt-dlp/yt-dlp/wiki/Extractors#exporting-youtube-cookies  for tips on effectively exporting YouTube cookies,False
,Hafu Go,,youtube,science,7.11,,Level 1 to 100 Science Experiments,https://www.youtube.com/watch?v=s9ALylTC9YQ,s9ALylTC9YQ,ERROR: [youtube] s9ALylTC9YQ: Sign in to confirm you’re not a bot. Use --cookies-from-browser or --cookies for the authentication. See  https://github.com/yt-dlp/yt-dlp/wiki/FAQ#how-do-i-pass-cookies-to-yt-dlp  for how to manually pass cookies. Also see  https://github.com/yt-dlp/yt-dlp/wiki/Extractors#exporting-youtube-cookies  for tips on effectively exporting YouTube cookies,False
,Science Magazine,,youtube,science,7.25,,Quakes and blasts help scientists understand Earth's elusive inner core,https://www.youtube.com/watch?v=nfsNPyxA5ck,nfsNPyxA5ck,ERROR: [youtube] nfsNPyxA5ck: Sign in to confirm you’re not a bot. Use --cookies-from-browser or --cookies for the authentication. See  https://github.com/yt-dlp/yt-dlp/wiki/FAQ#how-do-i-pass-cookies-to-yt-dlp  for how to manually pass cookies. Also see  https://github.com/yt-dlp/yt-dlp/wiki/Extractors#exporting-youtube-cookies  for tips on effectively exporting YouTube cookies,False
,BBC Earth Science,,youtube,science,7.14,,Five Wonders of our Universe | Universe | BBC Earth Science,https://www.youtube.com/watch?v=oz-Y1Xzx5iQ,oz-Y1Xzx5iQ,ERROR: [youtube] oz-Y1Xzx5iQ: Sign in to confirm you’re not a bot. Use --cookies-from-browser or --cookies for the authentication. See  https://github.com/yt-dlp/yt-dlp/wiki/FAQ#how-do-i-pass-cookies-to-yt-dlp  for how to manually pass cookies. Also see  https://github.com/yt-dlp/yt-dlp/wiki/Extractors#exporting-youtube-cookies  for tips on effectively exporting YouTube cookies,False
,Science Max - Scholastic,,youtube,science,7.34,,🥚 FRICTION EXPERIMENT & EGG STRENGTH TEST + More Experiments At Home | Science Max | NEW COMPILATION,https://www.youtube.com/watch?v=MxXAHOpFt9o,MxXAHOpFt9o,ERROR: [youtube] MxXAHOpFt9o: Sign in to confirm you’re not a bot. Use --cookies-from-browser or --cookies for the authentication. See  https://github.com/yt-dlp/yt-dlp/wiki/FAQ#how-do-i-pass-cookies-to-yt-dlp  for how to manually pass cookies. Also see  https://github.com/yt-dlp/yt-dlp/wiki/Extractors#exporting-youtube-cookies  for tips on effectively exporting YouTube cookies,False
,The Rest Is Science,,youtube,science,6.95,,The Scale Of The Universe,https://www.youtube.com/watch?v=9yGdvsASj5c,9yGdvsASj5c,ERROR: [youtube] 9yGdvsASj5c: Sign in to confirm you’re not a bot. Use --cookies-from-browser or --cookies for the authentication. See  https://github.com/yt-dlp/yt-dlp/wiki/FAQ#how-do-i-pass-cookies-to-yt-dlp  for how to manually pass cookies. Also see  https://github.com/yt-dlp/yt-dlp/wiki/Extractors#exporting-youtube-cookies  for tips on effectively exporting YouTube cookies,False
,Science Before Sleep,,youtube,science,7.05,,Science For Sleep | NASA Just Found a New Type of Cosmic Object,https://www.youtube.com/watch?v=HGHwAL5FniA,HGHwAL5FniA,ERROR: [youtube] HGHwAL5FniA: Sign in to confirm you’re not a bot. Use --cookies-from-browser or --cookies for the authentication. See  https://github.com/yt-dlp/yt-dlp/wiki/FAQ#how-do-i-pass-cookies-to-yt-dlp  for how to manually pass cookies. Also see  https://github.com/yt-dlp/yt-dlp/wiki/Extractors#exporting-youtube-cookies  for tips on effectively exporting YouTube cookies,False
,Science Magazine,,youtube,science,7.16,,We Don't Know: Gluten | What's really behind ‘gluten sensitivity’?,https://www.youtube.com/watch?v=3VAQ5pC7w_A,3VAQ5pC7w_A,ERROR: [youtube] 3VAQ5pC7w_A: Sign in to confirm you’re not a bot. Use --cookies-from-browser or --cookies for the authentication. See  https://github.com/yt-dlp/yt-dlp/wiki/FAQ#how-do-i-pass-cookies-to-yt-dlp  for how to manually pass cookies. Also see  https://github.com/yt-dlp/yt-dlp/wiki/Extractors#exporting-youtube-cookies  for tips on effectively exporting YouTube cookies,False
,Science Channel,,youtube,science,7.27,,"Blackholes, Aliens, and the Sun! | How the Universe Works | Science Channel",https://www.youtube.com/watch?v=5pJ-8s7fkFY,5pJ-8s7fkFY,ERROR: [youtube] 5pJ-8s7fkFY: Sign in to confirm you’re not a bot. Use --cookies-from-browser or --cookies for the authentication. See  https://github.com/yt-dlp/yt-dlp/wiki/FAQ#how-do-i-pass-cookies-to-yt-dlp  for how to manually pass cookies. Also see  https://github.com/yt-dlp/yt-dlp/wiki/Extractors#exporting-youtube-cookies  for tips on effectively exporting YouTube cookies,False
,Science Magazine,,youtube,science,7.33,,The biggest science breakthroughs of 2025,https://www.youtube.com/watch?v=AoyIj79D9o0,AoyIj79D9o0,ERROR: [youtube] AoyIj79D9o0: Sign in to confirm you’re not a bot. Use --cookies-from-browser or --cookies for the authentication. See  https://github.com/yt-dlp/yt-dlp/wiki/FAQ#how-do-i-pass-cookies-to-yt-dlp  for how to manually pass cookies. Also see  https://github.com/yt-dlp/yt-dlp/wiki/Extractors#exporting-youtube-cookies  for tips on effectively exporting YouTube cookies,False
,Sleepy Science Channel,,youtube,science,7.27,,4 Hours of Relaxing Ocean Facts to Fall Asleep To — Dreamy Science,https://www.youtube.com/watch?v=iOnpOkBpw5s,iOnpOkBpw5s,ERROR: [youtube] iOnpOkBpw5s: Sign in to confirm you’re not a bot. Use --cookies-from-browser or --cookies for the authentication. See  https://github.com/yt-dlp/yt-dlp/wiki/FAQ#how-do-i-pass-cookies-to-yt-dlp  for how to manually pass cookies. Also see  https://github.com/yt-dlp/yt-dlp/wiki/Extractors#exporting-youtube-cookies  for tips on effectively exporting YouTube cookies,False
,Science Channel,,youtube,science,6.78,,DESTRUCTION From the Cosmos! | How the Universe Works | Science Channel,https://www.youtube.com/watch?v=vzS7cEuInRY,vzS7cEuInRY,ERROR: [youtube] vzS7cEuInRY: Sign in to confirm you’re not a bot. Use --cookies-from-browser or --cookies for the authentication. See  https://github.com/yt-dlp/yt-dlp/wiki/FAQ#how-do-i-pass-cookies-to-yt-dlp  for how to manually pass cookies. Also see  https://github.com/yt-dlp/yt-dlp/wiki/Extractors#exporting-youtube-cookies  for tips on effectively exporting YouTube cookies,False
,Science Before Sleep,,youtube,science,6.86,,Science For Sleep | JWST Just Found the First Black Hole Inside a Star,https://www.youtube.com/watch?v=RzSXInRKENk,RzSXInRKENk,ERROR: [youtube] RzSXInRKENk: Sign in to confirm you’re not a bot. Use --cookies-from-browser or --cookies for the authentication. See  https://github.com/yt-dlp/yt-dlp/wiki/FAQ#how-do-i-pass-cookies-to-yt-dlp  for how to manually pass cookies. Also see  https://github.com/yt-dlp/yt-dlp/wiki/Extractors#exporting-youtube-cookies  for tips on effectively exporting YouTube cookies,False
,Hafu Go,,youtube,science,6.99,,Level 1 to 100 Science Gadgets,https://www.youtube.com/watch?v=yFRoKxOkNSk,yFRoKxOkNSk,ERROR: [youtube] yFRoKxOkNSk: Sign in to confirm you’re not a bot. Use --cookies-from-browser or --cookies for the authentication. See  https://github.com/yt-dlp/yt-dlp/wiki/FAQ#how-do-i-pass-cookies-to-yt-dlp  for how to manually pass cookies. Also see  https://github.com/yt-dlp/yt-dlp/wiki/Extractors#exporting-youtube-cookies  for tips on effectively exporting YouTube cookies,False
,Next Generation Science,,youtube,science,7.14,,Understanding Systems in Science,https://www.youtube.com/watch?v=iHkWq-LNizw,iHkWq-LNizw,ERROR: [youtube] iHkWq-LNizw: Sign in to confirm you’re not a bot. Use --cookies-from-browser or --cookies for the authentication. See  https://github.com/yt-dlp/yt-dlp/wiki/FAQ#how-do-i-pass-cookies-to-yt-dlp  for how to manually pass cookies. Also see  https://github.com/yt-dlp/yt-dlp/wiki/Extractors#exporting-youtube-cookies  for tips on effectively exporting YouTube cookies,False
,Science Channel,,youtube,science,7.63,,The Mysteries of Moons | How the Universe Works | Science Channel,https://www.youtube.com/watch?v=nXbXF6OnBbY,nXbXF6OnBbY,ERROR: [youtube] nXbXF6OnBbY: Sign in to confirm you’re not a bot. Use --cookies-from-browser or --cookies for the authentication. See  https://github.com/yt-dlp/yt-dlp/wiki/FAQ#how-do-i-pass-cookies-to-yt-dlp  for how to manually pass cookies. Also see  https://github.com/yt-dlp/yt-dlp/wiki/Extractors#exporting-youtube-cookies  for tips on effectively exporting YouTube cookies,False
,System Of A Down,,youtube,science,7.64,,Science,https://www.youtube.com/watch?v=n4W31QsA8NA,n4W31QsA8NA,ERROR: [youtube] n4W31QsA8NA: Sign in to confirm you’re not a bot. Use --cookies-from-browser or --cookies for the authentication. See  https://github.com/yt-dlp/yt-dlp/wiki/FAQ#how-do-i-pass-cookies-to-yt-dlp  for how to manually pass cookies. Also see  https://github.com/yt-dlp/yt-dlp/wiki/Extractors#exporting-youtube-cookies  for tips on effectively exporting YouTube cookies,False
,Science Magazine,,youtube,science,7.1,,Science explains: CRISPR diagnostics,https://www.youtube.com/watch?v=22F85FOAyik,22F85FOAyik,ERROR: [youtube] 22F85FOAyik: Sign in to confirm you’re not a bot. Use --cookies-from-browser or --cookies for the authentication. See  https://github.com/yt-dlp/yt-dlp/wiki/FAQ#how-do-i-pass-cookies-to-yt-dlp  for how to manually pass cookies. Also see  https://github.com/yt-dlp/yt-dlp/wiki/Extractors#exporting-youtube-cookies  for tips on effectively exporting YouTube cookies,False
,5-MINUTE MAGIC,,youtube,science,7.34,,29 SCIENCE TRICKS that look like real MAGIC,https://www.youtube.com/watch?v=NCjf6og4qHk,NCjf6og4qHk,ERROR: [youtube] NCjf6og4qHk: Sign in to confirm you’re not a bot. Use --cookies-from-browser or --cookies for the authentication. See  https://github.com/yt-dlp/yt-dlp/wiki/FAQ#how-do-i-pass-cookies-to-yt-dlp  for how to manually pass cookies. Also see  https://github.com/yt-dlp/yt-dlp/wiki/Extractors#exporting-youtube-cookies  for tips on effectively exporting YouTube cookies,False
,CrunchLabs and Mark Rober,,youtube,science,7.19,,Revealing 5 Secret Magic Tricks With Science,https://www.youtube.com/watch?v=02k8vRi5f_I,02k8vRi5f_I,ERROR: [youtube] 02k8vRi5f_I: Sign in to confirm you’re not a bot. Use --cookies-from-browser or --cookies for the authentication. See  https://github.com/yt-dlp/yt-dlp/wiki/FAQ#how-do-i-pass-cookies-to-yt-dlp  for how to manually pass cookies. Also see  https://github.com/yt-dlp/yt-dlp/wiki/Extractors#exporting-youtube-cookies  for tips on effectively exporting YouTube cookies,False
,CrunchLabs and Mark Rober,,youtube,science,7.47,,5 Easy At Home Science Experiments w/ Mark Rober,https://www.youtube.com/watch?v=ekUbBot8tDA,ekUbBot8tDA,ERROR: [youtube] ekUbBot8tDA: Sign in to confirm you’re not a bot. Use --cookies-from-browser or --cookies for the authentication. See  https://github.com/yt-dlp/yt-dlp/wiki/FAQ#how-do-i-pass-cookies-to-yt-dlp  for how to manually pass cookies. Also see  https://github.com/yt-dlp/yt-dlp/wiki/Extractors#exporting-youtube-cookies  for tips on effectively exporting YouTube cookies,False
,Inventor 101,,youtube,science,7.56,,40 Science Experiments - Experiments You Can Do at Home Compilation by Inventor 101,https://www.youtube.com/watch?v=_ZizKQqHNgI,_ZizKQqHNgI,ERROR: [youtube] _ZizKQqHNgI: Sign in to confirm you’re not a bot. Use --cookies-from-browser or --cookies for the authentication. See  https://github.com/yt-dlp/yt-dlp/wiki/FAQ#how-do-i-pass-cookies-to-yt-dlp  for how to manually pass cookies. Also see  https://github.com/yt-dlp/yt-dlp/wiki/Extractors#exporting-youtube-cookies  for tips on effectively exporting YouTube cookies,False
,VisioNil,,youtube,science,7.51,,20 AMAZING SCIENCE EXPERIMENTS Compilation At Home,https://www.youtube.com/watch?v=s87FhnwMcD0,s87FhnwMcD0,ERROR: [youtube] s87FhnwMcD0: Sign in to confirm you’re not a bot. Use --cookies-from-browser or --cookies for the authentication. See  https://github.com/yt-dlp/yt-dlp/wiki/FAQ#how-do-i-pass-cookies-to-yt-dlp  for how to manually pass cookies. Also see  https://github.com/yt-dlp/yt-dlp/wiki/Extractors#exporting-youtube-cookies  for tips on effectively exporting YouTube cookies,False
,Sleepy Science Channel,,youtube,science,7.13,,The Most Relaxing Facts About Extreme Astronomy to Fall Asleep To,https://www.youtube.com/watch?v=D6M128PGshg,D6M128PGshg,ERROR: [youtube] D6M128PGshg: Sign in to confirm you’re not a bot. Use --cookies-from-browser or --cookies for the authentication. See  https://github.com/yt-dlp/yt-dlp/wiki/FAQ#how-do-i-pass-cookies-to-yt-dlp  for how to manually pass cookies. Also see  https://github.com/yt-dlp/yt-dlp/wiki/Extractors#exporting-youtube-cookies  for tips on effectively exporting YouTube cookies,False
,Paisley's Corner - Educational Videos for Kids,,youtube,science,7.46,,Fun Science for Kids with Silly Miss Lily & Paisley! 2+ Hours of STEM Learning | FUN Videos for Kids,https://www.youtube.com/watch?v=8iP53DVLiwM,8iP53DVLiwM,ERROR: [youtube] 8iP53DVLiwM: This video is not available,False
,Some Guy Who Knows Stuff,,youtube,science,8.56,,Questions That Science Still Can’t Explain,https://www.youtube.com/watch?v=XVQdhpwO75g,XVQdhpwO75g,ERROR: [youtube] XVQdhpwO75g: Sign in to confirm you’re not a bot. Use --cookies-from-browser or --cookies for the authentication. See  https://github.com/yt-dlp/yt-dlp/wiki/FAQ#how-do-i-pass-cookies-to-yt-dlp  for how to manually pass cookies. Also see  https://github.com/yt-dlp/yt-dlp/wiki/Extractors#exporting-youtube-cookies  for tips on effectively exporting YouTube cookies,False
,Veritasium,,youtube,science,7.25,,We've Been Using The Wrong Science In Court For 50 years,https://www.youtube.com/watch?v=mvcesPWvUIc,mvcesPWvUIc,ERROR: [youtube] mvcesPWvUIc: Sign in to confirm you’re not a bot. Use --cookies-from-browser or --cookies for the authentication. See  https://github.com/yt-dlp/yt-dlp/wiki/FAQ#how-do-i-pass-cookies-to-yt-dlp  for how to manually pass cookies. Also see  https://github.com/yt-dlp/yt-dlp/wiki/Extractors#exporting-youtube-cookies  for tips on effectively exporting YouTube cookies,False
,ABC Science and ABC Australia,,youtube,science,7.25,,The Professor Who Taught People How To Think (1962),https://www.youtube.com/watch?v=rBN5SWCReJQ,rBN5SWCReJQ,ERROR: [youtube] rBN5SWCReJQ: Sign in to confirm you’re not a bot. Use --cookies-from-browser or --cookies for the authentication. See  https://github.com/yt-dlp/yt-dlp/wiki/FAQ#how-do-i-pass-cookies-to-yt-dlp  for how to manually pass cookies. Also see  https://github.com/yt-dlp/yt-dlp/wiki/Extractors#exporting-youtube-cookies  for tips on effectively exporting YouTube cookies,False
,ARY News,,youtube,news,7.24,,🔴 ARY NEWS LIVE | Latest Pakistan News 𝟐𝟒/𝟕 | Headlines - Bulletins - Breaking News - Latest Updates,https://www.youtube.com/watch?v=5FW9ZVMR_7M,5FW9ZVMR_7M,ERROR: [youtube] 5FW9ZVMR_7M: Sign in to confirm you’re not a bot. Use --cookies-from-browser or --cookies for the authentication. See  https://github.com/yt-dlp/yt-dlp/wiki/FAQ#how-do-i-pass-cookies-to-yt-dlp  for how to manually pass cookies. Also see  https://github.com/yt-dlp/yt-dlp/wiki/Extractors#exporting-youtube-cookies  for tips on effectively exporting YouTube cookies,False
,Fun Science,,youtube,science,7.57,,100 EASY SCIENCE EXPERIMENTS with Explanation - PART 1 (1-50),https://www.youtube.com/watch?v=t8pcKyc3XbM,t8pcKyc3XbM,ERROR: [youtube] t8pcKyc3XbM: Sign in to confirm you’re not a bot. Use --cookies-from-browser or --cookies for the authentication. See  https://github.com/yt-dlp/yt-dlp/wiki/FAQ#how-do-i-pass-cookies-to-yt-dlp  for how to manually pass cookies. Also see  https://github.com/yt-dlp/yt-dlp/wiki/Extractors#exporting-youtube-cookies  for tips on effectively exporting YouTube cookies,False
,9 News Australia,,youtube,news,7.31,,Sinking apartment complex costs owners hefty fee | 9 News Australia,https://www.youtube.com/watch?v=NmYoG4UzlJk,NmYoG4UzlJk,ERROR: [youtube] NmYoG4UzlJk: Sign in to confirm you’re not a bot. Use --cookies-from-browser or --cookies for the authentication. See  https://github.com/yt-dlp/yt-dlp/wiki/FAQ#how-do-i-pass-cookies-to-yt-dlp  for how to manually pass cookies. Also see  https://github.com/yt-dlp/yt-dlp/wiki/Extractors#exporting-youtube-cookies  for tips on effectively exporting YouTube cookies,False
,Entertainment Tonight,,youtube,news,7.02,,Maria Bartiromo Speaks Out After Fox News Firing: Her CRYPTIC Message to Viewers,https://www.youtube.com/watch?v=P1aEOfjMvRs,P1aEOfjMvRs,ERROR: [youtube] P1aEOfjMvRs: Sign in to confirm you’re not a bot. Use --cookies-from-browser or --cookies for the authentication. See  https://github.com/yt-dlp/yt-dlp/wiki/FAQ#how-do-i-pass-cookies-to-yt-dlp  for how to manually pass cookies. Also see  https://github.com/yt-dlp/yt-dlp/wiki/Extractors#exporting-youtube-cookies  for tips on effectively exporting YouTube cookies,False
,Geo News,,youtube,news,7.27,,Saudi Arabia quits China-led cross-border currency platform | Geo News 2PM Headlines 20 Sept 2026,https://www.youtube.com/watch?v=JjF0kPG9V7Y,JjF0kPG9V7Y,ERROR: [youtube] JjF0kPG9V7Y: Sign in to confirm you’re not a bot. Use --cookies-from-browser or --cookies for the authentication. See  https://github.com/yt-dlp/yt-dlp/wiki/FAQ#how-do-i-pass-cookies-to-yt-dlp  for how to manually pass cookies. Also see  https://github.com/yt-dlp/yt-dlp/wiki/Extractors#exporting-youtube-cookies  for tips on effectively exporting YouTube cookies,False
,E! News,,youtube,news,6.85,,Kim Kardashian Shares Esophagitis Diagnosis Related to Dad's Cancer | E! News,https://www.youtube.com/watch?v=gPOOfUxvc0w,gPOOfUxvc0w,ERROR: [youtube] gPOOfUxvc0w: Sign in to confirm you’re not a bot. Use --cookies-from-browser or --cookies for the authentication. See  https://github.com/yt-dlp/yt-dlp/wiki/FAQ#how-do-i-pass-cookies-to-yt-dlp  for how to manually pass cookies. Also see  https://github.com/yt-dlp/yt-dlp/wiki/Extractors#exporting-youtube-cookies  for tips on effectively exporting YouTube cookies,False
,Geo News,,youtube,news,7.36,,"Pakistan, Türkiye Take Action on Saudi Defense Needs | 6 AM GEO News Headlines | 20th Sep 2026",https://www.youtube.com/watch?v=PF1qCKultVc,PF1qCKultVc,ERROR: [youtube] PF1qCKultVc: Sign in to confirm you’re not a bot. Use --cookies-from-browser or --cookies for the authentication. See  https://github.com/yt-dlp/yt-dlp/wiki/FAQ#how-do-i-pass-cookies-to-yt-dlp  for how to manually pass cookies. Also see  https://github.com/yt-dlp/yt-dlp/wiki/Extractors#exporting-youtube-cookies  for tips on effectively exporting YouTube cookies,False
,ABC News,,youtube,news,7.61,,"ABC World News Tonight with David Muir Full Broadcast - Sept. 8, 2026",https://www.youtube.com/watch?v=R1t8Cwq2CLg,R1t8Cwq2CLg,ERROR: [youtube] R1t8Cwq2CLg: Sign in to confirm you’re not a bot. Use --cookies-from-browser or --cookies for the authentication. See  https://github.com/yt-dlp/yt-dlp/wiki/FAQ#how-do-i-pass-cookies-to-yt-dlp  for how to manually pass cookies. Also see  https://github.com/yt-dlp/yt-dlp/wiki/Extractors#exporting-youtube-cookies  for tips on effectively exporting YouTube cookies,False
,7NEWS Australia,,youtube,news,7.23,,Security scare on Melbourne to Doha flight | 7NEWS,https://www.youtube.com/watch?v=FW9rShB45Gg,FW9rShB45Gg,ERROR: [youtube] FW9rShB45Gg: Sign in to confirm you’re not a bot. Use --cookies-from-browser or --cookies for the authentication. See  https://github.com/yt-dlp/yt-dlp/wiki/FAQ#how-do-i-pass-cookies-to-yt-dlp  for how to manually pass cookies. Also see  https://github.com/yt-dlp/yt-dlp/wiki/Extractors#exporting-youtube-cookies  for tips on effectively exporting YouTube cookies,False
,CBC News,,youtube,news,7.28,,I’ve tracked El Niño for years. I’ve never seen this before,https://www.youtube.com/watch?v=9OixPlkyrhc,9OixPlkyrhc,ERROR: [youtube] 9OixPlkyrhc: Sign in to confirm you’re not a bot. Use --cookies-from-browser or --cookies for the authentication. See  https://github.com/yt-dlp/yt-dlp/wiki/FAQ#how-do-i-pass-cookies-to-yt-dlp  for how to manually pass cookies. Also see  https://github.com/yt-dlp/yt-dlp/wiki/Extractors#exporting-youtube-cookies  for tips on effectively exporting YouTube cookies,False
,FOX 5 Atlanta,,youtube,news,7.23,,Georgia steakhouse kitchen footage goes viral | FOX 5 News,https://www.youtube.com/watch?v=qyqvSG2GDHc,qyqvSG2GDHc,ERROR: [youtube] qyqvSG2GDHc: Sign in to confirm you’re not a bot. Use --cookies-from-browser or --cookies for the authentication. See  https://github.com/yt-dlp/yt-dlp/wiki/FAQ#how-do-i-pass-cookies-to-yt-dlp  for how to manually pass cookies. Also see  https://github.com/yt-dlp/yt-dlp/wiki/Extractors#exporting-youtube-cookies  for tips on effectively exporting YouTube cookies,False
,9 News Australia,,youtube,news,7.3,,Woolworths staff caught on camera 'scoping out' rival IGA store | 9 News Australia,https://www.youtube.com/watch?v=X4RRkb0gx_8,X4RRkb0gx_8,ERROR: [youtube] X4RRkb0gx_8: Sign in to confirm you’re not a bot. Use --cookies-from-browser or --cookies for the authentication. See  https://github.com/yt-dlp/yt-dlp/wiki/FAQ#how-do-i-pass-cookies-to-yt-dlp  for how to manually pass cookies. Also see  https://github.com/yt-dlp/yt-dlp/wiki/Extractors#exporting-youtube-cookies  for tips on effectively exporting YouTube cookies,False
,ABC News,,youtube,news,7.07,,"ABC World News Tonight with David Muir Full Broadcast - Sept. 10, 2026",https://www.youtube.com/watch?v=jUkT0JL0Cjg,jUkT0JL0Cjg,ERROR: [youtube] jUkT0JL0Cjg: Sign in to confirm you’re not a bot. Use --cookies-from-browser or --cookies for the authentication. See  https://github.com/yt-dlp/yt-dlp/wiki/FAQ#how-do-i-pass-cookies-to-yt-dlp  for how to manually pass cookies. Also see  https://github.com/yt-dlp/yt-dlp/wiki/Extractors#exporting-youtube-cookies  for tips on effectively exporting YouTube cookies,False
,ABC News,,youtube,news,7.23,,"ABC World News Tonight with David Muir Full Broadcast - Sept. 13, 2026",https://www.youtube.com/watch?v=BnXFSnFSw6E,BnXFSnFSw6E,ERROR: [youtube] BnXFSnFSw6E: Sign in to confirm you’re not a bot. Use --cookies-from-browser or --cookies for the authentication. See  https://github.com/yt-dlp/yt-dlp/wiki/FAQ#how-do-i-pass-cookies-to-yt-dlp  for how to manually pass cookies. Also see  https://github.com/yt-dlp/yt-dlp/wiki/Extractors#exporting-youtube-cookies  for tips on effectively exporting YouTube cookies,False
,9 News Australia,,youtube,news,7.53,,Council garden decision leaves residents plucked | 9 News Australia,https://www.youtube.com/watch?v=NatBsyY5u2k,NatBsyY5u2k,ERROR: [youtube] NatBsyY5u2k: Sign in to confirm you’re not a bot. Use --cookies-from-browser or --cookies for the authentication. See  https://github.com/yt-dlp/yt-dlp/wiki/FAQ#how-do-i-pass-cookies-to-yt-dlp  for how to manually pass cookies. Also see  https://github.com/yt-dlp/yt-dlp/wiki/Extractors#exporting-youtube-cookies  for tips on effectively exporting YouTube cookies,False
,Toxic,,youtube,travel,7.46,,Travel To HYD✈️For BMSD 2026 | GoSolo Rapid Chaos Esports♥️,https://www.youtube.com/watch?v=jK8QMX7zge4,jK8QMX7zge4,ERROR: [youtube] jK8QMX7zge4: Sign in to confirm you’re not a bot. Use --cookies-from-browser or --cookies for the authentication. See  https://github.com/yt-dlp/yt-dlp/wiki/FAQ#how-do-i-pass-cookies-to-yt-dlp  for how to manually pass cookies. Also see  https://github.com/yt-dlp/yt-dlp/wiki/Extractors#exporting-youtube-cookies  for tips on effectively exporting YouTube cookies,False
,Tim Janis,,youtube,nature,7.41,,"Switzerland  AMAZING Beautiful Nature with Soothing Relaxing Music, 4k Ultra HD by Tim Janis",https://www.youtube.com/watch?v=QVGwC-tywO4,QVGwC-tywO4,ERROR: [youtube] QVGwC-tywO4: Sign in to confirm you’re not a bot. Use --cookies-from-browser or --cookies for the authentication. See  https://github.com/yt-dlp/yt-dlp/wiki/FAQ#how-do-i-pass-cookies-to-yt-dlp  for how to manually pass cookies. Also see  https://github.com/yt-dlp/yt-dlp/wiki/Extractors#exporting-youtube-cookies  for tips on effectively exporting YouTube cookies,False
,Eureka Travel Explorer,,youtube,travel,7.95,,The Real Bali Most People Miss | 4K Travel Documentary,https://www.youtube.com/watch?v=sY6BGVE-PBE,sY6BGVE-PBE,ERROR: [youtube] sY6BGVE-PBE: Sign in to confirm you’re not a bot. Use --cookies-from-browser or --cookies for the authentication. See  https://github.com/yt-dlp/yt-dlp/wiki/FAQ#how-do-i-pass-cookies-to-yt-dlp  for how to manually pass cookies. Also see  https://github.com/yt-dlp/yt-dlp/wiki/Extractors#exporting-youtube-cookies  for tips on effectively exporting YouTube cookies,False
,Relaxation Film,,youtube,nature,7.8,,The Ocean (4K UltraHD)- Relaxation Film - Peaceful Relaxing Music - 4k Video UltraHD,https://www.youtube.com/watch?v=YFmV_MRSD7M,YFmV_MRSD7M,ERROR: [youtube] YFmV_MRSD7M: Sign in to confirm you’re not a bot. Use --cookies-from-browser or --cookies for the authentication. See  https://github.com/yt-dlp/yt-dlp/wiki/FAQ#how-do-i-pass-cookies-to-yt-dlp  for how to manually pass cookies. Also see  https://github.com/yt-dlp/yt-dlp/wiki/Extractors#exporting-youtube-cookies  for tips on effectively exporting YouTube cookies,False
,8K VISION,,youtube,nature,7.51,,Unreal Nature Moments You’ve Never Seen | 4K HDR 60FPS (Dolby Vision),https://www.youtube.com/watch?v=VFAiX5UluU4,VFAiX5UluU4,ERROR: [youtube] VFAiX5UluU4: Sign in to confirm you’re not a bot. Use --cookies-from-browser or --cookies for the authentication. See  https://github.com/yt-dlp/yt-dlp/wiki/FAQ#how-do-i-pass-cookies-to-yt-dlp  for how to manually pass cookies. Also see  https://github.com/yt-dlp/yt-dlp/wiki/Extractors#exporting-youtube-cookies  for tips on effectively exporting YouTube cookies,False
,Nature Paradise and 3 more,,youtube,nature,7.64,,"Calming Music for the Nervous System 🌿 Relaxing Music & Nature Sounds for Sleeping, Stress Relief",https://www.youtube.com/watch?v=ZYEQiFxnYFg,ZYEQiFxnYFg,ERROR: [youtube] ZYEQiFxnYFg: Sign in to confirm you’re not a bot. Use --cookies-from-browser or --cookies for the authentication. See  https://github.com/yt-dlp/yt-dlp/wiki/FAQ#how-do-i-pass-cookies-to-yt-dlp  for how to manually pass cookies. Also see  https://github.com/yt-dlp/yt-dlp/wiki/Extractors#exporting-youtube-cookies  for tips on effectively exporting YouTube cookies,False
,Nature Relaxation Films,,youtube,nature,7.68,,11 HOURS Stunning 4K Underwater footage + Music | Nature Relaxation™ Rare & Colorful Sea Life Video,https://www.youtube.com/watch?v=G52dUQLxPzg,G52dUQLxPzg,ERROR: [youtube] G52dUQLxPzg: Sign in to confirm you’re not a bot. Use --cookies-from-browser or --cookies for the authentication. See  https://github.com/yt-dlp/yt-dlp/wiki/FAQ#how-do-i-pass-cookies-to-yt-dlp  for how to manually pass cookies. Also see  https://github.com/yt-dlp/yt-dlp/wiki/Extractors#exporting-youtube-cookies  for tips on effectively exporting YouTube cookies,False
,Scenic Peace,,youtube,nature,7.32,,National Parks 4K Scenic Peace Relaxation Film (Calming Music),https://www.youtube.com/watch?v=q2_c2_WfJFg,q2_c2_WfJFg,ERROR: [youtube] q2_c2_WfJFg: Sign in to confirm you’re not a bot. Use --cookies-from-browser or --cookies for the authentication. See  https://github.com/yt-dlp/yt-dlp/wiki/FAQ#how-do-i-pass-cookies-to-yt-dlp  for how to manually pass cookies. Also see  https://github.com/yt-dlp/yt-dlp/wiki/Extractors#exporting-youtube-cookies  for tips on effectively exporting YouTube cookies,False
,Enjoy Relaxation,,youtube,nature,7.39,,FLYING OVER RACHA (4K UHD) – Soothing Music Along With Beautiful Nature Video - 4K Video ULTRA HD,https://www.youtube.com/watch?v=G3lEX7V1SQ4,G3lEX7V1SQ4,ERROR: [youtube] G3lEX7V1SQ4: Sign in to confirm you’re not a bot. Use --cookies-from-browser or --cookies for the authentication. See  https://github.com/yt-dlp/yt-dlp/wiki/FAQ#how-do-i-pass-cookies-to-yt-dlp  for how to manually pass cookies. Also see  https://github.com/yt-dlp/yt-dlp/wiki/Extractors#exporting-youtube-cookies  for tips on effectively exporting YouTube cookies,False
,BBC Earth,,youtube,nature,7.55,,The Incredible Wildlife of Hidden Forests | BBC Earth,https://www.youtube.com/watch?v=oo9c9HC-pmM,oo9c9HC-pmM,ERROR: [youtube] oo9c9HC-pmM: Sign in to confirm you’re not a bot. Use --cookies-from-browser or --cookies for the authentication. See  https://github.com/yt-dlp/yt-dlp/wiki/FAQ#how-do-i-pass-cookies-to-yt-dlp  for how to manually pass cookies. Also see  https://github.com/yt-dlp/yt-dlp/wiki/Extractors#exporting-youtube-cookies  for tips on effectively exporting YouTube cookies,False
,Naturescapes,,youtube,nature,7.53,,4K Moraine Lake Relaxation | Soothing Water Ambience | Peaceful Nature Sounds for Sleep & Study,https://www.youtube.com/watch?v=Se5NjX-cM5I,Se5NjX-cM5I,ERROR: [youtube] Se5NjX-cM5I: Sign in to confirm you’re not a bot. Use --cookies-from-browser or --cookies for the authentication. See  https://github.com/yt-dlp/yt-dlp/wiki/FAQ#how-do-i-pass-cookies-to-yt-dlp  for how to manually pass cookies. Also see  https://github.com/yt-dlp/yt-dlp/wiki/Extractors#exporting-youtube-cookies  for tips on effectively exporting YouTube cookies,False
,Naturescapes,,youtube,nature,7.11,,Gentle Woodland Stream and Birdsong | Relaxing Forest Nature Sounds for Focus & Calm,https://www.youtube.com/watch?v=Xv2NElOHo-0,Xv2NElOHo-0,ERROR: [youtube] Xv2NElOHo-0: Sign in to confirm you’re not a bot. Use --cookies-from-browser or --cookies for the authentication. See  https://github.com/yt-dlp/yt-dlp/wiki/FAQ#how-do-i-pass-cookies-to-yt-dlp  for how to manually pass cookies. Also see  https://github.com/yt-dlp/yt-dlp/wiki/Extractors#exporting-youtube-cookies  for tips on effectively exporting YouTube cookies,False
,Forest365,,youtube,nature,7.35,,"Relaxing Nature Sounds, Clear Green Forest Stream Flows, Birds Chirping",https://www.youtube.com/watch?v=5uT_GN57-MA,5uT_GN57-MA,ERROR: [youtube] 5uT_GN57-MA: Sign in to confirm you’re not a bot. Use --cookies-from-browser or --cookies for the authentication. See  https://github.com/yt-dlp/yt-dlp/wiki/FAQ#how-do-i-pass-cookies-to-yt-dlp  for how to manually pass cookies. Also see  https://github.com/yt-dlp/yt-dlp/wiki/Extractors#exporting-youtube-cookies  for tips on effectively exporting YouTube cookies,False
,Lifeder,,youtube,nature,7.41,,UNREAL NORWAY 4K | Nature Beyond Imagination,https://www.youtube.com/watch?v=SHbALcT9WrI,SHbALcT9WrI,ERROR: [youtube] SHbALcT9WrI: Sign in to confirm you’re not a bot. Use --cookies-from-browser or --cookies for the authentication. See  https://github.com/yt-dlp/yt-dlp/wiki/FAQ#how-do-i-pass-cookies-to-yt-dlp  for how to manually pass cookies. Also see  https://github.com/yt-dlp/yt-dlp/wiki/Extractors#exporting-youtube-cookies  for tips on effectively exporting YouTube cookies,False
,Rhythm Emotion,,youtube,nature,7.64,,Incredible Wildlife in Stunning 4K - Peaceful natural scenery with relaxing Piano & Guitar Music,https://www.youtube.com/watch?v=57fx6w0uLzs,57fx6w0uLzs,ERROR: [youtube] 57fx6w0uLzs: Sign in to confirm you’re not a bot. Use --cookies-from-browser or --cookies for the authentication. See  https://github.com/yt-dlp/yt-dlp/wiki/FAQ#how-do-i-pass-cookies-to-yt-dlp  for how to manually pass cookies. Also see  https://github.com/yt-dlp/yt-dlp/wiki/Extractors#exporting-youtube-cookies  for tips on effectively exporting YouTube cookies,False
,NATURE RELAX,,youtube,nature,7.98,,"Beautiful Relaxing Music🌿 Stop Overthinking, Stress Relief Music, Sleep Music",https://www.youtube.com/watch?v=wJclTClKpfw,wJclTClKpfw,ERROR: [youtube] wJclTClKpfw: Sign in to confirm you’re not a bot. Use --cookies-from-browser or --cookies for the authentication. See  https://github.com/yt-dlp/yt-dlp/wiki/FAQ#how-do-i-pass-cookies-to-yt-dlp  for how to manually pass cookies. Also see  https://github.com/yt-dlp/yt-dlp/wiki/Extractors#exporting-youtube-cookies  for tips on effectively exporting YouTube cookies,False
,PRIMAL EARTH ,,youtube,nature,7.27,,6 hours Magnificent Views of the Earth 4k with Relaxation Music,https://www.youtube.com/watch?v=WZFIo4yj17c,WZFIo4yj17c,ERROR: [youtube] WZFIo4yj17c: Sign in to confirm you’re not a bot. Use --cookies-from-browser or --cookies for the authentication. See  https://github.com/yt-dlp/yt-dlp/wiki/FAQ#how-do-i-pass-cookies-to-yt-dlp  for how to manually pass cookies. Also see  https://github.com/yt-dlp/yt-dlp/wiki/Extractors#exporting-youtube-cookies  for tips on effectively exporting YouTube cookies,False
,BBC Earth,,youtube,nature,7.03,,Breathtaking Nature in 4K | BBC Earth,https://www.youtube.com/watch?v=pJxeyK7it0o,pJxeyK7it0o,ERROR: [youtube] pJxeyK7it0o: Sign in to confirm you’re not a bot. Use --cookies-from-browser or --cookies for the authentication. See  https://github.com/yt-dlp/yt-dlp/wiki/FAQ#how-do-i-pass-cookies-to-yt-dlp  for how to manually pass cookies. Also see  https://github.com/yt-dlp/yt-dlp/wiki/Extractors#exporting-youtube-cookies  for tips on effectively exporting YouTube cookies,False
,4K Planet Earth,,youtube,nature,7.38,,Canada (4K UHD) Amazing Beautiful Nature Scenery - Travel Nature | 4K Planet Earth,https://www.youtube.com/watch?v=05MF_6XN374,05MF_6XN374,ERROR: [youtube] 05MF_6XN374: Sign in to confirm you’re not a bot. Use --cookies-from-browser or --cookies for the authentication. See  https://github.com/yt-dlp/yt-dlp/wiki/FAQ#how-do-i-pass-cookies-to-yt-dlp  for how to manually pass cookies. Also see  https://github.com/yt-dlp/yt-dlp/wiki/Extractors#exporting-youtube-cookies  for tips on effectively exporting YouTube cookies,False
,Relaxation Film and Eterna Vista,,youtube,nature,7.63,,SWITZERLAND • 4K Relaxation Film: Winter to Spring • Relaxing Music - Nature 4k Video Ultra HD,https://www.youtube.com/watch?v=B9VRvOKKwfs,B9VRvOKKwfs,ERROR: [youtube] B9VRvOKKwfs: Sign in to confirm you’re not a bot. Use --cookies-from-browser or --cookies for the authentication. See  https://github.com/yt-dlp/yt-dlp/wiki/FAQ#how-do-i-pass-cookies-to-yt-dlp  for how to manually pass cookies. Also see  https://github.com/yt-dlp/yt-dlp/wiki/Extractors#exporting-youtube-cookies  for tips on effectively exporting YouTube cookies,False
,BBC Earth,,youtube,nature,7.27,,Stunning 4K Underwater Nature Footage | BBC Earth,https://www.youtube.com/watch?v=UTuAIid6x28,UTuAIid6x28,ERROR: [youtube] UTuAIid6x28: Sign in to confirm you’re not a bot. Use --cookies-from-browser or --cookies for the authentication. See  https://github.com/yt-dlp/yt-dlp/wiki/FAQ#how-do-i-pass-cookies-to-yt-dlp  for how to manually pass cookies. Also see  https://github.com/yt-dlp/yt-dlp/wiki/Extractors#exporting-youtube-cookies  for tips on effectively exporting YouTube cookies,False
,Relaxation Film and Eterna Vista,,youtube,nature,7.41,,Cute Baby Animals 🐻 4K - Relaxation Film with Peaceful Relaxing Music and Animals Video Ultra HD,https://www.youtube.com/watch?v=RhOwyHWGqWg,RhOwyHWGqWg,ERROR: [youtube] RhOwyHWGqWg: This video is not available,False
,Nature Relaxation Films,,youtube,nature,7.59,,12HR Ambient Underwater 4K Nature Relaxation Film: Treasures of the Ocean - Colorful Sea Life,https://www.youtube.com/watch?v=znnSGHMnCzo,znnSGHMnCzo,ERROR: [youtube] znnSGHMnCzo: Sign in to confirm you’re not a bot. Use --cookies-from-browser or --cookies for the authentication. See  https://github.com/yt-dlp/yt-dlp/wiki/FAQ#how-do-i-pass-cookies-to-yt-dlp  for how to manually pass cookies. Also see  https://github.com/yt-dlp/yt-dlp/wiki/Extractors#exporting-youtube-cookies  for tips on effectively exporting YouTube cookies,False
,World Tour,,youtube,nature,7.37,,NATURAL WONDERS: The Wildest Places on Earth,https://www.youtube.com/watch?v=ABnPPtlv6cE,ABnPPtlv6cE,ERROR: [youtube] ABnPPtlv6cE: Sign in to confirm you’re not a bot. Use --cookies-from-browser or --cookies for the authentication. See  https://github.com/yt-dlp/yt-dlp/wiki/FAQ#how-do-i-pass-cookies-to-yt-dlp  for how to manually pass cookies. Also see  https://github.com/yt-dlp/yt-dlp/wiki/Extractors#exporting-youtube-cookies  for tips on effectively exporting YouTube cookies,False
,BBC Earth,,youtube,nature,7.81,,Unbelievable Moments From Nature - Narrated by David Attenborough | BBC Earth,https://www.youtube.com/watch?v=JV7r8yV_eGg,JV7r8yV_eGg,ERROR: [youtube] JV7r8yV_eGg: Sign in to confirm you’re not a bot. Use --cookies-from-browser or --cookies for the authentication. See  https://github.com/yt-dlp/yt-dlp/wiki/FAQ#how-do-i-pass-cookies-to-yt-dlp  for how to manually pass cookies. Also see  https://github.com/yt-dlp/yt-dlp/wiki/Extractors#exporting-youtube-cookies  for tips on effectively exporting YouTube cookies,False
,BBC Earth and BBC Studios,,youtube,nature,7.63,,4 Hours Of Remarkable Wildlife Narrated By David Attenborough | 4K UHD | BBC Earth,https://www.youtube.com/watch?v=asaBsrIJ25c,asaBsrIJ25c,ERROR: [youtube] asaBsrIJ25c: Sign in to confirm you’re not a bot. Use --cookies-from-browser or --cookies for the authentication. See  https://github.com/yt-dlp/yt-dlp/wiki/FAQ#how-do-i-pass-cookies-to-yt-dlp  for how to manually pass cookies. Also see  https://github.com/yt-dlp/yt-dlp/wiki/Extractors#exporting-youtube-cookies  for tips on effectively exporting YouTube cookies,False
,Relaxation Film,,youtube,nature,7.56,,Forest Nature 4K • Relaxation Film with Peaceful Meditation Music,https://www.youtube.com/watch?v=jfzs_FR1Hss,jfzs_FR1Hss,ERROR: [youtube] jfzs_FR1Hss: Sign in to confirm you’re not a bot. Use --cookies-from-browser or --cookies for the authentication. See  https://github.com/yt-dlp/yt-dlp/wiki/FAQ#how-do-i-pass-cookies-to-yt-dlp  for how to manually pass cookies. Also see  https://github.com/yt-dlp/yt-dlp/wiki/Extractors#exporting-youtube-cookies  for tips on effectively exporting YouTube cookies,False
,BBC Earth,,youtube,nature,7.61,,3 Hours of Incredible 4K Nature Footage | BBC Earth,https://www.youtube.com/watch?v=5PQYM_KSXag,5PQYM_KSXag,ERROR: [youtube] 5PQYM_KSXag: Sign in to confirm you’re not a bot. Use --cookies-from-browser or --cookies for the authentication. See  https://github.com/yt-dlp/yt-dlp/wiki/FAQ#how-do-i-pass-cookies-to-yt-dlp  for how to manually pass cookies. Also see  https://github.com/yt-dlp/yt-dlp/wiki/Extractors#exporting-youtube-cookies  for tips on effectively exporting YouTube cookies,False
,Streaming Birds,,youtube,nature,7.51,,"FOREST STREAM SOUNDS, GENTLE BIRD SONG, RELAXING NATURE SOUNDS, COLLABORATION WITH@GoodMorningBirds",https://www.youtube.com/watch?v=1wn-OSiNVjE,1wn-OSiNVjE,ERROR: [youtube] 1wn-OSiNVjE: Sign in to confirm you’re not a bot. Use --cookies-from-browser or --cookies for the authentication. See  https://github.com/yt-dlp/yt-dlp/wiki/FAQ#how-do-i-pass-cookies-to-yt-dlp  for how to manually pass cookies. Also see  https://github.com/yt-dlp/yt-dlp/wiki/Extractors#exporting-youtube-cookies  for tips on effectively exporting YouTube cookies,False
,PRIMAL EARTH ,,youtube,nature,7.71,,10 Hours Fantastic Views of Nature 4K with Relaxation Music,https://www.youtube.com/watch?v=AKeUssuu3Is,AKeUssuu3Is,ERROR: [youtube] AKeUssuu3Is: Sign in to confirm you’re not a bot. Use --cookies-from-browser or --cookies for the authentication. See  https://github.com/yt-dlp/yt-dlp/wiki/FAQ#how-do-i-pass-cookies-to-yt-dlp  for how to manually pass cookies. Also see  https://github.com/yt-dlp/yt-dlp/wiki/Extractors#exporting-youtube-cookies  for tips on effectively exporting YouTube cookies,False
,BBC Earth,,youtube,nature,7.41,,3 Hours of Epic Nature Footage in 4K | 4K UHD | BBC Earth,https://www.youtube.com/watch?v=8DIv6eU5kM8,8DIv6eU5kM8,ERROR: [youtube] 8DIv6eU5kM8: Sign in to confirm you’re not a bot. Use --cookies-from-browser or --cookies for the authentication. See  https://github.com/yt-dlp/yt-dlp/wiki/FAQ#how-do-i-pass-cookies-to-yt-dlp  for how to manually pass cookies. Also see  https://github.com/yt-dlp/yt-dlp/wiki/Extractors#exporting-youtube-cookies  for tips on effectively exporting YouTube cookies,False
,BBC Earth,,youtube,nature,7.1,,Awe-Inspiring Nature Scenes in 4K UHD | BBC Earth,https://www.youtube.com/watch?v=No45YnGEwPI,No45YnGEwPI,ERROR: [youtube] No45YnGEwPI: Sign in to confirm you’re not a bot. Use --cookies-from-browser or --cookies for the authentication. See  https://github.com/yt-dlp/yt-dlp/wiki/FAQ#how-do-i-pass-cookies-to-yt-dlp  for how to manually pass cookies. Also see  https://github.com/yt-dlp/yt-dlp/wiki/Extractors#exporting-youtube-cookies  for tips on effectively exporting YouTube cookies,False
,Beautiful World 4K Film Music and EarthScape Relaxation,,youtube,nature,7.41,,"🌿 Exploring UNREAL PLACES on Earth in 4K HDR (60FPS, Dolby Vision) | Green Ambience Nature Film",https://www.youtube.com/watch?v=QZl_HuHjfnQ,QZl_HuHjfnQ,ERROR: [youtube] QZl_HuHjfnQ: Sign in to confirm you’re not a bot. Use --cookies-from-browser or --cookies for the authentication. See  https://github.com/yt-dlp/yt-dlp/wiki/FAQ#how-do-i-pass-cookies-to-yt-dlp  for how to manually pass cookies. Also see  https://github.com/yt-dlp/yt-dlp/wiki/Extractors#exporting-youtube-cookies  for tips on effectively exporting YouTube cookies,False
,Healing Nature & Meditation,,youtube,nature,7.46,,Relaxing Nature Ambience Meditation 🌼 8h GOOD MORNING SPRING NATURE THERAPY🌷 Meadow Healing Sounds,https://www.youtube.com/watch?v=ZdfJcN-yBIE,ZdfJcN-yBIE,ERROR: [youtube] ZdfJcN-yBIE: Sign in to confirm you’re not a bot. Use --cookies-from-browser or --cookies for the authentication. See  https://github.com/yt-dlp/yt-dlp/wiki/FAQ#how-do-i-pass-cookies-to-yt-dlp  for how to manually pass cookies. Also see  https://github.com/yt-dlp/yt-dlp/wiki/Extractors#exporting-youtube-cookies  for tips on effectively exporting YouTube cookies,False
,Relaxation Film and Eterna Vista,,youtube,nature,7.72,,Norway 4K • Scenic Relaxation Film with Peaceful Relaxing Music and Nature Video Ultra HD,https://www.youtube.com/watch?v=KLuTLF3x9sA,KLuTLF3x9sA,ERROR: [youtube] KLuTLF3x9sA: Sign in to confirm you’re not a bot. Use --cookies-from-browser or --cookies for the authentication. See  https://github.com/yt-dlp/yt-dlp/wiki/FAQ#how-do-i-pass-cookies-to-yt-dlp  for how to manually pass cookies. Also see  https://github.com/yt-dlp/yt-dlp/wiki/Extractors#exporting-youtube-cookies  for tips on effectively exporting YouTube cookies,False
,Cozy Ambience,,youtube,nature,7.44,,Calming Spring Forest Riverside with Gentle River & Nature Sounds Ambience,https://www.youtube.com/watch?v=Eko0JesNz74,Eko0JesNz74,ERROR: [youtube] Eko0JesNz74: Sign in to confirm you’re not a bot. Use --cookies-from-browser or --cookies for the authentication. See  https://github.com/yt-dlp/yt-dlp/wiki/FAQ#how-do-i-pass-cookies-to-yt-dlp  for how to manually pass cookies. Also see  https://github.com/yt-dlp/yt-dlp/wiki/Extractors#exporting-youtube-cookies  for tips on effectively exporting YouTube cookies,False
,johnnielawson,,youtube,nature,8.01,,Relaxing Nature Sounds for Sleeping - Natural Calm Forest Waterfall Music Meditation Sound for Study,https://www.youtube.com/watch?v=eKFTSSKCzWA,eKFTSSKCzWA,ERROR: [youtube] eKFTSSKCzWA: Sign in to confirm you’re not a bot. Use --cookies-from-browser or --cookies for the authentication. See  https://github.com/yt-dlp/yt-dlp/wiki/FAQ#how-do-i-pass-cookies-to-yt-dlp  for how to manually pass cookies. Also see  https://github.com/yt-dlp/yt-dlp/wiki/Extractors#exporting-youtube-cookies  for tips on effectively exporting YouTube cookies,False
,Awesome Nature ,,youtube,nature,7.33,,Magnificent Birds | Stunning Nature | Stress Relief | Relaxing Birds Sound | Soothing Birds Chirping,https://www.youtube.com/watch?v=ksppsoxuXXI,ksppsoxuXXI,ERROR: [youtube] ksppsoxuXXI: Sign in to confirm you’re not a bot. Use --cookies-from-browser or --cookies for the authentication. See  https://github.com/yt-dlp/yt-dlp/wiki/FAQ#how-do-i-pass-cookies-to-yt-dlp  for how to manually pass cookies. Also see  https://github.com/yt-dlp/yt-dlp/wiki/Extractors#exporting-youtube-cookies  for tips on effectively exporting YouTube cookies,False
,Streaming Birds,,youtube,nature,7.27,,8 HOURS OF RELAXING NATURE SOUNDS AND GENTLE BIRDSONG,https://www.youtube.com/watch?v=aVS7PHjSxdI,aVS7PHjSxdI,ERROR: [youtube] aVS7PHjSxdI: Sign in to confirm you’re not a bot. Use --cookies-from-browser or --cookies for the authentication. See  https://github.com/yt-dlp/yt-dlp/wiki/FAQ#how-do-i-pass-cookies-to-yt-dlp  for how to manually pass cookies. Also see  https://github.com/yt-dlp/yt-dlp/wiki/Extractors#exporting-youtube-cookies  for tips on effectively exporting YouTube cookies,False
,BBC Earth,,youtube,nature,7.49,,Incredible 4K Nature Scenes Narrated By David Attenborough | BBC Earth,https://www.youtube.com/watch?v=7ZhdXgRfxHI,7ZhdXgRfxHI,ERROR: [youtube] 7ZhdXgRfxHI: Sign in to confirm you’re not a bot. Use --cookies-from-browser or --cookies for the authentication. See  https://github.com/yt-dlp/yt-dlp/wiki/FAQ#how-do-i-pass-cookies-to-yt-dlp  for how to manually pass cookies. Also see  https://github.com/yt-dlp/yt-dlp/wiki/Extractors#exporting-youtube-cookies  for tips on effectively exporting YouTube cookies,False
,Cat Trumpet,,youtube,nature,7.32,,3 Hours of Amazing Nature Scenery & Relaxing Music for Stress Relief.,https://www.youtube.com/watch?v=BHACKCNDMW8,BHACKCNDMW8,ERROR: [youtube] BHACKCNDMW8: Sign in to confirm you’re not a bot. Use --cookies-from-browser or --cookies for the authentication. See  https://github.com/yt-dlp/yt-dlp/wiki/FAQ#how-do-i-pass-cookies-to-yt-dlp  for how to manually pass cookies. Also see  https://github.com/yt-dlp/yt-dlp/wiki/Extractors#exporting-youtube-cookies  for tips on effectively exporting YouTube cookies,False
,MrForest15 and Heart Roots,,youtube,nature,7.35,,"(No Ads) Spring Bloom - Music Therapy 🌿 Soothes the Nervous System and Refreshes the Soul, Relaxing",https://www.youtube.com/watch?v=B5XubP36Le4,B5XubP36Le4,ERROR: [youtube] B5XubP36Le4: Sign in to confirm you’re not a bot. Use --cookies-from-browser or --cookies for the authentication. See  https://github.com/yt-dlp/yt-dlp/wiki/FAQ#how-do-i-pass-cookies-to-yt-dlp  for how to manually pass cookies. Also see  https://github.com/yt-dlp/yt-dlp/wiki/Extractors#exporting-youtube-cookies  for tips on effectively exporting YouTube cookies,False
,Forest365,,youtube,nature,7.9,,"Harmonious Birds Chirping, Beautiful Stream Sounds,  Lovely Nature Sounds, Cozy Paradise",https://www.youtube.com/watch?v=F-Xs9s-q358,F-Xs9s-q358,ERROR: [youtube] F-Xs9s-q358: Sign in to confirm you’re not a bot. Use --cookies-from-browser or --cookies for the authentication. See  https://github.com/yt-dlp/yt-dlp/wiki/FAQ#how-do-i-pass-cookies-to-yt-dlp  for how to manually pass cookies. Also see  https://github.com/yt-dlp/yt-dlp/wiki/Extractors#exporting-youtube-cookies  for tips on effectively exporting YouTube cookies,False
,Ambient Exploration,,youtube,nature,7.44,,"Walking in the Rain through Old Growth Forest | Yakushima, Japan",https://www.youtube.com/watch?v=-qPcvFVB-yg,-qPcvFVB-yg,ERROR: [youtube] -qPcvFVB-yg: Sign in to confirm you’re not a bot. Use --cookies-from-browser or --cookies for the authentication. See  https://github.com/yt-dlp/yt-dlp/wiki/FAQ#how-do-i-pass-cookies-to-yt-dlp  for how to manually pass cookies. Also see  https://github.com/yt-dlp/yt-dlp/wiki/Extractors#exporting-youtube-cookies  for tips on effectively exporting YouTube cookies,False
,Beautiful World 4K Film Music and EarthScape Relaxation,,youtube,nature,7.83,,Most Beautiful Places in the World in 4K UHD | Relaxing Cinematic Nature Film,https://www.youtube.com/watch?v=a-8XiE7W7u4,a-8XiE7W7u4,ERROR: [youtube] a-8XiE7W7u4: Sign in to confirm you’re not a bot. Use --cookies-from-browser or --cookies for the authentication. See  https://github.com/yt-dlp/yt-dlp/wiki/FAQ#how-do-i-pass-cookies-to-yt-dlp  for how to manually pass cookies. Also see  https://github.com/yt-dlp/yt-dlp/wiki/Extractors#exporting-youtube-cookies  for tips on effectively exporting YouTube cookies,False
,Heart Music,,youtube,nature,7.4,,Calm Your Mind With Beautiful Relaxing Music & Beautiful Nature for Insomnia Relief and Meditation,https://www.youtube.com/watch?v=-I9m5RhmdMM,-I9m5RhmdMM,ERROR: [youtube] -I9m5RhmdMM: Sign in to confirm you’re not a bot. Use --cookies-from-browser or --cookies for the authentication. See  https://github.com/yt-dlp/yt-dlp/wiki/FAQ#how-do-i-pass-cookies-to-yt-dlp  for how to manually pass cookies. Also see  https://github.com/yt-dlp/yt-dlp/wiki/Extractors#exporting-youtube-cookies  for tips on effectively exporting YouTube cookies,False
,321 Relaxing - Meditation Relax Clips,,youtube,nature,7.47,,Relaxing Music with Nature Sounds - Waterfall HD,https://www.youtube.com/watch?v=lE6RYpe9IT0,lE6RYpe9IT0,ERROR: [youtube] lE6RYpe9IT0: Sign in to confirm you’re not a bot. Use --cookies-from-browser or --cookies for the authentication. See  https://github.com/yt-dlp/yt-dlp/wiki/FAQ#how-do-i-pass-cookies-to-yt-dlp  for how to manually pass cookies. Also see  https://github.com/yt-dlp/yt-dlp/wiki/Extractors#exporting-youtube-cookies  for tips on effectively exporting YouTube cookies,False
,BBC Earth,,youtube,nature,7.73,,Incredible Natural World Wonders - Narrated by Sir David Attenborough | BBC Earth,https://www.youtube.com/watch?v=JfKtk3Ch5KA,JfKtk3Ch5KA,ERROR: [youtube] JfKtk3Ch5KA: Sign in to confirm you’re not a bot. Use --cookies-from-browser or --cookies for the authentication. See  https://github.com/yt-dlp/yt-dlp/wiki/FAQ#how-do-i-pass-cookies-to-yt-dlp  for how to manually pass cookies. Also see  https://github.com/yt-dlp/yt-dlp/wiki/Extractors#exporting-youtube-cookies  for tips on effectively exporting YouTube cookies,False
,Our World,,youtube,nature,7.66,,A Full Year in Wales: Land of the Wild (4K Documentary) | Our World,https://www.youtube.com/watch?v=gsvjtTNCYTE,gsvjtTNCYTE,ERROR: [youtube] gsvjtTNCYTE: Sign in to confirm you’re not a bot. Use --cookies-from-browser or --cookies for the authentication. See  https://github.com/yt-dlp/yt-dlp/wiki/FAQ#how-do-i-pass-cookies-to-yt-dlp  for how to manually pass cookies. Also see  https://github.com/yt-dlp/yt-dlp/wiki/Extractors#exporting-youtube-cookies  for tips on effectively exporting YouTube cookies,False
,Relaxation Film,,youtube,nature,7.49,,Nature Europe 4K • Calm Horizon with Deep Relaxing Music | Relaxation Film,https://www.youtube.com/watch?v=SYyvx6GE2UI,SYyvx6GE2UI,ERROR: [youtube] SYyvx6GE2UI: Sign in to confirm you’re not a bot. Use --cookies-from-browser or --cookies for the authentication. See  https://github.com/yt-dlp/yt-dlp/wiki/FAQ#how-do-i-pass-cookies-to-yt-dlp  for how to manually pass cookies. Also see  https://github.com/yt-dlp/yt-dlp/wiki/Extractors#exporting-youtube-cookies  for tips on effectively exporting YouTube cookies,False
,Taylor Skeens,,youtube,short film,7.27,,Don't Speak | Horror Short Film,https://www.youtube.com/watch?v=OeD8bMm3sgA,OeD8bMm3sgA,ERROR: [youtube] OeD8bMm3sgA: Sign in to confirm you’re not a bot. Use --cookies-from-browser or --cookies for the authentication. See  https://github.com/yt-dlp/yt-dlp/wiki/FAQ#how-do-i-pass-cookies-to-yt-dlp  for how to manually pass cookies. Also see  https://github.com/yt-dlp/yt-dlp/wiki/Extractors#exporting-youtube-cookies  for tips on effectively exporting YouTube cookies,False
,arrowmi,,youtube,short film,7.15,,BOUNTY (Animated Short Film),https://www.youtube.com/watch?v=NudUBj1w7z4,NudUBj1w7z4,ERROR: [youtube] NudUBj1w7z4: Sign in to confirm you’re not a bot. Use --cookies-from-browser or --cookies for the authentication. See  https://github.com/yt-dlp/yt-dlp/wiki/FAQ#how-do-i-pass-cookies-to-yt-dlp  for how to manually pass cookies. Also see  https://github.com/yt-dlp/yt-dlp/wiki/Extractors#exporting-youtube-cookies  for tips on effectively exporting YouTube cookies,False
,Quixotable,,youtube,short film,7.32,,Tunnel (Award-Winning Short Film),https://www.youtube.com/watch?v=XYLgwxbwEb8,XYLgwxbwEb8,ERROR: [youtube] XYLgwxbwEb8: Sign in to confirm you’re not a bot. Use --cookies-from-browser or --cookies for the authentication. See  https://github.com/yt-dlp/yt-dlp/wiki/FAQ#how-do-i-pass-cookies-to-yt-dlp  for how to manually pass cookies. Also see  https://github.com/yt-dlp/yt-dlp/wiki/Extractors#exporting-youtube-cookies  for tips on effectively exporting YouTube cookies,False
,null_film - indie & horror films,,youtube,short film,7.33,,RAIN RAIN GO AWAY - Horror Short Film | Award Winning,https://www.youtube.com/watch?v=pqzTpseVWZk,pqzTpseVWZk,ERROR: [youtube] pqzTpseVWZk: Sign in to confirm you’re not a bot. Use --cookies-from-browser or --cookies for the authentication. See  https://github.com/yt-dlp/yt-dlp/wiki/FAQ#how-do-i-pass-cookies-to-yt-dlp  for how to manually pass cookies. Also see  https://github.com/yt-dlp/yt-dlp/wiki/Extractors#exporting-youtube-cookies  for tips on effectively exporting YouTube cookies,False
,Lost Archives Fiction,,youtube,short film,6.96,,PRECEDENT | Sci-Fi Short Film,https://www.youtube.com/watch?v=_-6eaHMA0xY,_-6eaHMA0xY,ERROR: [youtube] _-6eaHMA0xY: Sign in to confirm you’re not a bot. Use --cookies-from-browser or --cookies for the authentication. See  https://github.com/yt-dlp/yt-dlp/wiki/FAQ#how-do-i-pass-cookies-to-yt-dlp  for how to manually pass cookies. Also see  https://github.com/yt-dlp/yt-dlp/wiki/Extractors#exporting-youtube-cookies  for tips on effectively exporting YouTube cookies,False
,Forrain,,youtube,short film,7.28,,2 AM COFFEE - A short film | Sony FX3 | 4K,https://www.youtube.com/watch?v=SR__amDl1c8,SR__amDl1c8,ERROR: [youtube] SR__amDl1c8: Sign in to confirm you’re not a bot. Use --cookies-from-browser or --cookies for the authentication. See  https://github.com/yt-dlp/yt-dlp/wiki/FAQ#how-do-i-pass-cookies-to-yt-dlp  for how to manually pass cookies. Also see  https://github.com/yt-dlp/yt-dlp/wiki/Extractors#exporting-youtube-cookies  for tips on effectively exporting YouTube cookies,False
,DARKLAB - short horror films,,youtube,short film,7.29,,MOMO: Midnight Checkup | Horror Short Film,https://www.youtube.com/watch?v=uY2dTebZYe4,uY2dTebZYe4,ERROR: [youtube] uY2dTebZYe4: Sign in to confirm you’re not a bot. Use --cookies-from-browser or --cookies for the authentication. See  https://github.com/yt-dlp/yt-dlp/wiki/FAQ#how-do-i-pass-cookies-to-yt-dlp  for how to manually pass cookies. Also see  https://github.com/yt-dlp/yt-dlp/wiki/Extractors#exporting-youtube-cookies  for tips on effectively exporting YouTube cookies,False
,MYM: Million Youth Media,,youtube,short film,7.5,,The Orphan (2026) Crime Drama Award-winning Short Film | MYM,https://www.youtube.com/watch?v=-5VYaTepAQA,-5VYaTepAQA,ERROR: [youtube] -5VYaTepAQA: Sign in to confirm you’re not a bot. Use --cookies-from-browser or --cookies for the authentication. See  https://github.com/yt-dlp/yt-dlp/wiki/FAQ#how-do-i-pass-cookies-to-yt-dlp  for how to manually pass cookies. Also see  https://github.com/yt-dlp/yt-dlp/wiki/Extractors#exporting-youtube-cookies  for tips on effectively exporting YouTube cookies,False
,The Noctuary,,youtube,short film,7.37,,MIMIC | A Short Horror Film,https://www.youtube.com/watch?v=qGOstBqhh3E,qGOstBqhh3E,ERROR: [youtube] qGOstBqhh3E: Please sign in. Use --cookies-from-browser or --cookies for the authentication. See  https://github.com/yt-dlp/yt-dlp/wiki/FAQ#how-do-i-pass-cookies-to-yt-dlp  for how to manually pass cookies. Also see  https://github.com/yt-dlp/yt-dlp/wiki/Extractors#exporting-youtube-cookies  for tips on effectively exporting YouTube cookies,False
,DUST,,youtube,short film,7.18,,"Sci-Fi Short Film ""The Harvester"" | DUST | Online Premiere",https://www.youtube.com/watch?v=GbbprRV-2-s,GbbprRV-2-s,ERROR: [youtube] GbbprRV-2-s: Sign in to confirm you’re not a bot. Use --cookies-from-browser or --cookies for the authentication. See  https://github.com/yt-dlp/yt-dlp/wiki/FAQ#how-do-i-pass-cookies-to-yt-dlp  for how to manually pass cookies. Also see  https://github.com/yt-dlp/yt-dlp/wiki/Extractors#exporting-youtube-cookies  for tips on effectively exporting YouTube cookies,False
,Causality,,youtube,short film,7.42,,The Last Person on Earth | Sci-Fi Short Film,https://www.youtube.com/watch?v=v6AByaZr2WA,v6AByaZr2WA,ERROR: [youtube] v6AByaZr2WA: Sign in to confirm you’re not a bot. Use --cookies-from-browser or --cookies for the authentication. See  https://github.com/yt-dlp/yt-dlp/wiki/FAQ#how-do-i-pass-cookies-to-yt-dlp  for how to manually pass cookies. Also see  https://github.com/yt-dlp/yt-dlp/wiki/Extractors#exporting-youtube-cookies  for tips on effectively exporting YouTube cookies,False
,Matt Byrn,,youtube,short film,7.45,,Married Life | Short Film,https://www.youtube.com/watch?v=xdgeTX4ipjw,xdgeTX4ipjw,ERROR: [youtube] xdgeTX4ipjw: Sign in to confirm you’re not a bot. Use --cookies-from-browser or --cookies for the authentication. See  https://github.com/yt-dlp/yt-dlp/wiki/FAQ#how-do-i-pass-cookies-to-yt-dlp  for how to manually pass cookies. Also see  https://github.com/yt-dlp/yt-dlp/wiki/Extractors#exporting-youtube-cookies  for tips on effectively exporting YouTube cookies,False
,Karma ai films,,youtube,short film,7.07,,STRANDED: Survival Island | AI Short Film,https://www.youtube.com/watch?v=ziw03BIcqdU,ziw03BIcqdU,ERROR: [youtube] ziw03BIcqdU: Sign in to confirm you’re not a bot. Use --cookies-from-browser or --cookies for the authentication. See  https://github.com/yt-dlp/yt-dlp/wiki/FAQ#how-do-i-pass-cookies-to-yt-dlp  for how to manually pass cookies. Also see  https://github.com/yt-dlp/yt-dlp/wiki/Extractors#exporting-youtube-cookies  for tips on effectively exporting YouTube cookies,False
,Foregone Films,,youtube,short film,8.1,,Writing Doom – Award-Winning Short Film on Superintelligence (2024),https://www.youtube.com/watch?v=xfMQ7hzyFW4,xfMQ7hzyFW4,ERROR: [youtube] xfMQ7hzyFW4: Sign in to confirm you’re not a bot. Use --cookies-from-browser or --cookies for the authentication. See  https://github.com/yt-dlp/yt-dlp/wiki/FAQ#how-do-i-pass-cookies-to-yt-dlp  for how to manually pass cookies. Also see  https://github.com/yt-dlp/yt-dlp/wiki/Extractors#exporting-youtube-cookies  for tips on effectively exporting YouTube cookies,False
,maximise,,youtube,short film,7.54,,That's AI (2026) - Short Film,https://www.youtube.com/watch?v=mEVl0NS0vu8,mEVl0NS0vu8,ERROR: [youtube] mEVl0NS0vu8: Sign in to confirm you’re not a bot. Use --cookies-from-browser or --cookies for the authentication. See  https://github.com/yt-dlp/yt-dlp/wiki/FAQ#how-do-i-pass-cookies-to-yt-dlp  for how to manually pass cookies. Also see  https://github.com/yt-dlp/yt-dlp/wiki/Extractors#exporting-youtube-cookies  for tips on effectively exporting YouTube cookies,False
,CenterFrame | Filmmakers Community ,,youtube,short film,7.37,,Two Minutes | Award Winning Short Film | British Comedy,https://www.youtube.com/watch?v=xVNMedsWhl8,xVNMedsWhl8,ERROR: [youtube] xVNMedsWhl8: Sign in to confirm you’re not a bot. Use --cookies-from-browser or --cookies for the authentication. See  https://github.com/yt-dlp/yt-dlp/wiki/FAQ#how-do-i-pass-cookies-to-yt-dlp  for how to manually pass cookies. Also see  https://github.com/yt-dlp/yt-dlp/wiki/Extractors#exporting-youtube-cookies  for tips on effectively exporting YouTube cookies,False
,Katherine Lynn-Rose,,youtube,short film,7.67,,TOP OF MY SCHOOL | A Musical Short Film,https://www.youtube.com/watch?v=AWONhF5nQyo,AWONhF5nQyo,ERROR: [youtube] AWONhF5nQyo: Sign in to confirm you’re not a bot. Use --cookies-from-browser or --cookies for the authentication. See  https://github.com/yt-dlp/yt-dlp/wiki/FAQ#how-do-i-pass-cookies-to-yt-dlp  for how to manually pass cookies. Also see  https://github.com/yt-dlp/yt-dlp/wiki/Extractors#exporting-youtube-cookies  for tips on effectively exporting YouTube cookies,False
,Tatjana Anders,,youtube,short film,7.75,,Your Reality | Award-winning short film on Gaslighting,https://www.youtube.com/watch?v=SVCqTcb4qkM,SVCqTcb4qkM,ERROR: [youtube] SVCqTcb4qkM: Sign in to confirm you’re not a bot. Use --cookies-from-browser or --cookies for the authentication. See  https://github.com/yt-dlp/yt-dlp/wiki/FAQ#how-do-i-pass-cookies-to-yt-dlp  for how to manually pass cookies. Also see  https://github.com/yt-dlp/yt-dlp/wiki/Extractors#exporting-youtube-cookies  for tips on effectively exporting YouTube cookies,False
,Zae Jordan,,youtube,short film,7.76,,Don't Be Weird (2026) - Short Film,https://www.youtube.com/watch?v=I3cMMZrl1do,I3cMMZrl1do,ERROR: [youtube] I3cMMZrl1do: Sign in to confirm you’re not a bot. Use --cookies-from-browser or --cookies for the authentication. See  https://github.com/yt-dlp/yt-dlp/wiki/FAQ#how-do-i-pass-cookies-to-yt-dlp  for how to manually pass cookies. Also see  https://github.com/yt-dlp/yt-dlp/wiki/Extractors#exporting-youtube-cookies  for tips on effectively exporting YouTube cookies,False
,Sandy Widyanata,,youtube,short film,7.92,,PLASTIC - SHORT FILM BY SANDY WIDYANATA,https://www.youtube.com/watch?v=M3BoeUXOXGA,M3BoeUXOXGA,ERROR: [youtube] M3BoeUXOXGA: Sign in to confirm you’re not a bot. Use --cookies-from-browser or --cookies for the authentication. See  https://github.com/yt-dlp/yt-dlp/wiki/FAQ#how-do-i-pass-cookies-to-yt-dlp  for how to manually pass cookies. Also see  https://github.com/yt-dlp/yt-dlp/wiki/Extractors#exporting-youtube-cookies  for tips on effectively exporting YouTube cookies,False
,Aidan Weaver,,youtube,short film,7.94,,Good Boy | Horror Short Film,https://www.youtube.com/watch?v=nHVhukSw2dk,nHVhukSw2dk,ERROR: [youtube] nHVhukSw2dk: Sign in to confirm you’re not a bot. Use --cookies-from-browser or --cookies for the authentication. See  https://github.com/yt-dlp/yt-dlp/wiki/FAQ#how-do-i-pass-cookies-to-yt-dlp  for how to manually pass cookies. Also see  https://github.com/yt-dlp/yt-dlp/wiki/Extractors#exporting-youtube-cookies  for tips on effectively exporting YouTube cookies,False
,Forevergreen Film and Josh Garrels,,youtube,short film,7.8,,FOREVERGREEN — Academy Award®–Nominated Animated Short Film | Now Streaming for a Limited Time,https://www.youtube.com/watch?v=B4EPW7JUMTM,B4EPW7JUMTM,ERROR: [youtube] B4EPW7JUMTM: Sign in to confirm you’re not a bot. Use --cookies-from-browser or --cookies for the authentication. See  https://github.com/yt-dlp/yt-dlp/wiki/FAQ#how-do-i-pass-cookies-to-yt-dlp  for how to manually pass cookies. Also see  https://github.com/yt-dlp/yt-dlp/wiki/Extractors#exporting-youtube-cookies  for tips on effectively exporting YouTube cookies,False
,kate Horlor,,youtube,short film,7.31,,Laura Living Backwards: Award-Winning Time Travel Short Film (2024),https://www.youtube.com/watch?v=Oagv4Vt8zQg,Oagv4Vt8zQg,ERROR: [youtube] Oagv4Vt8zQg: Sign in to confirm you’re not a bot. Use --cookies-from-browser or --cookies for the authentication. See  https://github.com/yt-dlp/yt-dlp/wiki/FAQ#how-do-i-pass-cookies-to-yt-dlp  for how to manually pass cookies. Also see  https://github.com/yt-dlp/yt-dlp/wiki/Extractors#exporting-youtube-cookies  for tips on effectively exporting YouTube cookies,False
,Luca Pizzoleo,,youtube,short film,7.4,,O.C.D. ft. Steven Ogg | Award-Winning Short Film,https://www.youtube.com/watch?v=SAfdRMeZkWQ,SAfdRMeZkWQ,ERROR: [youtube] SAfdRMeZkWQ: Sign in to confirm you’re not a bot. Use --cookies-from-browser or --cookies for the authentication. See  https://github.com/yt-dlp/yt-dlp/wiki/FAQ#how-do-i-pass-cookies-to-yt-dlp  for how to manually pass cookies. Also see  https://github.com/yt-dlp/yt-dlp/wiki/Extractors#exporting-youtube-cookies  for tips on effectively exporting YouTube cookies,False
,Forrain,,youtube,short film,7.49,,Summr Lovr (2025) - Short Film,https://www.youtube.com/watch?v=vZvZ_jYekLs,vZvZ_jYekLs,ERROR: [youtube] vZvZ_jYekLs: Sign in to confirm you’re not a bot. Use --cookies-from-browser or --cookies for the authentication. See  https://github.com/yt-dlp/yt-dlp/wiki/FAQ#how-do-i-pass-cookies-to-yt-dlp  for how to manually pass cookies. Also see  https://github.com/yt-dlp/yt-dlp/wiki/Extractors#exporting-youtube-cookies  for tips on effectively exporting YouTube cookies,False
,Jasper Pagan,,youtube,short film,7.56,,Lure | Full Short Film,https://www.youtube.com/watch?v=MTytGfyfTLc,MTytGfyfTLc,ERROR: [youtube] MTytGfyfTLc: Sign in to confirm you’re not a bot. Use --cookies-from-browser or --cookies for the authentication. See  https://github.com/yt-dlp/yt-dlp/wiki/FAQ#how-do-i-pass-cookies-to-yt-dlp  for how to manually pass cookies. Also see  https://github.com/yt-dlp/yt-dlp/wiki/Extractors#exporting-youtube-cookies  for tips on effectively exporting YouTube cookies,False
,Alexandra Robinson,,youtube,short film,7.12,,Meatball | Award-Winning Comedy Short Film (4k),https://www.youtube.com/watch?v=BjA995dP_60,BjA995dP_60,ERROR: [youtube] BjA995dP_60: Sign in to confirm you’re not a bot. Use --cookies-from-browser or --cookies for the authentication. See  https://github.com/yt-dlp/yt-dlp/wiki/FAQ#how-do-i-pass-cookies-to-yt-dlp  for how to manually pass cookies. Also see  https://github.com/yt-dlp/yt-dlp/wiki/Extractors#exporting-youtube-cookies  for tips on effectively exporting YouTube cookies,False
,GULU Animation,,youtube,short film,6.78,,The Bread - Animated Short Film by GULU,https://www.youtube.com/watch?v=Wlf1T5nrO50,Wlf1T5nrO50,ERROR: [youtube] Wlf1T5nrO50: Sign in to confirm you’re not a bot. Use --cookies-from-browser or --cookies for the authentication. See  https://github.com/yt-dlp/yt-dlp/wiki/FAQ#how-do-i-pass-cookies-to-yt-dlp  for how to manually pass cookies. Also see  https://github.com/yt-dlp/yt-dlp/wiki/Extractors#exporting-youtube-cookies  for tips on effectively exporting YouTube cookies,False
,HARNOOR,,youtube,short film,7.38,,ONBOARD -  Award Winning Thriller Short Film,https://www.youtube.com/watch?v=93zLZgpnk-c,93zLZgpnk-c,ERROR: [youtube] 93zLZgpnk-c: Sign in to confirm you’re not a bot. Use --cookies-from-browser or --cookies for the authentication. See  https://github.com/yt-dlp/yt-dlp/wiki/FAQ#how-do-i-pass-cookies-to-yt-dlp  for how to manually pass cookies. Also see  https://github.com/yt-dlp/yt-dlp/wiki/Extractors#exporting-youtube-cookies  for tips on effectively exporting YouTube cookies,False
,Time Vision,,youtube,short film,7.05,,Too Quick To Judge (Touching Short-Film),https://www.youtube.com/watch?v=Fzn_AKN67oI,Fzn_AKN67oI,ERROR: [youtube] Fzn_AKN67oI: Sign in to confirm you’re not a bot. Use --cookies-from-browser or --cookies for the authentication. See  https://github.com/yt-dlp/yt-dlp/wiki/FAQ#how-do-i-pass-cookies-to-yt-dlp  for how to manually pass cookies. Also see  https://github.com/yt-dlp/yt-dlp/wiki/Extractors#exporting-youtube-cookies  for tips on effectively exporting YouTube cookies,False
,DUST and Last Life Films,,youtube,short film,7.33,,"Sci-Fi Short Film ""Would You Like To Try Again?"" | DUST",https://www.youtube.com/watch?v=sExRqXMTTc4,sExRqXMTTc4,ERROR: [youtube] sExRqXMTTc4: Sign in to confirm you’re not a bot. Use --cookies-from-browser or --cookies for the authentication. See  https://github.com/yt-dlp/yt-dlp/wiki/FAQ#how-do-i-pass-cookies-to-yt-dlp  for how to manually pass cookies. Also see  https://github.com/yt-dlp/yt-dlp/wiki/Extractors#exporting-youtube-cookies  for tips on effectively exporting YouTube cookies,False
,Rob Carter,,youtube,short film,7.4,,THE RAISIN (award-winning short film),https://www.youtube.com/watch?v=e_ofen9SDeM,e_ofen9SDeM,ERROR: [youtube] e_ofen9SDeM: Sign in to confirm you’re not a bot. Use --cookies-from-browser or --cookies for the authentication. See  https://github.com/yt-dlp/yt-dlp/wiki/FAQ#how-do-i-pass-cookies-to-yt-dlp  for how to manually pass cookies. Also see  https://github.com/yt-dlp/yt-dlp/wiki/Extractors#exporting-youtube-cookies  for tips on effectively exporting YouTube cookies,False
,GULU Animation,,youtube,short film,6.91,,Banana - Animated Short Film by GULU #banana #animation #cartoon,https://www.youtube.com/watch?v=jrANEMUx0Ms,jrANEMUx0Ms,ERROR: [youtube] jrANEMUx0Ms: Sign in to confirm you’re not a bot. Use --cookies-from-browser or --cookies for the authentication. See  https://github.com/yt-dlp/yt-dlp/wiki/FAQ#how-do-i-pass-cookies-to-yt-dlp  for how to manually pass cookies. Also see  https://github.com/yt-dlp/yt-dlp/wiki/Extractors#exporting-youtube-cookies  for tips on effectively exporting YouTube cookies,False
,AJ Jefferies,,youtube,short film,6.96,,DUCKS | Award Winning Animated Short Film,https://www.youtube.com/watch?v=L8vZbIeAdAw,L8vZbIeAdAw,ERROR: [youtube] L8vZbIeAdAw: Sign in to confirm you’re not a bot. Use --cookies-from-browser or --cookies for the authentication. See  https://github.com/yt-dlp/yt-dlp/wiki/FAQ#how-do-i-pass-cookies-to-yt-dlp  for how to manually pass cookies. Also see  https://github.com/yt-dlp/yt-dlp/wiki/Extractors#exporting-youtube-cookies  for tips on effectively exporting YouTube cookies,False
,Vireo Productions,,youtube,short film,7.31,,Not Alone: Alien Post-Apocalyptic Sci-Fi Film | Best Shorts Winner,https://www.youtube.com/watch?v=Ah6U2BmWcMA,Ah6U2BmWcMA,ERROR: [youtube] Ah6U2BmWcMA: Sign in to confirm you’re not a bot. Use --cookies-from-browser or --cookies for the authentication. See  https://github.com/yt-dlp/yt-dlp/wiki/FAQ#how-do-i-pass-cookies-to-yt-dlp  for how to manually pass cookies. Also see  https://github.com/yt-dlp/yt-dlp/wiki/Extractors#exporting-youtube-cookies  for tips on effectively exporting YouTube cookies,False
,CGMeetup,,youtube,short film,7.2,,"CGI Animated Short Film: ""Don't Croak"" by Daun Kim | CGMeetup",https://www.youtube.com/watch?v=j8PDTJNaPc0,j8PDTJNaPc0,ERROR: [youtube] j8PDTJNaPc0: Sign in to confirm you’re not a bot. Use --cookies-from-browser or --cookies for the authentication. See  https://github.com/yt-dlp/yt-dlp/wiki/FAQ#how-do-i-pass-cookies-to-yt-dlp  for how to manually pass cookies. Also see  https://github.com/yt-dlp/yt-dlp/wiki/Extractors#exporting-youtube-cookies  for tips on effectively exporting YouTube cookies,False
,Anthony Sutcliffe,,youtube,short film,7.39,,COPE - Award-Winning Short Film,https://www.youtube.com/watch?v=JnXOE6FFoWA,JnXOE6FFoWA,ERROR: [youtube] JnXOE6FFoWA: Sign in to confirm you’re not a bot. Use --cookies-from-browser or --cookies for the authentication. See  https://github.com/yt-dlp/yt-dlp/wiki/FAQ#how-do-i-pass-cookies-to-yt-dlp  for how to manually pass cookies. Also see  https://github.com/yt-dlp/yt-dlp/wiki/Extractors#exporting-youtube-cookies  for tips on effectively exporting YouTube cookies,False
,Crafty Short Films,,youtube,short film,7.48,,After The Fall | Award Winning Post Apocalyptic Short Film,https://www.youtube.com/watch?v=DdYWHdbI39Y,DdYWHdbI39Y,ERROR: [youtube] DdYWHdbI39Y: Sign in to confirm you’re not a bot. Use --cookies-from-browser or --cookies for the authentication. See  https://github.com/yt-dlp/yt-dlp/wiki/FAQ#how-do-i-pass-cookies-to-yt-dlp  for how to manually pass cookies. Also see  https://github.com/yt-dlp/yt-dlp/wiki/Extractors#exporting-youtube-cookies  for tips on effectively exporting YouTube cookies,False
,Queen One Studios,,youtube,short film,7.81,,LEGEND (2026) | Official Short Film,https://www.youtube.com/watch?v=ToEfIA2ffco,ToEfIA2ffco,ERROR: [youtube] ToEfIA2ffco: Sign in to confirm you’re not a bot. Use --cookies-from-browser or --cookies for the authentication. See  https://github.com/yt-dlp/yt-dlp/wiki/FAQ#how-do-i-pass-cookies-to-yt-dlp  for how to manually pass cookies. Also see  https://github.com/yt-dlp/yt-dlp/wiki/Extractors#exporting-youtube-cookies  for tips on effectively exporting YouTube cookies,False
,ALTER and 2 more,,youtube,short film,7.84,,A Good Death | Horror Short Film | ALTER,https://www.youtube.com/watch?v=EhaFs44OyUI,EhaFs44OyUI,ERROR: [youtube] EhaFs44OyUI: Sign in to confirm you’re not a bot. Use --cookies-from-browser or --cookies for the authentication. See  https://github.com/yt-dlp/yt-dlp/wiki/FAQ#how-do-i-pass-cookies-to-yt-dlp  for how to manually pass cookies. Also see  https://github.com/yt-dlp/yt-dlp/wiki/Extractors#exporting-youtube-cookies  for tips on effectively exporting YouTube cookies,False
,Morphine,,youtube,short film,8.08,,The Wait  - 1 Minute Short Film | Award Winning,https://www.youtube.com/watch?v=C7OQHIpDlvA,C7OQHIpDlvA,ERROR: [youtube] C7OQHIpDlvA: Sign in to confirm you’re not a bot. Use --cookies-from-browser or --cookies for the authentication. See  https://github.com/yt-dlp/yt-dlp/wiki/FAQ#how-do-i-pass-cookies-to-yt-dlp  for how to manually pass cookies. Also see  https://github.com/yt-dlp/yt-dlp/wiki/Extractors#exporting-youtube-cookies  for tips on effectively exporting YouTube cookies,False
,Short of the Week,,youtube,short film,7.89,,Five Star | Award-Winning Horror Short Film,https://www.youtube.com/watch?v=vK0pU5CANXY,vK0pU5CANXY,ERROR: [youtube] vK0pU5CANXY: Sign in to confirm you’re not a bot. Use --cookies-from-browser or --cookies for the authentication. See  https://github.com/yt-dlp/yt-dlp/wiki/FAQ#how-do-i-pass-cookies-to-yt-dlp  for how to manually pass cookies. Also see  https://github.com/yt-dlp/yt-dlp/wiki/Extractors#exporting-youtube-cookies  for tips on effectively exporting YouTube cookies,False
,Breathing Films,,youtube,short film,7.72,,ONE SECOND LATE | Short Film,https://www.youtube.com/watch?v=QibQLlM-C_I,QibQLlM-C_I,ERROR: [youtube] QibQLlM-C_I: Sign in to confirm you’re not a bot. Use --cookies-from-browser or --cookies for the authentication. See  https://github.com/yt-dlp/yt-dlp/wiki/FAQ#how-do-i-pass-cookies-to-yt-dlp  for how to manually pass cookies. Also see  https://github.com/yt-dlp/yt-dlp/wiki/Extractors#exporting-youtube-cookies  for tips on effectively exporting YouTube cookies,False
,Amazing Short Films 🐼 Drama 🌸,,youtube,short film,7.16,,【FULL】 Dumped? I Married a CEO & Shocked the World as an AI Genius & True Heir!,https://www.youtube.com/watch?v=BhkRiCMyK4c,BhkRiCMyK4c,ERROR: [youtube] BhkRiCMyK4c: Sign in to confirm you’re not a bot. Use --cookies-from-browser or --cookies for the authentication. See  https://github.com/yt-dlp/yt-dlp/wiki/FAQ#how-do-i-pass-cookies-to-yt-dlp  for how to manually pass cookies. Also see  https://github.com/yt-dlp/yt-dlp/wiki/Extractors#exporting-youtube-cookies  for tips on effectively exporting YouTube cookies,False
,The Mankind Initiative,,youtube,short film,7.59,,One in Three (award-winning short film),https://www.youtube.com/watch?v=xbcL8hhm4L8,xbcL8hhm4L8,ERROR: [youtube] xbcL8hhm4L8: Sign in to confirm you’re not a bot. Use --cookies-from-browser or --cookies for the authentication. See  https://github.com/yt-dlp/yt-dlp/wiki/FAQ#how-do-i-pass-cookies-to-yt-dlp  for how to manually pass cookies. Also see  https://github.com/yt-dlp/yt-dlp/wiki/Extractors#exporting-youtube-cookies  for tips on effectively exporting YouTube cookies,False
,MAGNETFILM,,youtube,short film,7.65,,The Gunfighter | A Short Film by Eric Kissack (narrated by Nick Offerman),https://www.youtube.com/watch?v=cWs4WA--eKU,cWs4WA--eKU,ERROR: [youtube] cWs4WA--eKU: Sign in to confirm you’re not a bot. Use --cookies-from-browser or --cookies for the authentication. See  https://github.com/yt-dlp/yt-dlp/wiki/FAQ#how-do-i-pass-cookies-to-yt-dlp  for how to manually pass cookies. Also see  https://github.com/yt-dlp/yt-dlp/wiki/Extractors#exporting-youtube-cookies  for tips on effectively exporting YouTube cookies,False
,J-Royal,,youtube,short film,7.49,,THE AVERAGE JOE | a short film by J-Royal (Higgsfield Global Film Festival),https://www.youtube.com/watch?v=6F1QhxPXjwQ,6F1QhxPXjwQ,ERROR: [youtube] 6F1QhxPXjwQ: Sign in to confirm you’re not a bot. Use --cookies-from-browser or --cookies for the authentication. See  https://github.com/yt-dlp/yt-dlp/wiki/FAQ#how-do-i-pass-cookies-to-yt-dlp  for how to manually pass cookies. Also see  https://github.com/yt-dlp/yt-dlp/wiki/Extractors#exporting-youtube-cookies  for tips on effectively exporting YouTube cookies,False
,OneVision Distribution,,youtube,short film,7.44,,HERMANOS SHORT FILM (A Film by Timur Bootzin),https://www.youtube.com/watch?v=Jy2oJD0BzDI,Jy2oJD0BzDI,ERROR: [youtube] Jy2oJD0BzDI: Sign in to confirm you’re not a bot. Use --cookies-from-browser or --cookies for the authentication. See  https://github.com/yt-dlp/yt-dlp/wiki/FAQ#how-do-i-pass-cookies-to-yt-dlp  for how to manually pass cookies. Also see  https://github.com/yt-dlp/yt-dlp/wiki/Extractors#exporting-youtube-cookies  for tips on effectively exporting YouTube cookies,False
,Kianna Naomi,,youtube,short film,7.53,,APARTMENT 7 | Short Film,https://www.youtube.com/watch?v=IDD9Rtx4f7k,IDD9Rtx4f7k,ERROR: [youtube] IDD9Rtx4f7k: Sign in to confirm you’re not a bot. Use --cookies-from-browser or --cookies for the authentication. See  https://github.com/yt-dlp/yt-dlp/wiki/FAQ#how-do-i-pass-cookies-to-yt-dlp  for how to manually pass cookies. Also see  https://github.com/yt-dlp/yt-dlp/wiki/Extractors#exporting-youtube-cookies  for tips on effectively exporting YouTube cookies,False
,jordan tomasello,,youtube,short film,7.27,,eyelash ☆ a lesbian short film,https://www.youtube.com/watch?v=i41U-m_-ojM,i41U-m_-ojM,ERROR: [youtube] i41U-m_-ojM: Sign in to confirm you’re not a bot. Use --cookies-from-browser or --cookies for the authentication. See  https://github.com/yt-dlp/yt-dlp/wiki/FAQ#how-do-i-pass-cookies-to-yt-dlp  for how to manually pass cookies. Also see  https://github.com/yt-dlp/yt-dlp/wiki/Extractors#exporting-youtube-cookies  for tips on effectively exporting YouTube cookies,False
,8K Paradise,,youtube,nature,7.84,,MOST STUNNING 8K HDR VIDEO YET | DOLBY VISION 60FPS FOR 4K/8K TVS,https://www.youtube.com/watch?v=bBZF6PWEL0o,bBZF6PWEL0o,ERROR: [youtube] bBZF6PWEL0o: Sign in to confirm you’re not a bot. Use --cookies-from-browser or --cookies for the authentication. See  https://github.com/yt-dlp/yt-dlp/wiki/FAQ#how-do-i-pass-cookies-to-yt-dlp  for how to manually pass cookies. Also see  https://github.com/yt-dlp/yt-dlp/wiki/Extractors#exporting-youtube-cookies  for tips on effectively exporting YouTube cookies,False
,New Travel Insight,,youtube,nature,7.77,,NATURAL WONDERS | The Wildest Places in the Philippines | 4K Documentary,https://www.youtube.com/watch?v=Wb9Gj3Mx_2Y,Wb9Gj3Mx_2Y,ERROR: [youtube] Wb9Gj3Mx_2Y: Sign in to confirm you’re not a bot. Use --cookies-from-browser or --cookies for the authentication. See  https://github.com/yt-dlp/yt-dlp/wiki/FAQ#how-do-i-pass-cookies-to-yt-dlp  for how to manually pass cookies. Also see  https://github.com/yt-dlp/yt-dlp/wiki/Extractors#exporting-youtube-cookies  for tips on effectively exporting YouTube cookies,False
,Healing Nature & Meditation,,youtube,nature,7.67,,Relaxing Nature Ambience Meditation🌼GOOD MORNING SPRING NATURE THERAPY🌷Flowery MEADOW Healing Sounds,https://www.youtube.com/watch?v=UZ9uyQI3pF0,UZ9uyQI3pF0,ERROR: [youtube] UZ9uyQI3pF0: Sign in to confirm you’re not a bot. Use --cookies-from-browser or --cookies for the authentication. See  https://github.com/yt-dlp/yt-dlp/wiki/FAQ#how-do-i-pass-cookies-to-yt-dlp  for how to manually pass cookies. Also see  https://github.com/yt-dlp/yt-dlp/wiki/Extractors#exporting-youtube-cookies  for tips on effectively exporting YouTube cookies,False
,Best Documentary,,youtube,nature,7.38,,The wild nature of France,https://www.youtube.com/watch?v=WA6LtwfHXmI,WA6LtwfHXmI,ERROR: [youtube] WA6LtwfHXmI: Sign in to confirm you’re not a bot. Use --cookies-from-browser or --cookies for the authentication. See  https://github.com/yt-dlp/yt-dlp/wiki/FAQ#how-do-i-pass-cookies-to-yt-dlp  for how to manually pass cookies. Also see  https://github.com/yt-dlp/yt-dlp/wiki/Extractors#exporting-youtube-cookies  for tips on effectively exporting YouTube cookies,False
,Musical Feelings,,youtube,nature,7.21,,"🌸 Tiny Treasures of Nature – Baby Animals in 4K, Wrapped in Calming Melodies and Relaxing Music 🐾",https://www.youtube.com/watch?v=F07w7zkS29c,F07w7zkS29c,ERROR: [youtube] F07w7zkS29c: Sign in to confirm you’re not a bot. Use --cookies-from-browser or --cookies for the authentication. See  https://github.com/yt-dlp/yt-dlp/wiki/FAQ#how-do-i-pass-cookies-to-yt-dlp  for how to manually pass cookies. Also see  https://github.com/yt-dlp/yt-dlp/wiki/Extractors#exporting-youtube-cookies  for tips on effectively exporting YouTube cookies,False
,4K Relaxation Channel,,youtube,nature,7.44,,4K Virtual Hike through Canadian Forest (with Nature Sounds) - Incredible Nature of British Columbia,https://www.youtube.com/watch?v=PyFN_FYwqvc,PyFN_FYwqvc,ERROR: [youtube] PyFN_FYwqvc: Sign in to confirm you’re not a bot. Use --cookies-from-browser or --cookies for the authentication. See  https://github.com/yt-dlp/yt-dlp/wiki/FAQ#how-do-i-pass-cookies-to-yt-dlp  for how to manually pass cookies. Also see  https://github.com/yt-dlp/yt-dlp/wiki/Extractors#exporting-youtube-cookies  for tips on effectively exporting YouTube cookies,False
,Relaxation Film,,youtube,nature,7.02,,Nature Relaxation Film 4K - Peaceful Relaxing Music - Nature 4k Video UltraHD,https://www.youtube.com/watch?v=UV0mhY2Dxr0,UV0mhY2Dxr0,ERROR: [youtube] UV0mhY2Dxr0: Sign in to confirm you’re not a bot. Use --cookies-from-browser or --cookies for the authentication. See  https://github.com/yt-dlp/yt-dlp/wiki/FAQ#how-do-i-pass-cookies-to-yt-dlp  for how to manually pass cookies. Also see  https://github.com/yt-dlp/yt-dlp/wiki/Extractors#exporting-youtube-cookies  for tips on effectively exporting YouTube cookies,False
,Discover Wildlife,,youtube,nature,7.23,,WILD ALPS | Where Only the Strongest Survive | Nature Animal Documentary,https://www.youtube.com/watch?v=3nR5Ern4P64,3nR5Ern4P64,ERROR: [youtube] 3nR5Ern4P64: Sign in to confirm you’re not a bot. Use --cookies-from-browser or --cookies for the authentication. See  https://github.com/yt-dlp/yt-dlp/wiki/FAQ#how-do-i-pass-cookies-to-yt-dlp  for how to manually pass cookies. Also see  https://github.com/yt-dlp/yt-dlp/wiki/Extractors#exporting-youtube-cookies  for tips on effectively exporting YouTube cookies,False
,Vagabond Mood,,youtube,nature,7.27,,"Relaxing Heavy Rain Walks in Nature 🌧️ Rain Ambience for Sleep, Study & Stress Relief | 4K Rain ASMR",https://www.youtube.com/watch?v=NR-EBbfqplM,NR-EBbfqplM,ERROR: [youtube] NR-EBbfqplM: Sign in to confirm you’re not a bot. Use --cookies-from-browser or --cookies for the authentication. See  https://github.com/yt-dlp/yt-dlp/wiki/FAQ#how-do-i-pass-cookies-to-yt-dlp  for how to manually pass cookies. Also see  https://github.com/yt-dlp/yt-dlp/wiki/Extractors#exporting-youtube-cookies  for tips on effectively exporting YouTube cookies,False
,Relaxation Film,,youtube,nature,7.28,,Germany • Relaxation Film • Peaceful Relaxing • Nature 4k Video UltraHD,https://www.youtube.com/watch?v=K0uAIFbuPm8,K0uAIFbuPm8,ERROR: [youtube] K0uAIFbuPm8: Sign in to confirm you’re not a bot. Use --cookies-from-browser or --cookies for the authentication. See  https://github.com/yt-dlp/yt-dlp/wiki/FAQ#how-do-i-pass-cookies-to-yt-dlp  for how to manually pass cookies. Also see  https://github.com/yt-dlp/yt-dlp/wiki/Extractors#exporting-youtube-cookies  for tips on effectively exporting YouTube cookies,False
,Discover Wildlife,,youtube,nature,7.44,,HIMALAYAN CANYONS | The Most Brutal Battles for Survival | Nature Animal Documentary,https://www.youtube.com/watch?v=JSzvITvABD8,JSzvITvABD8,ERROR: [youtube] JSzvITvABD8: Sign in to confirm you’re not a bot. Use --cookies-from-browser or --cookies for the authentication. See  https://github.com/yt-dlp/yt-dlp/wiki/FAQ#how-do-i-pass-cookies-to-yt-dlp  for how to manually pass cookies. Also see  https://github.com/yt-dlp/yt-dlp/wiki/Extractors#exporting-youtube-cookies  for tips on effectively exporting YouTube cookies,False
,WILD NATURE - Nature animal documentary,,youtube,nature,7.48,,AFRICAN SAVANNAH | Nature's Greatest Fight for Survival (Full Episode) | Wildlife Documentary,https://www.youtube.com/watch?v=HG403GTWJnI,HG403GTWJnI,ERROR: [youtube] HG403GTWJnI: Sign in to confirm you’re not a bot. Use --cookies-from-browser or --cookies for the authentication. See  https://github.com/yt-dlp/yt-dlp/wiki/FAQ#how-do-i-pass-cookies-to-yt-dlp  for how to manually pass cookies. Also see  https://github.com/yt-dlp/yt-dlp/wiki/Extractors#exporting-youtube-cookies  for tips on effectively exporting YouTube cookies,False
,Campfire Master,,youtube,nature,7.46,,You’re Sitting by a Campfire at Sunset 🍁🔥 Gentle Lake Sounds & Autumn Evening Ambience,https://www.youtube.com/watch?v=Y1-5LGl0VrE,Y1-5LGl0VrE,ERROR: [youtube] Y1-5LGl0VrE: Sign in to confirm you’re not a bot. Use --cookies-from-browser or --cookies for the authentication. See  https://github.com/yt-dlp/yt-dlp/wiki/FAQ#how-do-i-pass-cookies-to-yt-dlp  for how to manually pass cookies. Also see  https://github.com/yt-dlp/yt-dlp/wiki/Extractors#exporting-youtube-cookies  for tips on effectively exporting YouTube cookies,False
,Nature Ambience,,youtube,nature,7.65,,Relaxing Ocean Waves Crashing on the Beach - Relaxing Sounds of Nature - 4K UHD,https://www.youtube.com/watch?v=rET3lp6kk2E,rET3lp6kk2E,ERROR: [youtube] rET3lp6kk2E: Sign in to confirm you’re not a bot. Use --cookies-from-browser or --cookies for the authentication. See  https://github.com/yt-dlp/yt-dlp/wiki/FAQ#how-do-i-pass-cookies-to-yt-dlp  for how to manually pass cookies. Also see  https://github.com/yt-dlp/yt-dlp/wiki/Extractors#exporting-youtube-cookies  for tips on effectively exporting YouTube cookies,False
,Discover Wildlife,,youtube,nature,7.67,,WILD SIBERIA | The Refuge of the Most Brutal Predators | Nature Animal Documentary,https://www.youtube.com/watch?v=B_CMJWh0d84,B_CMJWh0d84,ERROR: [youtube] B_CMJWh0d84: Sign in to confirm you’re not a bot. Use --cookies-from-browser or --cookies for the authentication. See  https://github.com/yt-dlp/yt-dlp/wiki/FAQ#how-do-i-pass-cookies-to-yt-dlp  for how to manually pass cookies. Also see  https://github.com/yt-dlp/yt-dlp/wiki/Extractors#exporting-youtube-cookies  for tips on effectively exporting YouTube cookies,False
,Enjoy Relaxation,,youtube,nature,7.59,,4K Video UHD - PARADISE ISLAND - Relaxing Music Along With Beautiful Nature Videos,https://www.youtube.com/watch?v=LeJ5ef6oQpI,LeJ5ef6oQpI,ERROR: [youtube] LeJ5ef6oQpI: Sign in to confirm you’re not a bot. Use --cookies-from-browser or --cookies for the authentication. See  https://github.com/yt-dlp/yt-dlp/wiki/FAQ#how-do-i-pass-cookies-to-yt-dlp  for how to manually pass cookies. Also see  https://github.com/yt-dlp/yt-dlp/wiki/Extractors#exporting-youtube-cookies  for tips on effectively exporting YouTube cookies,False
,GaiaDocs,,youtube,nature,7.51,,WILD PACIFIC | The Brutal Showdown of the Ocean's Giants | Nature Animal Documentary,https://www.youtube.com/watch?v=w0Ku-4ELK9I,w0Ku-4ELK9I,ERROR: [youtube] w0Ku-4ELK9I: Sign in to confirm you’re not a bot. Use --cookies-from-browser or --cookies for the authentication. See  https://github.com/yt-dlp/yt-dlp/wiki/FAQ#how-do-i-pass-cookies-to-yt-dlp  for how to manually pass cookies. Also see  https://github.com/yt-dlp/yt-dlp/wiki/Extractors#exporting-youtube-cookies  for tips on effectively exporting YouTube cookies,False
,WildVerse,,youtube,nature,7.34,,Only the Strongest Predators Will Survive | FULL EPISODE | Nature Animal Documentary,https://www.youtube.com/watch?v=FI5BW48n2Es,FI5BW48n2Es,ERROR: [youtube] FI5BW48n2Es: Sign in to confirm you’re not a bot. Use --cookies-from-browser or --cookies for the authentication. See  https://github.com/yt-dlp/yt-dlp/wiki/FAQ#how-do-i-pass-cookies-to-yt-dlp  for how to manually pass cookies. Also see  https://github.com/yt-dlp/yt-dlp/wiki/Extractors#exporting-youtube-cookies  for tips on effectively exporting YouTube cookies,False
,Beautiful World - Documentaries,,youtube,nature,7.51,,Days of Summer | Nature Documentary,https://www.youtube.com/watch?v=2KM_US8_hPg,2KM_US8_hPg,ERROR: [youtube] 2KM_US8_hPg: Sign in to confirm you’re not a bot. Use --cookies-from-browser or --cookies for the authentication. See  https://github.com/yt-dlp/yt-dlp/wiki/FAQ#how-do-i-pass-cookies-to-yt-dlp  for how to manually pass cookies. Also see  https://github.com/yt-dlp/yt-dlp/wiki/Extractors#exporting-youtube-cookies  for tips on effectively exporting YouTube cookies,False
,Free Documentary - Nature,,youtube,nature,7.23,,Wildest Indochina | Episode 5: China - The Secret Garden | Free Documentary Nature,https://www.youtube.com/watch?v=YJbegTHnWhg,YJbegTHnWhg,ERROR: [youtube] YJbegTHnWhg: Sign in to confirm you’re not a bot. Use --cookies-from-browser or --cookies for the authentication. See  https://github.com/yt-dlp/yt-dlp/wiki/FAQ#how-do-i-pass-cookies-to-yt-dlp  for how to manually pass cookies. Also see  https://github.com/yt-dlp/yt-dlp/wiki/Extractors#exporting-youtube-cookies  for tips on effectively exporting YouTube cookies,False
,Dan the HIIT Man,,youtube,fitness,7.16,,30 Min FULL BODY WORKOUT | No Equipment & No Repeat,https://www.youtube.com/watch?v=q_vXOV1BmIQ,q_vXOV1BmIQ,ERROR: [youtube] q_vXOV1BmIQ: Sign in to confirm you’re not a bot. Use --cookies-from-browser or --cookies for the authentication. See  https://github.com/yt-dlp/yt-dlp/wiki/FAQ#how-do-i-pass-cookies-to-yt-dlp  for how to manually pass cookies. Also see  https://github.com/yt-dlp/yt-dlp/wiki/Extractors#exporting-youtube-cookies  for tips on effectively exporting YouTube cookies,False
,Relaxation Film,,youtube,nature,7.46,,Horizon View in PAKISTAN - Breathtaking Nature with Relaxing Music - 4K Video Ultra HD,https://www.youtube.com/watch?v=ybcZQxpTrCs,ybcZQxpTrCs,ERROR: [youtube] ybcZQxpTrCs: Sign in to confirm you’re not a bot. Use --cookies-from-browser or --cookies for the authentication. See  https://github.com/yt-dlp/yt-dlp/wiki/FAQ#how-do-i-pass-cookies-to-yt-dlp  for how to manually pass cookies. Also see  https://github.com/yt-dlp/yt-dlp/wiki/Extractors#exporting-youtube-cookies  for tips on effectively exporting YouTube cookies,False
,FITNESS CIRCLE,,youtube,fitness,7.71,,The Best Exercises for Hanging Belly Fat | 30-min Workout To LOSE 3 INCHES OFF WAIST in 1 Week,https://www.youtube.com/watch?v=rHhB-KsFMVw,rHhB-KsFMVw,ERROR: [youtube] rHhB-KsFMVw: Sign in to confirm you’re not a bot. Use --cookies-from-browser or --cookies for the authentication. See  https://github.com/yt-dlp/yt-dlp/wiki/FAQ#how-do-i-pass-cookies-to-yt-dlp  for how to manually pass cookies. Also see  https://github.com/yt-dlp/yt-dlp/wiki/Extractors#exporting-youtube-cookies  for tips on effectively exporting YouTube cookies,False
,Fitness Motivation Music,,youtube,fitness,7.46,,Workout Music 2025 💪 Fitness & Gym Workout Best Songs Playlist EDM House Music 2025,https://www.youtube.com/watch?v=q24y9Uu8Ud8,q24y9Uu8Ud8,ERROR: [youtube] q24y9Uu8Ud8: Sign in to confirm you’re not a bot. Use --cookies-from-browser or --cookies for the authentication. See  https://github.com/yt-dlp/yt-dlp/wiki/FAQ#how-do-i-pass-cookies-to-yt-dlp  for how to manually pass cookies. Also see  https://github.com/yt-dlp/yt-dlp/wiki/Extractors#exporting-youtube-cookies  for tips on effectively exporting YouTube cookies,False
,Jesse James West,,youtube,fitness,7.63,,Busting 100 Fitness Myths in 24 Hours! - Ft. Jeff Nippard,https://www.youtube.com/watch?v=IwZVgOcnfQ8,IwZVgOcnfQ8,ERROR: [youtube] IwZVgOcnfQ8: Sign in to confirm you’re not a bot. Use --cookies-from-browser or --cookies for the authentication. See  https://github.com/yt-dlp/yt-dlp/wiki/FAQ#how-do-i-pass-cookies-to-yt-dlp  for how to manually pass cookies. Also see  https://github.com/yt-dlp/yt-dlp/wiki/Extractors#exporting-youtube-cookies  for tips on effectively exporting YouTube cookies,False
,Kaleigh Cohen Cycling,,youtube,fitness,7.32,,30 min FEEL GOOD Indoor Cycling Workout,https://www.youtube.com/watch?v=K1no7mQ8HBc,K1no7mQ8HBc,ERROR: [youtube] K1no7mQ8HBc: Sign in to confirm you’re not a bot. Use --cookies-from-browser or --cookies for the authentication. See  https://github.com/yt-dlp/yt-dlp/wiki/FAQ#how-do-i-pass-cookies-to-yt-dlp  for how to manually pass cookies. Also see  https://github.com/yt-dlp/yt-dlp/wiki/Extractors#exporting-youtube-cookies  for tips on effectively exporting YouTube cookies,False
,MadFit,,youtube,fitness,7.15,,"30 MIN FULL BODY WORKOUT - Apartment & Small Space Friendly (No Equipment, No Jumping)",https://www.youtube.com/watch?v=jKTxe236-4U,jKTxe236-4U,ERROR: [youtube] jKTxe236-4U: Sign in to confirm you’re not a bot. Use --cookies-from-browser or --cookies for the authentication. See  https://github.com/yt-dlp/yt-dlp/wiki/FAQ#how-do-i-pass-cookies-to-yt-dlp  for how to manually pass cookies. Also see  https://github.com/yt-dlp/yt-dlp/wiki/Extractors#exporting-youtube-cookies  for tips on effectively exporting YouTube cookies,False
,Tai Chi for Health Life,,youtube,fitness,7.16,,20 Min Tai Chi Workout 🔥 Burn Belly Fat & Relieve Shoulder Pain | Gentle & Beginner Friendly,https://www.youtube.com/watch?v=Q8O6kSO9_fA,Q8O6kSO9_fA,ERROR: [youtube] Q8O6kSO9_fA: Sign in to confirm you’re not a bot. Use --cookies-from-browser or --cookies for the authentication. See  https://github.com/yt-dlp/yt-dlp/wiki/FAQ#how-do-i-pass-cookies-to-yt-dlp  for how to manually pass cookies. Also see  https://github.com/yt-dlp/yt-dlp/wiki/Extractors#exporting-youtube-cookies  for tips on effectively exporting YouTube cookies,False
,Zumba Class,,youtube,fitness,7.35,,30 Minute Dance Workout At Home | Exercise To Lose Weight FAST | Zumba Class,https://www.youtube.com/watch?v=yWOPnVceX-0,yWOPnVceX-0,ERROR: [youtube] yWOPnVceX-0: Sign in to confirm you’re not a bot. Use --cookies-from-browser or --cookies for the authentication. See  https://github.com/yt-dlp/yt-dlp/wiki/FAQ#how-do-i-pass-cookies-to-yt-dlp  for how to manually pass cookies. Also see  https://github.com/yt-dlp/yt-dlp/wiki/Extractors#exporting-youtube-cookies  for tips on effectively exporting YouTube cookies,False
,Juice & Toya,,youtube,fitness,6.89,,20 Minute Full Body Cardio HIIT Workout [NO REPEAT],https://www.youtube.com/watch?v=M0uO8X3_tEA,M0uO8X3_tEA,ERROR: [youtube] M0uO8X3_tEA: Sign in to confirm you’re not a bot. Use --cookies-from-browser or --cookies for the authentication. See  https://github.com/yt-dlp/yt-dlp/wiki/FAQ#how-do-i-pass-cookies-to-yt-dlp  for how to manually pass cookies. Also see  https://github.com/yt-dlp/yt-dlp/wiki/Extractors#exporting-youtube-cookies  for tips on effectively exporting YouTube cookies,False
,Tess & Yoann,,youtube,fitness,7.18,,30 Min Cardio HIIT Workout at home - 5000 steps for Fat Burn (No equipment),https://www.youtube.com/watch?v=DVD_gIdPr-o,DVD_gIdPr-o,ERROR: [youtube] DVD_gIdPr-o: Sign in to confirm you’re not a bot. Use --cookies-from-browser or --cookies for the authentication. See  https://github.com/yt-dlp/yt-dlp/wiki/FAQ#how-do-i-pass-cookies-to-yt-dlp  for how to manually pass cookies. Also see  https://github.com/yt-dlp/yt-dlp/wiki/Extractors#exporting-youtube-cookies  for tips on effectively exporting YouTube cookies,False
,NL Fitness,,youtube,fitness,7.2,,Top Exercises | Lose Belly Fat | Tighten Your Waist | Get Rid Of Belly Fat With Simple Exercises,https://www.youtube.com/watch?v=BbKg3jbYKiE,BbKg3jbYKiE,ERROR: [youtube] BbKg3jbYKiE: Sign in to confirm you’re not a bot. Use --cookies-from-browser or --cookies for the authentication. See  https://github.com/yt-dlp/yt-dlp/wiki/FAQ#how-do-i-pass-cookies-to-yt-dlp  for how to manually pass cookies. Also see  https://github.com/yt-dlp/yt-dlp/wiki/Extractors#exporting-youtube-cookies  for tips on effectively exporting YouTube cookies,False
,Fitness Motivation Music,,youtube,fitness,7.35,,Workout Music 2025 💪 Fitness & Gym Workout Best Songs Playlist EDM House Music 2025,https://www.youtube.com/watch?v=4ev2Wpe1VyQ,4ev2Wpe1VyQ,ERROR: [youtube] 4ev2Wpe1VyQ: Sign in to confirm you’re not a bot. Use --cookies-from-browser or --cookies for the authentication. See  https://github.com/yt-dlp/yt-dlp/wiki/FAQ#how-do-i-pass-cookies-to-yt-dlp  for how to manually pass cookies. Also see  https://github.com/yt-dlp/yt-dlp/wiki/Extractors#exporting-youtube-cookies  for tips on effectively exporting YouTube cookies,False
,BurpeeGirl,,youtube,fitness,7.6,,🎶30 Min DIET DANCE WORKOUT🎶FAT BURNING CARDIO AEROBICS🎶KNEE FRIENDLY🎶NO JUMPING🎶LISS CARDIO WORKOUT🎶,https://www.youtube.com/watch?v=zmxPXaeEXBU,zmxPXaeEXBU,ERROR: [youtube] zmxPXaeEXBU: Sign in to confirm you’re not a bot. Use --cookies-from-browser or --cookies for the authentication. See  https://github.com/yt-dlp/yt-dlp/wiki/FAQ#how-do-i-pass-cookies-to-yt-dlp  for how to manually pass cookies. Also see  https://github.com/yt-dlp/yt-dlp/wiki/Extractors#exporting-youtube-cookies  for tips on effectively exporting YouTube cookies,False
,Eva Fitness,,youtube,fitness,7.54,,20-MIN LOSE BELLY FAT | Aerobic Dance Exercise To Lose Weight FAST | Eva Fitness,https://www.youtube.com/watch?v=pbUCRjyOz2U,pbUCRjyOz2U,ERROR: [youtube] pbUCRjyOz2U: Sign in to confirm you’re not a bot. Use --cookies-from-browser or --cookies for the authentication. See  https://github.com/yt-dlp/yt-dlp/wiki/FAQ#how-do-i-pass-cookies-to-yt-dlp  for how to manually pass cookies. Also see  https://github.com/yt-dlp/yt-dlp/wiki/Extractors#exporting-youtube-cookies  for tips on effectively exporting YouTube cookies,False
,ZUMBA Fitness With Unique Beats,,youtube,fitness,7.69,,Belly Fat Workout + Full Body Exercise Video | Workout Video | Zumba Fitness With Unique Beats,https://www.youtube.com/watch?v=TzbaUd5j_jA,TzbaUd5j_jA,ERROR: [youtube] TzbaUd5j_jA: Sign in to confirm you’re not a bot. Use --cookies-from-browser or --cookies for the authentication. See  https://github.com/yt-dlp/yt-dlp/wiki/FAQ#how-do-i-pass-cookies-to-yt-dlp  for how to manually pass cookies. Also see  https://github.com/yt-dlp/yt-dlp/wiki/Extractors#exporting-youtube-cookies  for tips on effectively exporting YouTube cookies,False
,SUPER HEALTHY FIT,,youtube,fitness,7.96,,8 Best Standing Exercises Belly Fat Workout To Lose Weight Fast At Home,https://www.youtube.com/watch?v=NhMs4nuu6Rc,NhMs4nuu6Rc,ERROR: [youtube] NhMs4nuu6Rc: Sign in to confirm you’re not a bot. Use --cookies-from-browser or --cookies for the authentication. See  https://github.com/yt-dlp/yt-dlp/wiki/FAQ#how-do-i-pass-cookies-to-yt-dlp  for how to manually pass cookies. Also see  https://github.com/yt-dlp/yt-dlp/wiki/Extractors#exporting-youtube-cookies  for tips on effectively exporting YouTube cookies,False
,Tess & Yoann,,youtube,fitness,7.54,,5000 Steps Fat Burn – 30 Min Cardio Walking Workout at Home (No Equipment),https://www.youtube.com/watch?v=PnsWUgjr01s,PnsWUgjr01s,ERROR: [youtube] PnsWUgjr01s: Sign in to confirm you’re not a bot. Use --cookies-from-browser or --cookies for the authentication. See  https://github.com/yt-dlp/yt-dlp/wiki/FAQ#how-do-i-pass-cookies-to-yt-dlp  for how to manually pass cookies. Also see  https://github.com/yt-dlp/yt-dlp/wiki/Extractors#exporting-youtube-cookies  for tips on effectively exporting YouTube cookies,False
,Dan the HIIT Man,,youtube,fitness,7.6,,"20 Minute Full Body Home Workout (No Equipment, No Repeats)",https://www.youtube.com/watch?v=vbJxymW5xj0,vbJxymW5xj0,ERROR: [youtube] vbJxymW5xj0: Sign in to confirm you’re not a bot. Use --cookies-from-browser or --cookies for the authentication. See  https://github.com/yt-dlp/yt-dlp/wiki/FAQ#how-do-i-pass-cookies-to-yt-dlp  for how to manually pass cookies. Also see  https://github.com/yt-dlp/yt-dlp/wiki/Extractors#exporting-youtube-cookies  for tips on effectively exporting YouTube cookies,False
,Lace Up Fitness - Dance Workouts,,youtube,fitness,7.57,,Gasolina (DJ Buddha Remix) - Daddy Yankee - LEVEL 2 - High Impact Dance Workout - Lace Up Fitness,https://www.youtube.com/watch?v=5mKxATWptfc,5mKxATWptfc,ERROR: [youtube] 5mKxATWptfc: Sign in to confirm you’re not a bot. Use --cookies-from-browser or --cookies for the authentication. See  https://github.com/yt-dlp/yt-dlp/wiki/FAQ#how-do-i-pass-cookies-to-yt-dlp  for how to manually pass cookies. Also see  https://github.com/yt-dlp/yt-dlp/wiki/Extractors#exporting-youtube-cookies  for tips on effectively exporting YouTube cookies,False
,Get Fit Fast,,youtube,fitness,6.87,,15 Min Full Body Standing Workout to Transform Your Shape,https://www.youtube.com/watch?v=uOW5VsQCfPI,uOW5VsQCfPI,ERROR: [youtube] uOW5VsQCfPI: Sign in to confirm you’re not a bot. Use --cookies-from-browser or --cookies for the authentication. See  https://github.com/yt-dlp/yt-dlp/wiki/FAQ#how-do-i-pass-cookies-to-yt-dlp  for how to manually pass cookies. Also see  https://github.com/yt-dlp/yt-dlp/wiki/Extractors#exporting-youtube-cookies  for tips on effectively exporting YouTube cookies,False
,wearecult,,youtube,fitness,7.29,,Full Body Workout At Home | HIIT Cardio Workout | Fat Burn Cardio No Equipment | Cult Fit | CureFit,https://www.youtube.com/watch?v=t9F9gZg42NM,t9F9gZg42NM,ERROR: [youtube] t9F9gZg42NM: Sign in to confirm you’re not a bot. Use --cookies-from-browser or --cookies for the authentication. See  https://github.com/yt-dlp/yt-dlp/wiki/FAQ#how-do-i-pass-cookies-to-yt-dlp  for how to manually pass cookies. Also see  https://github.com/yt-dlp/yt-dlp/wiki/Extractors#exporting-youtube-cookies  for tips on effectively exporting YouTube cookies,False
,Fit With Sally,,youtube,fitness,7.24,,"15 MIN WALKING CARDIO WORKOUT to LOSE BELLY FAT 🔥 | No Jumping, No Lunges",https://www.youtube.com/watch?v=yt-TSUP30lY,yt-TSUP30lY,ERROR: [youtube] yt-TSUP30lY: Sign in to confirm you’re not a bot. Use --cookies-from-browser or --cookies for the authentication. See  https://github.com/yt-dlp/yt-dlp/wiki/FAQ#how-do-i-pass-cookies-to-yt-dlp  for how to manually pass cookies. Also see  https://github.com/yt-dlp/yt-dlp/wiki/Extractors#exporting-youtube-cookies  for tips on effectively exporting YouTube cookies,False
,fitbymik,,youtube,fitness,7.03,,30 min FULL BODY STRENGTH WORKOUT | With Dumbbells (And Without) | No Repeats,https://www.youtube.com/watch?v=36BuhRO3zng,36BuhRO3zng,ERROR: [youtube] 36BuhRO3zng: Sign in to confirm you’re not a bot. Use --cookies-from-browser or --cookies for the authentication. See  https://github.com/yt-dlp/yt-dlp/wiki/FAQ#how-do-i-pass-cookies-to-yt-dlp  for how to manually pass cookies. Also see  https://github.com/yt-dlp/yt-dlp/wiki/Extractors#exporting-youtube-cookies  for tips on effectively exporting YouTube cookies,False
,Juice & Toya,,youtube,fitness,7.25,,30 Minute Full Body Dumbbell Workout [Strength Training],https://www.youtube.com/watch?v=XxuRSjER3Qk,XxuRSjER3Qk,ERROR: [youtube] XxuRSjER3Qk: Sign in to confirm you’re not a bot. Use --cookies-from-browser or --cookies for the authentication. See  https://github.com/yt-dlp/yt-dlp/wiki/FAQ#how-do-i-pass-cookies-to-yt-dlp  for how to manually pass cookies. Also see  https://github.com/yt-dlp/yt-dlp/wiki/Extractors#exporting-youtube-cookies  for tips on effectively exporting YouTube cookies,False
,재호 - Fitness,,youtube,fitness,7.15,,20 MIN FAT BURNING CARDIO WORKOUT (NO EQUIPMENT),https://www.youtube.com/watch?v=Pv6NrM7fqHY,Pv6NrM7fqHY,ERROR: [youtube] Pv6NrM7fqHY: Sign in to confirm you’re not a bot. Use --cookies-from-browser or --cookies for the authentication. See  https://github.com/yt-dlp/yt-dlp/wiki/FAQ#how-do-i-pass-cookies-to-yt-dlp  for how to manually pass cookies. Also see  https://github.com/yt-dlp/yt-dlp/wiki/Extractors#exporting-youtube-cookies  for tips on effectively exporting YouTube cookies,False
,MadFit,,youtube,fitness,7.21,,30 MIN DUA LIPA DANCE WORKOUT - Top Hits (Full Body Cardio),https://www.youtube.com/watch?v=TcKGkEyoYGg,TcKGkEyoYGg,ERROR: [youtube] TcKGkEyoYGg: Sign in to confirm you’re not a bot. Use --cookies-from-browser or --cookies for the authentication. See  https://github.com/yt-dlp/yt-dlp/wiki/FAQ#how-do-i-pass-cookies-to-yt-dlp  for how to manually pass cookies. Also see  https://github.com/yt-dlp/yt-dlp/wiki/Extractors#exporting-youtube-cookies  for tips on effectively exporting YouTube cookies,False
,Earth & Owl,,youtube,fitness,7.12,,25 Min Rebounder Cardio + Core Workout | Fed Fitness,https://www.youtube.com/watch?v=NNW2OWNGIV0,NNW2OWNGIV0,ERROR: [youtube] NNW2OWNGIV0: Sign in to confirm you’re not a bot. Use --cookies-from-browser or --cookies for the authentication. See  https://github.com/yt-dlp/yt-dlp/wiki/FAQ#how-do-i-pass-cookies-to-yt-dlp  for how to manually pass cookies. Also see  https://github.com/yt-dlp/yt-dlp/wiki/Extractors#exporting-youtube-cookies  for tips on effectively exporting YouTube cookies,False
,Zumba Class,,youtube,fitness,7.5,,25 Minute Dance Workout At Home | Exercise To Lose Weight FAST | Zumba Class,https://www.youtube.com/watch?v=bN7SL-EngHs,bN7SL-EngHs,ERROR: [youtube] bN7SL-EngHs: Sign in to confirm you’re not a bot. Use --cookies-from-browser or --cookies for the authentication. See  https://github.com/yt-dlp/yt-dlp/wiki/FAQ#how-do-i-pass-cookies-to-yt-dlp  for how to manually pass cookies. Also see  https://github.com/yt-dlp/yt-dlp/wiki/Extractors#exporting-youtube-cookies  for tips on effectively exporting YouTube cookies,False
,You1stlondon,,youtube,fitness,7.0,,20 MIN STANDING ABS WORKOUT 🔥 Beginner Friendly | No Equipment,https://www.youtube.com/watch?v=DWqyEIdfhF0,DWqyEIdfhF0,ERROR: [youtube] DWqyEIdfhF0: Sign in to confirm you’re not a bot. Use --cookies-from-browser or --cookies for the authentication. See  https://github.com/yt-dlp/yt-dlp/wiki/FAQ#how-do-i-pass-cookies-to-yt-dlp  for how to manually pass cookies. Also see  https://github.com/yt-dlp/yt-dlp/wiki/Extractors#exporting-youtube-cookies  for tips on effectively exporting YouTube cookies,False
,Geekyranjit,,youtube,fitness,6.91,,Fitness Journey After 3 Years - What I learned,https://www.youtube.com/watch?v=pxfM9AJt3MY,pxfM9AJt3MY,ERROR: [youtube] pxfM9AJt3MY: Sign in to confirm you’re not a bot. Use --cookies-from-browser or --cookies for the authentication. See  https://github.com/yt-dlp/yt-dlp/wiki/FAQ#how-do-i-pass-cookies-to-yt-dlp  for how to manually pass cookies. Also see  https://github.com/yt-dlp/yt-dlp/wiki/Extractors#exporting-youtube-cookies  for tips on effectively exporting YouTube cookies,False
,Walk at Home,,youtube,fitness,7.18,,30-Minute Power Walking Workout | Tanner Courted  | Walk at Home®,https://www.youtube.com/watch?v=m3v3PN5bvZo,m3v3PN5bvZo,ERROR: [youtube] m3v3PN5bvZo: Sign in to confirm you’re not a bot. Use --cookies-from-browser or --cookies for the authentication. See  https://github.com/yt-dlp/yt-dlp/wiki/FAQ#how-do-i-pass-cookies-to-yt-dlp  for how to manually pass cookies. Also see  https://github.com/yt-dlp/yt-dlp/wiki/Extractors#exporting-youtube-cookies  for tips on effectively exporting YouTube cookies,False
,EMMA Fitness,1548,youtube,fitness,8.66,28 Minute Full Body Workout To Get In Shape - Do This Workout Every Evening | EMMA Fitness,28 Minute Full Body Workout To Get In Shape - Do This Workout Every Evening | EMMA Fitness,https://www.youtube.com/watch?v=hjDhA0TzpwI,hjDhA0TzpwI,,True
,growingannanas,,youtube,fitness,7.35,,24 MIN INTENSE TABATA WORKOUT - Do This If You Wanna SWEAT,https://www.youtube.com/watch?v=Mk_51zLJ8cE,Mk_51zLJ8cE,ERROR: [youtube] Mk_51zLJ8cE: Sign in to confirm you’re not a bot. Use --cookies-from-browser or --cookies for the authentication. See  https://github.com/yt-dlp/yt-dlp/wiki/FAQ#how-do-i-pass-cookies-to-yt-dlp  for how to manually pass cookies. Also see  https://github.com/yt-dlp/yt-dlp/wiki/Extractors#exporting-youtube-cookies  for tips on effectively exporting YouTube cookies,False
,Zumba Class,,youtube,fitness,7.57,,23 Minute Dance Workout At Home | Exercise To Lose Weight FAST | Zumba Class,https://www.youtube.com/watch?v=-uP_GcsYkPk,-uP_GcsYkPk,ERROR: [youtube] -uP_GcsYkPk: Sign in to confirm you’re not a bot. Use --cookies-from-browser or --cookies for the authentication. See  https://github.com/yt-dlp/yt-dlp/wiki/FAQ#how-do-i-pass-cookies-to-yt-dlp  for how to manually pass cookies. Also see  https://github.com/yt-dlp/yt-dlp/wiki/Extractors#exporting-youtube-cookies  for tips on effectively exporting YouTube cookies,False
,AEROBIC DANCE,,youtube,fitness,7.63,,50 min Lose Belly Fat | Aerobic Dance Workout To Lose Weight FAST | AEROBIC DANCE,https://www.youtube.com/watch?v=XN7Opmo0398,XN7Opmo0398,ERROR: [youtube] XN7Opmo0398: Sign in to confirm you’re not a bot. Use --cookies-from-browser or --cookies for the authentication. See  https://github.com/yt-dlp/yt-dlp/wiki/FAQ#how-do-i-pass-cookies-to-yt-dlp  for how to manually pass cookies. Also see  https://github.com/yt-dlp/yt-dlp/wiki/Extractors#exporting-youtube-cookies  for tips on effectively exporting YouTube cookies,False
,Improved Health,,youtube,fitness,7.87,,30-Minute Walking Workout to Lose Belly Fat & Slim Your Waist!,https://www.youtube.com/watch?v=rev3WYnbkR4,rev3WYnbkR4,ERROR: [youtube] rev3WYnbkR4: Sign in to confirm you’re not a bot. Use --cookies-from-browser or --cookies for the authentication. See  https://github.com/yt-dlp/yt-dlp/wiki/FAQ#how-do-i-pass-cookies-to-yt-dlp  for how to manually pass cookies. Also see  https://github.com/yt-dlp/yt-dlp/wiki/Extractors#exporting-youtube-cookies  for tips on effectively exporting YouTube cookies,False
,Get Fit With Rick,,youtube,fitness,7.72,,Bruno Mars Walking Workout | Daily Workout at home | 8 minutes,https://www.youtube.com/watch?v=59ZnUHNwI0c,59ZnUHNwI0c,ERROR: [youtube] 59ZnUHNwI0c: Sign in to confirm you’re not a bot. Use --cookies-from-browser or --cookies for the authentication. See  https://github.com/yt-dlp/yt-dlp/wiki/FAQ#how-do-i-pass-cookies-to-yt-dlp  for how to manually pass cookies. Also see  https://github.com/yt-dlp/yt-dlp/wiki/Extractors#exporting-youtube-cookies  for tips on effectively exporting YouTube cookies,False
,Christou Bodygoal ,,youtube,fitness,8.07,,20 Minutes tabata workout/Fat burning/Easy and effective.,https://www.youtube.com/watch?v=xwRa9kjV5RQ,xwRa9kjV5RQ,ERROR: [youtube] xwRa9kjV5RQ: Sign in to confirm you’re not a bot. Use --cookies-from-browser or --cookies for the authentication. See  https://github.com/yt-dlp/yt-dlp/wiki/FAQ#how-do-i-pass-cookies-to-yt-dlp  for how to manually pass cookies. Also see  https://github.com/yt-dlp/yt-dlp/wiki/Extractors#exporting-youtube-cookies  for tips on effectively exporting YouTube cookies,False
,Oliver Sjostrom,,youtube,fitness,7.35,,"20 Min Fat Burning HIIT Workout -  Full body Cardio, No Equipment, No Repeat",https://www.youtube.com/watch?v=-hSma-BRzoo,-hSma-BRzoo,ERROR: [youtube] -hSma-BRzoo: Sign in to confirm you’re not a bot. Use --cookies-from-browser or --cookies for the authentication. See  https://github.com/yt-dlp/yt-dlp/wiki/FAQ#how-do-i-pass-cookies-to-yt-dlp  for how to manually pass cookies. Also see  https://github.com/yt-dlp/yt-dlp/wiki/Extractors#exporting-youtube-cookies  for tips on effectively exporting YouTube cookies,False
,Pamela Reif,,youtube,fitness,7.54,,10 MIN BEGINNER AB WORKOUT // No Equipment | Pamela Reif,https://www.youtube.com/watch?v=1f8yoFFdkcY,1f8yoFFdkcY,ERROR: [youtube] 1f8yoFFdkcY: Sign in to confirm you’re not a bot. Use --cookies-from-browser or --cookies for the authentication. See  https://github.com/yt-dlp/yt-dlp/wiki/FAQ#how-do-i-pass-cookies-to-yt-dlp  for how to manually pass cookies. Also see  https://github.com/yt-dlp/yt-dlp/wiki/Extractors#exporting-youtube-cookies  for tips on effectively exporting YouTube cookies,False
,Tharun Kumar,,youtube,fitness,7.31,,"If I Started Fitness In 2026, I'd Do This",https://www.youtube.com/watch?v=lJp9-LZ7IYE,lJp9-LZ7IYE,ERROR: [youtube] lJp9-LZ7IYE: Sign in to confirm you’re not a bot. Use --cookies-from-browser or --cookies for the authentication. See  https://github.com/yt-dlp/yt-dlp/wiki/FAQ#how-do-i-pass-cookies-to-yt-dlp  for how to manually pass cookies. Also see  https://github.com/yt-dlp/yt-dlp/wiki/Extractors#exporting-youtube-cookies  for tips on effectively exporting YouTube cookies,False
,BurpeeGirl,,youtube,fitness,7.43,,🎶30 Min DIET DANCE WORKOUT🎶FAT BURNING CARDIO AEROBICS🎶KNEE FRIENDLY🎶NO JUMPING🎶MISS CARDIO WORKOUT🎶,https://www.youtube.com/watch?v=xAgKR-OBDIU,xAgKR-OBDIU,ERROR: [youtube] xAgKR-OBDIU: Sign in to confirm you’re not a bot. Use --cookies-from-browser or --cookies for the authentication. See  https://github.com/yt-dlp/yt-dlp/wiki/FAQ#how-do-i-pass-cookies-to-yt-dlp  for how to manually pass cookies. Also see  https://github.com/yt-dlp/yt-dlp/wiki/Extractors#exporting-youtube-cookies  for tips on effectively exporting YouTube cookies,False
,Captain Workout,625,youtube,fitness,8.18,Calisthenics vs Gym: Which Is More Effective?,Calisthenics vs Gym: Which Is More Effective?,https://www.youtube.com/watch?v=QU8mTR5iPLM,QU8mTR5iPLM,,True
,재호 - Fitness,,youtube,fitness,7.48,,25 MIN FULL BODY WORKOUT AT HOME (Fat Burn & No Equipment),https://www.youtube.com/watch?v=3EKcdVsYdk4,3EKcdVsYdk4,ERROR: [youtube] 3EKcdVsYdk4: Sign in to confirm you’re not a bot. Use --cookies-from-browser or --cookies for the authentication. See  https://github.com/yt-dlp/yt-dlp/wiki/FAQ#how-do-i-pass-cookies-to-yt-dlp  for how to manually pass cookies. Also see  https://github.com/yt-dlp/yt-dlp/wiki/Extractors#exporting-youtube-cookies  for tips on effectively exporting YouTube cookies,False
,Nobadaddiction,,youtube,fitness,7.46,,"20 MIN CARDIO HIIT WORKOUT - ALL STANDING - Full Body, No Equipment, No Repeats",https://www.youtube.com/watch?v=FeR-4_Opt-g,FeR-4_Opt-g,ERROR: [youtube] FeR-4_Opt-g: Sign in to confirm you’re not a bot. Use --cookies-from-browser or --cookies for the authentication. See  https://github.com/yt-dlp/yt-dlp/wiki/FAQ#how-do-i-pass-cookies-to-yt-dlp  for how to manually pass cookies. Also see  https://github.com/yt-dlp/yt-dlp/wiki/Extractors#exporting-youtube-cookies  for tips on effectively exporting YouTube cookies,False
,Lucy Wyndham-Read,,youtube,fitness,7.08,,7 Minute Tai Chi Inspired Weight Loss Workout -  Exercises to Lose Belly Fat  - by Lucy Wyndham-Read,https://www.youtube.com/watch?v=upFmr35-Y6c,upFmr35-Y6c,ERROR: [youtube] upFmr35-Y6c: Sign in to confirm you’re not a bot. Use --cookies-from-browser or --cookies for the authentication. See  https://github.com/yt-dlp/yt-dlp/wiki/FAQ#how-do-i-pass-cookies-to-yt-dlp  for how to manually pass cookies. Also see  https://github.com/yt-dlp/yt-dlp/wiki/Extractors#exporting-youtube-cookies  for tips on effectively exporting YouTube cookies,False
,Zumba Class,,youtube,fitness,7.22,,35 Mins Exercises For Weight Loss | Best FULL BODY WORKOUT | Zumba Class,https://www.youtube.com/watch?v=ZCSGRrzHS7g,ZCSGRrzHS7g,ERROR: [youtube] ZCSGRrzHS7g: Sign in to confirm you’re not a bot. Use --cookies-from-browser or --cookies for the authentication. See  https://github.com/yt-dlp/yt-dlp/wiki/FAQ#how-do-i-pass-cookies-to-yt-dlp  for how to manually pass cookies. Also see  https://github.com/yt-dlp/yt-dlp/wiki/Extractors#exporting-youtube-cookies  for tips on effectively exporting YouTube cookies,False
,HOMEWORKOUT,,youtube,fitness,6.85,,"30-Min Standing Abs Workout! Belly Fat Disappears, Leaving Only Abs.",https://www.youtube.com/watch?v=XvsrmhsCWxw,XvsrmhsCWxw,ERROR: [youtube] XvsrmhsCWxw: Sign in to confirm you’re not a bot. Use --cookies-from-browser or --cookies for the authentication. See  https://github.com/yt-dlp/yt-dlp/wiki/FAQ#how-do-i-pass-cookies-to-yt-dlp  for how to manually pass cookies. Also see  https://github.com/yt-dlp/yt-dlp/wiki/Extractors#exporting-youtube-cookies  for tips on effectively exporting YouTube cookies,False
,nikola’s pilates,,youtube,fitness,7.0,,Best Core Exercises for a TINY WAIST & FLAT ABS // 10 Min Pilates Workout,https://www.youtube.com/watch?v=HV1zVDoar40,HV1zVDoar40,ERROR: [youtube] HV1zVDoar40: Sign in to confirm you’re not a bot. Use --cookies-from-browser or --cookies for the authentication. See  https://github.com/yt-dlp/yt-dlp/wiki/FAQ#how-do-i-pass-cookies-to-yt-dlp  for how to manually pass cookies. Also see  https://github.com/yt-dlp/yt-dlp/wiki/Extractors#exporting-youtube-cookies  for tips on effectively exporting YouTube cookies,False
,Gritty Soldier,,youtube,fitness,6.79,,15-Minute Military Calisthenics Upper Body Strength Workout | Follow Along,https://www.youtube.com/watch?v=r2T6DHPZijY,r2T6DHPZijY,ERROR: [youtube] r2T6DHPZijY: Sign in to confirm you’re not a bot. Use --cookies-from-browser or --cookies for the authentication. See  https://github.com/yt-dlp/yt-dlp/wiki/FAQ#how-do-i-pass-cookies-to-yt-dlp  for how to manually pass cookies. Also see  https://github.com/yt-dlp/yt-dlp/wiki/Extractors#exporting-youtube-cookies  for tips on effectively exporting YouTube cookies,False
,Christopher Cox,,youtube,short film,6.7,,DON'T LOOK AWAY | Horror Short Film,https://www.youtube.com/watch?v=4f3hG-5grlw,4f3hG-5grlw,ERROR: [youtube] 4f3hG-5grlw: Sign in to confirm you’re not a bot. Use --cookies-from-browser or --cookies for the authentication. See  https://github.com/yt-dlp/yt-dlp/wiki/FAQ#how-do-i-pass-cookies-to-yt-dlp  for how to manually pass cookies. Also see  https://github.com/yt-dlp/yt-dlp/wiki/Extractors#exporting-youtube-cookies  for tips on effectively exporting YouTube cookies,False
,ACMofficial,,youtube,short film,6.79,,The Dentist | Short Horror Film,https://www.youtube.com/watch?v=zrVG_F_x8gU,zrVG_F_x8gU,ERROR: [youtube] zrVG_F_x8gU: Sign in to confirm you’re not a bot. Use --cookies-from-browser or --cookies for the authentication. See  https://github.com/yt-dlp/yt-dlp/wiki/FAQ#how-do-i-pass-cookies-to-yt-dlp  for how to manually pass cookies. Also see  https://github.com/yt-dlp/yt-dlp/wiki/Extractors#exporting-youtube-cookies  for tips on effectively exporting YouTube cookies,False
,BHAVANA STUDIOS,,youtube,short film,6.42,,Soulmates - Oru Saathukkudi Pranayam | Joel Davis | Justin Davis | Malayalam Romantic Short Film,https://www.youtube.com/watch?v=DVakMNAyrlg,DVakMNAyrlg,ERROR: [youtube] DVakMNAyrlg: Sign in to confirm you’re not a bot. Use --cookies-from-browser or --cookies for the authentication. See  https://github.com/yt-dlp/yt-dlp/wiki/FAQ#how-do-i-pass-cookies-to-yt-dlp  for how to manually pass cookies. Also see  https://github.com/yt-dlp/yt-dlp/wiki/Extractors#exporting-youtube-cookies  for tips on effectively exporting YouTube cookies,False
,Stratostorm,,youtube,short film,6.91,,UMBRELLA | Oscar® Qualified and Multi-Award Winning Animated Short Film,https://www.youtube.com/watch?v=Bl1FOKpFY2Q,Bl1FOKpFY2Q,ERROR: [youtube] Bl1FOKpFY2Q: Sign in to confirm you’re not a bot. Use --cookies-from-browser or --cookies for the authentication. See  https://github.com/yt-dlp/yt-dlp/wiki/FAQ#how-do-i-pass-cookies-to-yt-dlp  for how to manually pass cookies. Also see  https://github.com/yt-dlp/yt-dlp/wiki/Extractors#exporting-youtube-cookies  for tips on effectively exporting YouTube cookies,False
,Mannix Daily,,youtube,short film,6.93,,YAYA LABS: KELBANG ROMCOM SHORT FILM!,https://www.youtube.com/watch?v=FoMSDvVDsL4,FoMSDvVDsL4,ERROR: [youtube] FoMSDvVDsL4: Sign in to confirm you’re not a bot. Use --cookies-from-browser or --cookies for the authentication. See  https://github.com/yt-dlp/yt-dlp/wiki/FAQ#how-do-i-pass-cookies-to-yt-dlp  for how to manually pass cookies. Also see  https://github.com/yt-dlp/yt-dlp/wiki/Extractors#exporting-youtube-cookies  for tips on effectively exporting YouTube cookies,False
,Shutter Authority,,youtube,short film,7.34,,SIREN HEAD Attacks: The Complete Short Film Compilation,https://www.youtube.com/watch?v=vhI_KTmeHyE,vhI_KTmeHyE,ERROR: [youtube] vhI_KTmeHyE: Sign in to confirm you’re not a bot. Use --cookies-from-browser or --cookies for the authentication. See  https://github.com/yt-dlp/yt-dlp/wiki/FAQ#how-do-i-pass-cookies-to-yt-dlp  for how to manually pass cookies. Also see  https://github.com/yt-dlp/yt-dlp/wiki/Extractors#exporting-youtube-cookies  for tips on effectively exporting YouTube cookies,False
,Dolan Twins,,youtube,short film,7.18,,The Double Take (Short Film),https://www.youtube.com/watch?v=5M-zgsnPfFs,5M-zgsnPfFs,ERROR: [youtube] 5M-zgsnPfFs: Sign in to confirm you’re not a bot. Use --cookies-from-browser or --cookies for the authentication. See  https://github.com/yt-dlp/yt-dlp/wiki/FAQ#how-do-i-pass-cookies-to-yt-dlp  for how to manually pass cookies. Also see  https://github.com/yt-dlp/yt-dlp/wiki/Extractors#exporting-youtube-cookies  for tips on effectively exporting YouTube cookies,False
,Geo Films,,youtube,short film,7.24,,Haar | Short Films | Ali Abbas - Saife Hassan - Nida Mumtaz | Geo Films,https://www.youtube.com/watch?v=p4-BRIwoi8U,p4-BRIwoi8U,ERROR: [youtube] p4-BRIwoi8U: Sign in to confirm you’re not a bot. Use --cookies-from-browser or --cookies for the authentication. See  https://github.com/yt-dlp/yt-dlp/wiki/FAQ#how-do-i-pass-cookies-to-yt-dlp  for how to manually pass cookies. Also see  https://github.com/yt-dlp/yt-dlp/wiki/Extractors#exporting-youtube-cookies  for tips on effectively exporting YouTube cookies,False
,ByMosX,,youtube,short film,7.11,,They Slept For A Thousand Years | Dystopian Sci-Fi AI Short Film,https://www.youtube.com/watch?v=1Pyp9dXleUE,1Pyp9dXleUE,ERROR: [youtube] 1Pyp9dXleUE: Sign in to confirm you’re not a bot. Use --cookies-from-browser or --cookies for the authentication. See  https://github.com/yt-dlp/yt-dlp/wiki/FAQ#how-do-i-pass-cookies-to-yt-dlp  for how to manually pass cookies. Also see  https://github.com/yt-dlp/yt-dlp/wiki/Extractors#exporting-youtube-cookies  for tips on effectively exporting YouTube cookies,False
,Colby Delgross,,youtube,short film,7.21,,THE HAT | Horror Short Film,https://www.youtube.com/watch?v=5L4jCLnBXSE,5L4jCLnBXSE,ERROR: [youtube] 5L4jCLnBXSE: Sign in to confirm you’re not a bot. Use --cookies-from-browser or --cookies for the authentication. See  https://github.com/yt-dlp/yt-dlp/wiki/FAQ#how-do-i-pass-cookies-to-yt-dlp  for how to manually pass cookies. Also see  https://github.com/yt-dlp/yt-dlp/wiki/Extractors#exporting-youtube-cookies  for tips on effectively exporting YouTube cookies,False
,Girly,,youtube,short film,7.23,,"Without Love 💝 - Episode 05 | Ft. Hariharan Velu, Jishma | Tamil Rom-Com Web Series | 4K | Girly",https://www.youtube.com/watch?v=qZZNSKT4s9A,qZZNSKT4s9A,ERROR: [youtube] qZZNSKT4s9A: Sign in to confirm you’re not a bot. Use --cookies-from-browser or --cookies for the authentication. See  https://github.com/yt-dlp/yt-dlp/wiki/FAQ#how-do-i-pass-cookies-to-yt-dlp  for how to manually pass cookies. Also see  https://github.com/yt-dlp/yt-dlp/wiki/Extractors#exporting-youtube-cookies  for tips on effectively exporting YouTube cookies,False
,SGG SQUAD PRESENTS / Tech,,youtube,short film,7.41,,Short Film Optimus Prime Awakening 480p 0.75X Recommended playback,https://www.youtube.com/watch?v=3t6uTB6QmQk,3t6uTB6QmQk,ERROR: [youtube] 3t6uTB6QmQk: Sign in to confirm you’re not a bot. Use --cookies-from-browser or --cookies for the authentication. See  https://github.com/yt-dlp/yt-dlp/wiki/FAQ#how-do-i-pass-cookies-to-yt-dlp  for how to manually pass cookies. Also see  https://github.com/yt-dlp/yt-dlp/wiki/Extractors#exporting-youtube-cookies  for tips on effectively exporting YouTube cookies,False
,Moon Light Tamil,,youtube,short film,7.51,,Tamil Short film by a Talented Lady Director - நினைவே துணையாய் | Emotional Short Film,https://www.youtube.com/watch?v=KPwRAyzOHa8,KPwRAyzOHa8,ERROR: [youtube] KPwRAyzOHa8: Sign in to confirm you’re not a bot. Use --cookies-from-browser or --cookies for the authentication. See  https://github.com/yt-dlp/yt-dlp/wiki/FAQ#how-do-i-pass-cookies-to-yt-dlp  for how to manually pass cookies. Also see  https://github.com/yt-dlp/yt-dlp/wiki/Extractors#exporting-youtube-cookies  for tips on effectively exporting YouTube cookies,False
,Max Barskih,,youtube,short film,7.39,,RESET | AI Sci-Fi Short Film | Higgsfield Film Festival,https://www.youtube.com/watch?v=BMLTQ0ouz1U,BMLTQ0ouz1U,ERROR: [youtube] BMLTQ0ouz1U: Sign in to confirm you’re not a bot. Use --cookies-from-browser or --cookies for the authentication. See  https://github.com/yt-dlp/yt-dlp/wiki/FAQ#how-do-i-pass-cookies-to-yt-dlp  for how to manually pass cookies. Also see  https://github.com/yt-dlp/yt-dlp/wiki/Extractors#exporting-youtube-cookies  for tips on effectively exporting YouTube cookies,False
,Jiya Kapur Films,,youtube,short film,7.45,,THE DOGSITTER | Horror Short Film,https://www.youtube.com/watch?v=s6nbLvElQ50,s6nbLvElQ50,ERROR: [youtube] s6nbLvElQ50: Sign in to confirm you’re not a bot. Use --cookies-from-browser or --cookies for the authentication. See  https://github.com/yt-dlp/yt-dlp/wiki/FAQ#how-do-i-pass-cookies-to-yt-dlp  for how to manually pass cookies. Also see  https://github.com/yt-dlp/yt-dlp/wiki/Extractors#exporting-youtube-cookies  for tips on effectively exporting YouTube cookies,False
,The Sleeper List,,youtube,cars,7.22,,Chinese Cars Are Losing 65% of Their Value in Britain — Here's WHY,https://www.youtube.com/watch?v=rjDsMOtqyHk,rjDsMOtqyHk,ERROR: [youtube] rjDsMOtqyHk: Sign in to confirm you’re not a bot. Use --cookies-from-browser or --cookies for the authentication. See  https://github.com/yt-dlp/yt-dlp/wiki/FAQ#how-do-i-pass-cookies-to-yt-dlp  for how to manually pass cookies. Also see  https://github.com/yt-dlp/yt-dlp/wiki/Extractors#exporting-youtube-cookies  for tips on effectively exporting YouTube cookies,False
,Toys Car Review,,youtube,cars,7.09,,Disney Pixar Cars Unboxing Review | Lightning Mcqueen RC & Radiator Springs Mountain Race Playset,https://www.youtube.com/watch?v=xyxi3tFPLac,xyxi3tFPLac,ERROR: [youtube] xyxi3tFPLac: Sign in to confirm you’re not a bot. Use --cookies-from-browser or --cookies for the authentication. See  https://github.com/yt-dlp/yt-dlp/wiki/FAQ#how-do-i-pass-cookies-to-yt-dlp  for how to manually pass cookies. Also see  https://github.com/yt-dlp/yt-dlp/wiki/Extractors#exporting-youtube-cookies  for tips on effectively exporting YouTube cookies,False
,CrashGameTV,,youtube,cars,7.47,,Small to Giant Cars vs Giant Bulge - BeamNG.drive,https://www.youtube.com/watch?v=9YPfQNDbh3I,9YPfQNDbh3I,ERROR: [youtube] 9YPfQNDbh3I: Sign in to confirm you’re not a bot. Use --cookies-from-browser or --cookies for the authentication. See  https://github.com/yt-dlp/yt-dlp/wiki/FAQ#how-do-i-pass-cookies-to-yt-dlp  for how to manually pass cookies. Also see  https://github.com/yt-dlp/yt-dlp/wiki/Extractors#exporting-youtube-cookies  for tips on effectively exporting YouTube cookies,False
,All Cars,,youtube,cars,7.11,,Pixar Cars Sky Spiral Ramp Challenge   McQueen Truck Mack The King Chick Hicks Storm Cruz & Friends,https://www.youtube.com/watch?v=ln3EQEDHqRI,ln3EQEDHqRI,ERROR: [youtube] ln3EQEDHqRI: This video is not available,False
,Felix McQueen Renko,,youtube,cars,6.86,,Disney Pixar Cars Quick Track Test | Lightning McQueen & Friends,https://www.youtube.com/watch?v=csAnzuog6hg,csAnzuog6hg,ERROR: [youtube] csAnzuog6hg: Sign in to confirm you’re not a bot. Use --cookies-from-browser or --cookies for the authentication. See  https://github.com/yt-dlp/yt-dlp/wiki/FAQ#how-do-i-pass-cookies-to-yt-dlp  for how to manually pass cookies. Also see  https://github.com/yt-dlp/yt-dlp/wiki/Extractors#exporting-youtube-cookies  for tips on effectively exporting YouTube cookies,False
,Felix McQueen Renko,,youtube,cars,7.23,,Disney Pixar Cars Track Test Review | Lightning McQueen & Friends,https://www.youtube.com/watch?v=5BB45pENfdM,5BB45pENfdM,ERROR: [youtube] 5BB45pENfdM: Sign in to confirm you’re not a bot. Use --cookies-from-browser or --cookies for the authentication. See  https://github.com/yt-dlp/yt-dlp/wiki/FAQ#how-do-i-pass-cookies-to-yt-dlp  for how to manually pass cookies. Also see  https://github.com/yt-dlp/yt-dlp/wiki/Extractors#exporting-youtube-cookies  for tips on effectively exporting YouTube cookies,False
,Disney Jr. ,,youtube,cars,7.57,,Cars On The Road 🚗 | Full Episodes 1–5 | Pixar Cars | @disneyjr,https://www.youtube.com/watch?v=L3gOf2XDp8Y,L3gOf2XDp8Y,ERROR: [youtube] L3gOf2XDp8Y: This video is not available,False
,Cars & Money and 2 more,,youtube,cars,6.82,,UK's Most Exclusive Private Car Museum Revealed & What's Really Driving Car Prices - Zach's Garage,https://www.youtube.com/watch?v=N9aREy6H2mE,N9aREy6H2mE,ERROR: [youtube] N9aREy6H2mE: Sign in to confirm you’re not a bot. Use --cookies-from-browser or --cookies for the authentication. See  https://github.com/yt-dlp/yt-dlp/wiki/FAQ#how-do-i-pass-cookies-to-yt-dlp  for how to manually pass cookies. Also see  https://github.com/yt-dlp/yt-dlp/wiki/Extractors#exporting-youtube-cookies  for tips on effectively exporting YouTube cookies,False
,Dlan Cars and PaPa Cars,,youtube,cars,6.77,,Car transporter with small cars metal from video,https://www.youtube.com/watch?v=pvK5VP4Y6JU,pvK5VP4Y6JU,ERROR: [youtube] pvK5VP4Y6JU: Sign in to confirm you’re not a bot. Use --cookies-from-browser or --cookies for the authentication. See  https://github.com/yt-dlp/yt-dlp/wiki/FAQ#how-do-i-pass-cookies-to-yt-dlp  for how to manually pass cookies. Also see  https://github.com/yt-dlp/yt-dlp/wiki/Extractors#exporting-youtube-cookies  for tips on effectively exporting YouTube cookies,False
,WIN WIN CARS LIVE,,youtube,cars,6.7,,"Looking for Disney Pixar Cars On the Rocky Road : Lightning McQueen, Mater, Dinoco McQueen, Mack",https://www.youtube.com/watch?v=w8K-g0LDi9Y,w8K-g0LDi9Y,ERROR: [youtube] w8K-g0LDi9Y: This video is not available,False
,Car X Toys,,youtube,cars,7.17,,Toy Car Collection for Kids 🚗🚓🚒 | Amazing Vehicles for Toddlers,https://www.youtube.com/watch?v=v47qHBi-nKE,v47qHBi-nKE,ERROR: [youtube] v47qHBi-nKE: This video is not available,False
,Super Cars Toys,,youtube,cars,7.0,,NEW Disney Pixar Cars Unboxing Review | Lightning McQueen Police Jacskon Storm High Impact & Friends,https://www.youtube.com/watch?v=yBU3Nx9C73c,yBU3Nx9C73c,ERROR: [youtube] yBU3Nx9C73c: Sign in to confirm you’re not a bot. Use --cookies-from-browser or --cookies for the authentication. See  https://github.com/yt-dlp/yt-dlp/wiki/FAQ#how-do-i-pass-cookies-to-yt-dlp  for how to manually pass cookies. Also see  https://github.com/yt-dlp/yt-dlp/wiki/Extractors#exporting-youtube-cookies  for tips on effectively exporting YouTube cookies,False
,Gaming aadii ,,youtube,cars,8.08,,Ramp Car Racing - Car Racing 3D - Android Gameplay,https://www.youtube.com/watch?v=GyO1MtLhyt0,GyO1MtLhyt0,ERROR: [youtube] GyO1MtLhyt0: Sign in to confirm you’re not a bot. Use --cookies-from-browser or --cookies for the authentication. See  https://github.com/yt-dlp/yt-dlp/wiki/FAQ#how-do-i-pass-cookies-to-yt-dlp  for how to manually pass cookies. Also see  https://github.com/yt-dlp/yt-dlp/wiki/Extractors#exporting-youtube-cookies  for tips on effectively exporting YouTube cookies,False
,Little Drivers Club,,youtube,cars,7.3,,Summer Beach Fun with Cars | Kids Vehicle Song | 3D Nursery Rhymes & Kids Songs,https://www.youtube.com/watch?v=49PK4Cdx0SE,49PK4Cdx0SE,ERROR: [youtube] 49PK4Cdx0SE: This video is not available,False
,Disney Jr. ,,youtube,cars,7.33,,Cars On The Road 🚗 | Full Episodes 6–9 | Pixar Cars | @disneyjr,https://www.youtube.com/watch?v=DOKVREgWKbE,DOKVREgWKbE,ERROR: [youtube] DOKVREgWKbE: This video is not available,False
,Miniature Automobiles,,youtube,cars,7.09,,Unboxing Toyota Coaster Bus | Diecast Model Cars ,https://www.youtube.com/watch?v=_3McV_xKM6A,_3McV_xKM6A,ERROR: [youtube] _3McV_xKM6A: Sign in to confirm you’re not a bot. Use --cookies-from-browser or --cookies for the authentication. See  https://github.com/yt-dlp/yt-dlp/wiki/FAQ#how-do-i-pass-cookies-to-yt-dlp  for how to manually pass cookies. Also see  https://github.com/yt-dlp/yt-dlp/wiki/Extractors#exporting-youtube-cookies  for tips on effectively exporting YouTube cookies,False
,BIBO TOYS,,youtube,cars,7.4,,Cars story fun playing on the sand with trucks | BIBO TOYS,https://www.youtube.com/watch?v=g0XNwsypfUo,g0XNwsypfUo,ERROR: [youtube] g0XNwsypfUo: This video is not available,False
,Miniature Automobiles,,youtube,cars,7.38,,1/18 Scale Lamborghini Cars Collection | Diecast Model Cars ,https://www.youtube.com/watch?v=tf32gw_Iipc,tf32gw_Iipc,ERROR: [youtube] tf32gw_Iipc: Sign in to confirm you’re not a bot. Use --cookies-from-browser or --cookies for the authentication. See  https://github.com/yt-dlp/yt-dlp/wiki/FAQ#how-do-i-pass-cookies-to-yt-dlp  for how to manually pass cookies. Also see  https://github.com/yt-dlp/yt-dlp/wiki/Extractors#exporting-youtube-cookies  for tips on effectively exporting YouTube cookies,False
,Miniature Automobiles,,youtube,cars,7.13,,Mini Toyota Hilux Unboxing | Tacoma | Diecast Model Cars ,https://www.youtube.com/watch?v=4cLJwKL1Wr0,4cLJwKL1Wr0,ERROR: [youtube] 4cLJwKL1Wr0: Sign in to confirm you’re not a bot. Use --cookies-from-browser or --cookies for the authentication. See  https://github.com/yt-dlp/yt-dlp/wiki/FAQ#how-do-i-pass-cookies-to-yt-dlp  for how to manually pass cookies. Also see  https://github.com/yt-dlp/yt-dlp/wiki/Extractors#exporting-youtube-cookies  for tips on effectively exporting YouTube cookies,False
,MYLTIMYLT,,youtube,cars,7.18,,Big High Ramp Jumps with Expensive Sport Cars Crashes - BeamNG Drive,https://www.youtube.com/watch?v=-gmDWPI03nE,-gmDWPI03nE,ERROR: [youtube] -gmDWPI03nE: Sign in to confirm you’re not a bot. Use --cookies-from-browser or --cookies for the authentication. See  https://github.com/yt-dlp/yt-dlp/wiki/FAQ#how-do-i-pass-cookies-to-yt-dlp  for how to manually pass cookies. Also see  https://github.com/yt-dlp/yt-dlp/wiki/Extractors#exporting-youtube-cookies  for tips on effectively exporting YouTube cookies,False
,Rascal Flatts,,youtube,cars,7.45,,"Rascal Flatts - Life Is a Highway (From ""Cars""/Official Video)",https://www.youtube.com/watch?v=5tXh_MfrMe0,5tXh_MfrMe0,ERROR: [youtube] 5tXh_MfrMe0: Sign in to confirm you’re not a bot. Use --cookies-from-browser or --cookies for the authentication. See  https://github.com/yt-dlp/yt-dlp/wiki/FAQ#how-do-i-pass-cookies-to-yt-dlp  for how to manually pass cookies. Also see  https://github.com/yt-dlp/yt-dlp/wiki/Extractors#exporting-youtube-cookies  for tips on effectively exporting YouTube cookies,False
,Tiny Toys Car,,youtube,cars,7.17,,"Disney Pixar Cars Unboxing Review | Lightning Mcqueen, Tow Mater, Doc Hudson, Sally Carrera, Cruz",https://www.youtube.com/watch?v=T2jIWLh3rFA,T2jIWLh3rFA,ERROR: [youtube] T2jIWLh3rFA: Sign in to confirm you’re not a bot. Use --cookies-from-browser or --cookies for the authentication. See  https://github.com/yt-dlp/yt-dlp/wiki/FAQ#how-do-i-pass-cookies-to-yt-dlp  for how to manually pass cookies. Also see  https://github.com/yt-dlp/yt-dlp/wiki/Extractors#exporting-youtube-cookies  for tips on effectively exporting YouTube cookies,False
,More High Peak,,youtube,cars,7.24,,I Bought 2 Cars to Try and Save My Dealership…,https://www.youtube.com/watch?v=aBYUzLoOyMA,aBYUzLoOyMA,ERROR: [youtube] aBYUzLoOyMA: Sign in to confirm you’re not a bot. Use --cookies-from-browser or --cookies for the authentication. See  https://github.com/yt-dlp/yt-dlp/wiki/FAQ#how-do-i-pass-cookies-to-yt-dlp  for how to manually pass cookies. Also see  https://github.com/yt-dlp/yt-dlp/wiki/Extractors#exporting-youtube-cookies  for tips on effectively exporting YouTube cookies,False
,Classic Car Stories ,,youtube,cars,7.28,,The Vauxhall They Never Told You About I Classic Car Stories,https://www.youtube.com/watch?v=8SNJ1bUgNo0,8SNJ1bUgNo0,ERROR: [youtube] 8SNJ1bUgNo0: Sign in to confirm you’re not a bot. Use --cookies-from-browser or --cookies for the authentication. See  https://github.com/yt-dlp/yt-dlp/wiki/FAQ#how-do-i-pass-cookies-to-yt-dlp  for how to manually pass cookies. Also see  https://github.com/yt-dlp/yt-dlp/wiki/Extractors#exporting-youtube-cookies  for tips on effectively exporting YouTube cookies,False
,BeamNG Monster,,youtube,cars,7.13,,Big & Small Red Lamborghini vs Blue Lamborghini McQueen Cars vs Trains - BeamNG.drive,https://www.youtube.com/watch?v=NZn8wmBzyoE,NZn8wmBzyoE,ERROR: [youtube] NZn8wmBzyoE: Sign in to confirm you’re not a bot. Use --cookies-from-browser or --cookies for the authentication. See  https://github.com/yt-dlp/yt-dlp/wiki/FAQ#how-do-i-pass-cookies-to-yt-dlp  for how to manually pass cookies. Also see  https://github.com/yt-dlp/yt-dlp/wiki/Extractors#exporting-youtube-cookies  for tips on effectively exporting YouTube cookies,False
,Disney Jr. ,,youtube,cars,7.52,,Lightning McQueen's Best Moments! | Pixar Cars | @disneyjr,https://www.youtube.com/watch?v=fdGWRq1dVBA,fdGWRq1dVBA,ERROR: [youtube] fdGWRq1dVBA: This video is not available,False
,Disney Jr. ,,youtube,cars,7.71,,Mack Falls Asleep! | Pixar Cars | @disneyjr,https://www.youtube.com/watch?v=tbAcQPvtgf0,tbAcQPvtgf0,ERROR: [youtube] tbAcQPvtgf0: This video is not available,False
,Tiny Toys Car,,youtube,cars,7.02,,Disney Pixar Cars Unboxing Review | Lightning MCqueen & Disney Cars Color Change Submarine Car Wash,https://www.youtube.com/watch?v=qcIk48ujFkY,qcIk48ujFkY,ERROR: [youtube] qcIk48ujFkY: Sign in to confirm you’re not a bot. Use --cookies-from-browser or --cookies for the authentication. See  https://github.com/yt-dlp/yt-dlp/wiki/FAQ#how-do-i-pass-cookies-to-yt-dlp  for how to manually pass cookies. Also see  https://github.com/yt-dlp/yt-dlp/wiki/Extractors#exporting-youtube-cookies  for tips on effectively exporting YouTube cookies,False
,Disney Jr. ,,youtube,cars,6.86,,Pixar's Cars Toon - Mater’s Tall Tales | Full Episodes 1-5 | Pixar Cars | @disneyjr,https://www.youtube.com/watch?v=JRQaxj_Yw00,JRQaxj_Yw00,ERROR: [youtube] JRQaxj_Yw00: This video is not available,False
,Felix McQueen Renko,,youtube,cars,6.69,,Disney Pixar Cars Spiral Track Test Review | Lightning McQueen & Friends Compilation,https://www.youtube.com/watch?v=ImAe8CdVyd0,ImAe8CdVyd0,ERROR: [youtube] ImAe8CdVyd0: Sign in to confirm you’re not a bot. Use --cookies-from-browser or --cookies for the authentication. See  https://github.com/yt-dlp/yt-dlp/wiki/FAQ#how-do-i-pass-cookies-to-yt-dlp  for how to manually pass cookies. Also see  https://github.com/yt-dlp/yt-dlp/wiki/Extractors#exporting-youtube-cookies  for tips on effectively exporting YouTube cookies,False
,BNG Dash Game,,youtube,cars,7.21,,Giant CRUSHER DOZER Mack Truck Eater VS Cars Lightning McQueen Escape Monster Beamng Drive #23,https://www.youtube.com/watch?v=IJ8uaypdAD4,IJ8uaypdAD4,ERROR: [youtube] IJ8uaypdAD4: Sign in to confirm you’re not a bot. Use --cookies-from-browser or --cookies for the authentication. See  https://github.com/yt-dlp/yt-dlp/wiki/FAQ#how-do-i-pass-cookies-to-yt-dlp  for how to manually pass cookies. Also see  https://github.com/yt-dlp/yt-dlp/wiki/Extractors#exporting-youtube-cookies  for tips on effectively exporting YouTube cookies,False
,Ziba Beam,,youtube,cars,6.81,,Giant HUNGRY SNAKE McQueen Eater VS Cars Lightning McQueen Escape From Monster Beamng Drive #86,https://www.youtube.com/watch?v=B_pXS9A1ktI,B_pXS9A1ktI,ERROR: [youtube] B_pXS9A1ktI: Sign in to confirm you’re not a bot. Use --cookies-from-browser or --cookies for the authentication. See  https://github.com/yt-dlp/yt-dlp/wiki/FAQ#how-do-i-pass-cookies-to-yt-dlp  for how to manually pass cookies. Also see  https://github.com/yt-dlp/yt-dlp/wiki/Extractors#exporting-youtube-cookies  for tips on effectively exporting YouTube cookies,False
,Beggars Banquet Records,,youtube,cars,7.27,,Gary Numan - Cars HD,https://www.youtube.com/watch?v=Im3JzxlatUs,Im3JzxlatUs,ERROR: [youtube] Im3JzxlatUs: Sign in to confirm you’re not a bot. Use --cookies-from-browser or --cookies for the authentication. See  https://github.com/yt-dlp/yt-dlp/wiki/FAQ#how-do-i-pass-cookies-to-yt-dlp  for how to manually pass cookies. Also see  https://github.com/yt-dlp/yt-dlp/wiki/Extractors#exporting-youtube-cookies  for tips on effectively exporting YouTube cookies,False
,ToyToyPlay,,youtube,cars,7.35,,More than 50 Toy Cars Mini Car & Big Mac Trailer | Car Videos For Kids,https://www.youtube.com/watch?v=gNmHDVPgaik,gNmHDVPgaik,ERROR: [youtube] gNmHDVPgaik: This video is not available,False
,Mark Production,,youtube,cars,7.31,,Mark repairs large and small cars - 33 minute video,https://www.youtube.com/watch?v=ih1FVZZ21OY,ih1FVZZ21OY,ERROR: [youtube] ih1FVZZ21OY: This video is not available,False
,carwow,,youtube,cars,7.27,,I DRAG RACED the World’s COOLEST toy cars!,https://www.youtube.com/watch?v=vWD2oCP_AfU,vWD2oCP_AfU,ERROR: [youtube] vWD2oCP_AfU: Sign in to confirm you’re not a bot. Use --cookies-from-browser or --cookies for the authentication. See  https://github.com/yt-dlp/yt-dlp/wiki/FAQ#how-do-i-pass-cookies-to-yt-dlp  for how to manually pass cookies. Also see  https://github.com/yt-dlp/yt-dlp/wiki/Extractors#exporting-youtube-cookies  for tips on effectively exporting YouTube cookies,False
,Melody Kids Tv 멜로디 키즈 티비,,youtube,cars,7.27,,Oh No! Cars Stuck in Trouble 🚚🚌🚑 Rescue by Tow Truck!! + More Nursery Rhymes & Kids Songs,https://www.youtube.com/watch?v=p0NHTth7tK8,p0NHTth7tK8,ERROR: [youtube] p0NHTth7tK8: This video is not available,False
,Felix McQueen Renko,,youtube,cars,7.41,,Disney Pixar Cars Quick Track Test | Lightning McQueen & Friends,https://www.youtube.com/watch?v=avgWIDV4MR8,avgWIDV4MR8,ERROR: [youtube] avgWIDV4MR8: Sign in to confirm you’re not a bot. Use --cookies-from-browser or --cookies for the authentication. See  https://github.com/yt-dlp/yt-dlp/wiki/FAQ#how-do-i-pass-cookies-to-yt-dlp  for how to manually pass cookies. Also see  https://github.com/yt-dlp/yt-dlp/wiki/Extractors#exporting-youtube-cookies  for tips on effectively exporting YouTube cookies,False
,Find McQueen ,,youtube,cars,7.57,,"Disney Pixar Cars toys Review | Lightning McQueen, Finn McMissile, Mack, Doc Hudson,Cruz Ramirez",https://www.youtube.com/watch?v=ogDTAVcxmtc,ogDTAVcxmtc,ERROR: [youtube] ogDTAVcxmtc: Sign in to confirm you’re not a bot. Use --cookies-from-browser or --cookies for the authentication. See  https://github.com/yt-dlp/yt-dlp/wiki/FAQ#how-do-i-pass-cookies-to-yt-dlp  for how to manually pass cookies. Also see  https://github.com/yt-dlp/yt-dlp/wiki/Extractors#exporting-youtube-cookies  for tips on effectively exporting YouTube cookies,False
,Bryan’s Toy Haven,,youtube,cars,7.45,,Disney Pixar Cars Hunting! Brand New 2027 Cars! ,https://www.youtube.com/watch?v=ZV4hAPM7it0,ZV4hAPM7it0,ERROR: [youtube] ZV4hAPM7it0: Sign in to confirm you’re not a bot. Use --cookies-from-browser or --cookies for the authentication. See  https://github.com/yt-dlp/yt-dlp/wiki/FAQ#how-do-i-pass-cookies-to-yt-dlp  for how to manually pass cookies. Also see  https://github.com/yt-dlp/yt-dlp/wiki/Extractors#exporting-youtube-cookies  for tips on effectively exporting YouTube cookies,False
,97robin997,,youtube,cars,7.39,,CRAZY TUNER Cars Leaving the BEST Carshow of EUROPE | ULTRACE 2026,https://www.youtube.com/watch?v=vod_MeQcaQM,vod_MeQcaQM,ERROR: [youtube] vod_MeQcaQM: Sign in to confirm you’re not a bot. Use --cookies-from-browser or --cookies for the authentication. See  https://github.com/yt-dlp/yt-dlp/wiki/FAQ#how-do-i-pass-cookies-to-yt-dlp  for how to manually pass cookies. Also see  https://github.com/yt-dlp/yt-dlp/wiki/Extractors#exporting-youtube-cookies  for tips on effectively exporting YouTube cookies,False
,Hi My Car,,youtube,cars,7.6,,"Unboxing fire rescue truck,RC police car,EV ambulance,EV 3D Excavator",https://www.youtube.com/watch?v=2fEm4doZSKY,2fEm4doZSKY,ERROR: [youtube] 2fEm4doZSKY: Sign in to confirm you’re not a bot. Use --cookies-from-browser or --cookies for the authentication. See  https://github.com/yt-dlp/yt-dlp/wiki/FAQ#how-do-i-pass-cookies-to-yt-dlp  for how to manually pass cookies. Also see  https://github.com/yt-dlp/yt-dlp/wiki/Extractors#exporting-youtube-cookies  for tips on effectively exporting YouTube cookies,False
,Kidibli (Kinder Spielzeug Kanal),,youtube,cars,7.33,,Cars 3 Toys with Lightning McQueen for Kids,https://www.youtube.com/watch?v=IcvyW0wcXRg,IcvyW0wcXRg,ERROR: [youtube] IcvyW0wcXRg: This video is not available,False
,DisneySingItVideos,,youtube,cars,7.76,,Real Gone (from Cars),https://www.youtube.com/watch?v=I4AR-eBF9G4,I4AR-eBF9G4,ERROR: [youtube] I4AR-eBF9G4: Sign in to confirm you’re not a bot. Use --cookies-from-browser or --cookies for the authentication. See  https://github.com/yt-dlp/yt-dlp/wiki/FAQ#how-do-i-pass-cookies-to-yt-dlp  for how to manually pass cookies. Also see  https://github.com/yt-dlp/yt-dlp/wiki/Extractors#exporting-youtube-cookies  for tips on effectively exporting YouTube cookies,False
,Disney Junior Deutschland,,youtube,cars,7.22,,Lightning McQueens beste Momente | Pixar Cars,https://www.youtube.com/watch?v=3tEawptzbhI,3tEawptzbhI,ERROR: [youtube] 3tEawptzbhI: This video is not available,False
,Tiny Toys Car,,youtube,cars,7.14,,Disney Pixar Cars Unboxing Review | Disney Pixar Cars Color Changers Race Ready Car Wash Playset,https://www.youtube.com/watch?v=kpzBOgPwkqs,kpzBOgPwkqs,ERROR: [youtube] kpzBOgPwkqs: Sign in to confirm you’re not a bot. Use --cookies-from-browser or --cookies for the authentication. See  https://github.com/yt-dlp/yt-dlp/wiki/FAQ#how-do-i-pass-cookies-to-yt-dlp  for how to manually pass cookies. Also see  https://github.com/yt-dlp/yt-dlp/wiki/Extractors#exporting-youtube-cookies  for tips on effectively exporting YouTube cookies,False
,Ford Guy,,youtube,cars,7.54,,"Ocala Cars & Coffee Pullouts, Flybys, & Full Sends!! - September 2026",https://www.youtube.com/watch?v=Z0RUfmWWuTM,Z0RUfmWWuTM,ERROR: [youtube] Z0RUfmWWuTM: Sign in to confirm you’re not a bot. Use --cookies-from-browser or --cookies for the authentication. See  https://github.com/yt-dlp/yt-dlp/wiki/FAQ#how-do-i-pass-cookies-to-yt-dlp  for how to manually pass cookies. Also see  https://github.com/yt-dlp/yt-dlp/wiki/Extractors#exporting-youtube-cookies  for tips on effectively exporting YouTube cookies,False
,DisneyMusicVEVO,,youtube,cars,7.87,,"Cars on the Road - Cast - TRUCKS (From ""Cars on the Road"")",https://www.youtube.com/watch?v=2jVBWyih-RU,2jVBWyih-RU,ERROR: [youtube] 2jVBWyih-RU: This video is not available,False
,Disney Jr. ,,youtube,cars,7.14,,Lightning McQueen's Greatest Moments Compilation! 🏎️💨 | Pixar Cars | Disney Jr.,https://www.youtube.com/watch?v=frbKfzw6FE8,frbKfzw6FE8,ERROR: [youtube] frbKfzw6FE8: This video is not available,False
,Mag's Toys,,youtube,cars,7.6,,Big White SUV Among Large Number of Toy Cars,https://www.youtube.com/watch?v=G3i7ZCbyIcU,G3i7ZCbyIcU,ERROR: [youtube] G3i7ZCbyIcU: This video is not available,False
,9 News Australia,,youtube,news,7.55,,Australian father and kids found dead in Bali; Three-way horror car crash | 9 News Australia,https://www.youtube.com/watch?v=nH77_vyw0QM,nH77_vyw0QM,ERROR: [youtube] nH77_vyw0QM: Sign in to confirm you’re not a bot. Use --cookies-from-browser or --cookies for the authentication. See  https://github.com/yt-dlp/yt-dlp/wiki/FAQ#how-do-i-pass-cookies-to-yt-dlp  for how to manually pass cookies. Also see  https://github.com/yt-dlp/yt-dlp/wiki/Extractors#exporting-youtube-cookies  for tips on effectively exporting YouTube cookies,False
,Speeed,,youtube,cars,7.63,,"Building a Fun, Cheap Old Car in 5 Days",https://www.youtube.com/watch?v=ZK38Xbx3RMU,ZK38Xbx3RMU,ERROR: [youtube] ZK38Xbx3RMU: Sign in to confirm you’re not a bot. Use --cookies-from-browser or --cookies for the authentication. See  https://github.com/yt-dlp/yt-dlp/wiki/FAQ#how-do-i-pass-cookies-to-yt-dlp  for how to manually pass cookies. Also see  https://github.com/yt-dlp/yt-dlp/wiki/Extractors#exporting-youtube-cookies  for tips on effectively exporting YouTube cookies,False
,Zayn's Fun World,,youtube,cars,7.65,,"Looking for Disney Pixar Cars, Lightning McQueen, Tow Mater, Disney Pixar Cars Movie, Car Toys",https://www.youtube.com/watch?v=h_-2dMoIsXs,h_-2dMoIsXs,ERROR: [youtube] h_-2dMoIsXs: This video is not available,False
,Cars with Luke,,youtube,cars,7.12,,New 992.2 Porsche Turbo S Shocked Me,https://www.youtube.com/watch?v=iISxirBrsVM,iISxirBrsVM,ERROR: [youtube] iISxirBrsVM: Sign in to confirm you’re not a bot. Use --cookies-from-browser or --cookies for the authentication. See  https://github.com/yt-dlp/yt-dlp/wiki/FAQ#how-do-i-pass-cookies-to-yt-dlp  for how to manually pass cookies. Also see  https://github.com/yt-dlp/yt-dlp/wiki/Extractors#exporting-youtube-cookies  for tips on effectively exporting YouTube cookies,False
,RHINO,,youtube,cars,7.35,,The Cars - Drive (Official Music Video),https://www.youtube.com/watch?v=xuZA6qiJVfU,xuZA6qiJVfU,ERROR: [youtube] xuZA6qiJVfU: Sign in to confirm you’re not a bot. Use --cookies-from-browser or --cookies for the authentication. See  https://github.com/yt-dlp/yt-dlp/wiki/FAQ#how-do-i-pass-cookies-to-yt-dlp  for how to manually pass cookies. Also see  https://github.com/yt-dlp/yt-dlp/wiki/Extractors#exporting-youtube-cookies  for tips on effectively exporting YouTube cookies,False
,Felix McQueen Renko,,youtube,cars,6.83,,Disney Pixar Cars Track Test Review | Lightning McQueen & Friends,https://www.youtube.com/watch?v=cMJPGCFj2Wk,cMJPGCFj2Wk,ERROR: [youtube] cMJPGCFj2Wk: Sign in to confirm you’re not a bot. Use --cookies-from-browser or --cookies for the authentication. See  https://github.com/yt-dlp/yt-dlp/wiki/FAQ#how-do-i-pass-cookies-to-yt-dlp  for how to manually pass cookies. Also see  https://github.com/yt-dlp/yt-dlp/wiki/Extractors#exporting-youtube-cookies  for tips on effectively exporting YouTube cookies,False
,Toys Make Me Smile,,youtube,cars,7.3,,Kid Buys a Giant Barbie Dream Camper Van Vehicle Ride-On Power Wheel,https://www.youtube.com/watch?v=9sVa7_0m3ek,9sVa7_0m3ek,ERROR: [youtube] 9sVa7_0m3ek: This video is not available,False
,BeamNG Nation,,youtube,cars,7.19,,Cars vs Massive Speed Bumps – BeamNG.Drive,https://www.youtube.com/watch?v=DCqLlWp8nZk,DCqLlWp8nZk,ERROR: [youtube] DCqLlWp8nZk: Sign in to confirm you’re not a bot. Use --cookies-from-browser or --cookies for the authentication. See  https://github.com/yt-dlp/yt-dlp/wiki/FAQ#how-do-i-pass-cookies-to-yt-dlp  for how to manually pass cookies. Also see  https://github.com/yt-dlp/yt-dlp/wiki/Extractors#exporting-youtube-cookies  for tips on effectively exporting YouTube cookies,False
,Topper Guild,,youtube,cars,7.14,,"$1 vs $1,000,000 Viral Toy Car!",https://www.youtube.com/watch?v=YJVdPzAwU6Y,YJVdPzAwU6Y,ERROR: [youtube] YJVdPzAwU6Y: Sign in to confirm you’re not a bot. Use --cookies-from-browser or --cookies for the authentication. See  https://github.com/yt-dlp/yt-dlp/wiki/FAQ#how-do-i-pass-cookies-to-yt-dlp  for how to manually pass cookies. Also see  https://github.com/yt-dlp/yt-dlp/wiki/Extractors#exporting-youtube-cookies  for tips on effectively exporting YouTube cookies,False
,Cars.co.za,,youtube,cars,7.61,,"Car News: Renault's compact bakkie, Ford Bronco for SA, V8 AMG & more!",https://www.youtube.com/watch?v=EmXcM1l-KEg,EmXcM1l-KEg,ERROR: [youtube] EmXcM1l-KEg: Sign in to confirm you’re not a bot. Use --cookies-from-browser or --cookies for the authentication. See  https://github.com/yt-dlp/yt-dlp/wiki/FAQ#how-do-i-pass-cookies-to-yt-dlp  for how to manually pass cookies. Also see  https://github.com/yt-dlp/yt-dlp/wiki/Extractors#exporting-youtube-cookies  for tips on effectively exporting YouTube cookies,False
,BangCars,,youtube,cars,7.0,,Muddy toy car convoys falls into the water & Clean up Disney Pixar car,https://www.youtube.com/watch?v=V6gYhWA3V0M,V6gYhWA3V0M,ERROR: [youtube] V6gYhWA3V0M: This video is not available,False
,StarCast AI,,youtube,cars,6.96,,"What If CARS Was Real? 🎵 | Lightning McQueen, Mater, Sally, Doc Hudson, Luigi, Guido, Ramone & More",https://www.youtube.com/watch?v=ULHBdYQJXCA,ULHBdYQJXCA,ERROR: [youtube] ULHBdYQJXCA: Sign in to confirm you’re not a bot. Use --cookies-from-browser or --cookies for the authentication. See  https://github.com/yt-dlp/yt-dlp/wiki/FAQ#how-do-i-pass-cookies-to-yt-dlp  for how to manually pass cookies. Also see  https://github.com/yt-dlp/yt-dlp/wiki/Extractors#exporting-youtube-cookies  for tips on effectively exporting YouTube cookies,False
,Felix McQueen Renko,,youtube,cars,7.41,,Disney Pixar Cars Track Test Review | Lightning McQueen & Friends,https://www.youtube.com/watch?v=h0yhCjyu7jM,h0yhCjyu7jM,ERROR: [youtube] h0yhCjyu7jM: This video is not available,False
,Felix McQueen Renko,,youtube,cars,7.44,,Disney Pixar Cars Track Test Review | Lightning McQueen & Friends,https://www.youtube.com/watch?v=9MmnxGHdHh0,9MmnxGHdHh0,ERROR: [youtube] 9MmnxGHdHh0: Sign in to confirm you’re not a bot. Use --cookies-from-browser or --cookies for the authentication. See  https://github.com/yt-dlp/yt-dlp/wiki/FAQ#how-do-i-pass-cookies-to-yt-dlp  for how to manually pass cookies. Also see  https://github.com/yt-dlp/yt-dlp/wiki/Extractors#exporting-youtube-cookies  for tips on effectively exporting YouTube cookies,False
,97robin997,,youtube,cars,7.35,,Best MODIFIED UK CARS at BELGIAN CARSHOWS,https://www.youtube.com/watch?v=_8Q4v5lgwZI,_8Q4v5lgwZI,ERROR: [youtube] _8Q4v5lgwZI: Sign in to confirm you’re not a bot. Use --cookies-from-browser or --cookies for the authentication. See  https://github.com/yt-dlp/yt-dlp/wiki/FAQ#how-do-i-pass-cookies-to-yt-dlp  for how to manually pass cookies. Also see  https://github.com/yt-dlp/yt-dlp/wiki/Extractors#exporting-youtube-cookies  for tips on effectively exporting YouTube cookies,False
,Jiya Kapur Films,,youtube,short film,7.42,,MOMO - The Mermaid | Horror Short Film,https://www.youtube.com/watch?v=BezNjJiMglg,BezNjJiMglg,ERROR: [youtube] BezNjJiMglg: Sign in to confirm you’re not a bot. Use --cookies-from-browser or --cookies for the authentication. See  https://github.com/yt-dlp/yt-dlp/wiki/FAQ#how-do-i-pass-cookies-to-yt-dlp  for how to manually pass cookies. Also see  https://github.com/yt-dlp/yt-dlp/wiki/Extractors#exporting-youtube-cookies  for tips on effectively exporting YouTube cookies,False
,Mag's Toys,,youtube,cars,8.03,,Big Hummer and Lots of Toy Cars for Kids on the Floor,https://www.youtube.com/watch?v=rq415RzPgjA,rq415RzPgjA,ERROR: [youtube] rq415RzPgjA: This video is not available,False
,Skilaw,,youtube,cars,7.56,,Cars but it's ruined by AI,https://www.youtube.com/watch?v=3A0pPQ7hONo,3A0pPQ7hONo,ERROR: [youtube] 3A0pPQ7hONo: Sign in to confirm you’re not a bot. Use --cookies-from-browser or --cookies for the authentication. See  https://github.com/yt-dlp/yt-dlp/wiki/FAQ#how-do-i-pass-cookies-to-yt-dlp  for how to manually pass cookies. Also see  https://github.com/yt-dlp/yt-dlp/wiki/Extractors#exporting-youtube-cookies  for tips on effectively exporting YouTube cookies,False
,BeamNG WreckNova,,youtube,cars,7.92,,20 Cars Jump From Island to Target in the Ocean – Who Can Land It?,https://www.youtube.com/watch?v=b5J5VjU2lRo,b5J5VjU2lRo,ERROR: [youtube] b5J5VjU2lRo: Sign in to confirm you’re not a bot. Use --cookies-from-browser or --cookies for the authentication. See  https://github.com/yt-dlp/yt-dlp/wiki/FAQ#how-do-i-pass-cookies-to-yt-dlp  for how to manually pass cookies. Also see  https://github.com/yt-dlp/yt-dlp/wiki/Extractors#exporting-youtube-cookies  for tips on effectively exporting YouTube cookies,False
,Jiya Kapur Films,,youtube,short film,7.47,,THE MAN AT THE DOOR | Horror Short Film,https://www.youtube.com/watch?v=N0rDPwJceJQ,N0rDPwJceJQ,ERROR: [youtube] N0rDPwJceJQ: Sign in to confirm you’re not a bot. Use --cookies-from-browser or --cookies for the authentication. See  https://github.com/yt-dlp/yt-dlp/wiki/FAQ#how-do-i-pass-cookies-to-yt-dlp  for how to manually pass cookies. Also see  https://github.com/yt-dlp/yt-dlp/wiki/Extractors#exporting-youtube-cookies  for tips on effectively exporting YouTube cookies,False
,OSR Reality,,youtube,comedy,7.21,,"Comedy Champion Season 4 || Physical Audition || Episode 3 || Jitu Nepal, Reecha Sharma, Bishal Bh.",https://www.youtube.com/watch?v=29pWbTPo9T8,29pWbTPo9T8,ERROR: [youtube] 29pWbTPo9T8: Sign in to confirm you’re not a bot. Use --cookies-from-browser or --cookies for the authentication. See  https://github.com/yt-dlp/yt-dlp/wiki/FAQ#how-do-i-pass-cookies-to-yt-dlp  for how to manually pass cookies. Also see  https://github.com/yt-dlp/yt-dlp/wiki/Extractors#exporting-youtube-cookies  for tips on effectively exporting YouTube cookies,False
,Max Amini,,youtube,comedy,7.33,,"Max Amini FULL COMEDY SPECIAL 2025 | ""Randomly Selected"" | Stand Up Comedy",https://www.youtube.com/watch?v=Oy2QyPQ5L5M,Oy2QyPQ5L5M,ERROR: [youtube] Oy2QyPQ5L5M: Sign in to confirm you’re not a bot. Use --cookies-from-browser or --cookies for the authentication. See  https://github.com/yt-dlp/yt-dlp/wiki/FAQ#how-do-i-pass-cookies-to-yt-dlp  for how to manually pass cookies. Also see  https://github.com/yt-dlp/yt-dlp/wiki/Extractors#exporting-youtube-cookies  for tips on effectively exporting YouTube cookies,False
,Don't Tell Comedy,,youtube,comedy,7.71,,2 Hours of Viral Comedy | Stand Up Comedy Compilation,https://www.youtube.com/watch?v=9D23jYG6pJU,9D23jYG6pJU,ERROR: [youtube] 9D23jYG6pJU: Sign in to confirm you’re not a bot. Use --cookies-from-browser or --cookies for the authentication. See  https://github.com/yt-dlp/yt-dlp/wiki/FAQ#how-do-i-pass-cookies-to-yt-dlp  for how to manually pass cookies. Also see  https://github.com/yt-dlp/yt-dlp/wiki/Extractors#exporting-youtube-cookies  for tips on effectively exporting YouTube cookies,False
,laugh out loud flix and Monique Marvez,,youtube,comedy,7.38,,"Monique Marvez: Not Skinny, Not Blonde | FULL COMEDY SPECIAL",https://www.youtube.com/watch?v=2PYIrJw6I6E,2PYIrJw6I6E,ERROR: [youtube] 2PYIrJw6I6E: Sign in to confirm you’re not a bot. Use --cookies-from-browser or --cookies for the authentication. See  https://github.com/yt-dlp/yt-dlp/wiki/FAQ#how-do-i-pass-cookies-to-yt-dlp  for how to manually pass cookies. Also see  https://github.com/yt-dlp/yt-dlp/wiki/Extractors#exporting-youtube-cookies  for tips on effectively exporting YouTube cookies,False
,OSR Reality,,youtube,comedy,7.97,,"Comedy Champion Season 4 || Physical Audition || Episode 2 || Jitu Nepal, Reecha Sharma, Bishal Bh.",https://www.youtube.com/watch?v=7FzI9opNtx0,7FzI9opNtx0,ERROR: [youtube] 7FzI9opNtx0: Sign in to confirm you’re not a bot. Use --cookies-from-browser or --cookies for the authentication. See  https://github.com/yt-dlp/yt-dlp/wiki/FAQ#how-do-i-pass-cookies-to-yt-dlp  for how to manually pass cookies. Also see  https://github.com/yt-dlp/yt-dlp/wiki/Extractors#exporting-youtube-cookies  for tips on effectively exporting YouTube cookies,False
,OSR Reality,,youtube,comedy,7.54,,"COMEDY DARBAR S3 | Episode 20 || Ka Kaa Ki Kii Movie Special || Tripti Nadkar, Mahesh Tripathi",https://www.youtube.com/watch?v=ZrlJJluYQmk,ZrlJJluYQmk,ERROR: [youtube] ZrlJJluYQmk: Sign in to confirm you’re not a bot. Use --cookies-from-browser or --cookies for the authentication. See  https://github.com/yt-dlp/yt-dlp/wiki/FAQ#how-do-i-pass-cookies-to-yt-dlp  for how to manually pass cookies. Also see  https://github.com/yt-dlp/yt-dlp/wiki/Extractors#exporting-youtube-cookies  for tips on effectively exporting YouTube cookies,False
,Jokes On Us,,youtube,comedy,7.33,,Michael McIntyre Being Laugh Out Loud Funny On Comedy Roadshow | Jokes On Us,https://www.youtube.com/watch?v=BdMljtcmSeY,BdMljtcmSeY,ERROR: [youtube] BdMljtcmSeY: Sign in to confirm you’re not a bot. Use --cookies-from-browser or --cookies for the authentication. See  https://github.com/yt-dlp/yt-dlp/wiki/FAQ#how-do-i-pass-cookies-to-yt-dlp  for how to manually pass cookies. Also see  https://github.com/yt-dlp/yt-dlp/wiki/Extractors#exporting-youtube-cookies  for tips on effectively exporting YouTube cookies,False
,Top American Compilation,,youtube,comedy,7.39,,TRY NOT TO LAUGH 🤣 Best Funny Videos Compilation 😂😁😆 Memes PART 20,https://www.youtube.com/watch?v=MlkChzYHwhc,MlkChzYHwhc,ERROR: [youtube] MlkChzYHwhc: Sign in to confirm you’re not a bot. Use --cookies-from-browser or --cookies for the authentication. See  https://github.com/yt-dlp/yt-dlp/wiki/FAQ#how-do-i-pass-cookies-to-yt-dlp  for how to manually pass cookies. Also see  https://github.com/yt-dlp/yt-dlp/wiki/Extractors#exporting-youtube-cookies  for tips on effectively exporting YouTube cookies,False
,Dry Bar Comedy,,youtube,comedy,7.66,,A Comedy Special for Nerds | Don McMillan Double Feature,https://www.youtube.com/watch?v=r4cg-6qy70Q,r4cg-6qy70Q,ERROR: [youtube] r4cg-6qy70Q: Sign in to confirm you’re not a bot. Use --cookies-from-browser or --cookies for the authentication. See  https://github.com/yt-dlp/yt-dlp/wiki/FAQ#how-do-i-pass-cookies-to-yt-dlp  for how to manually pass cookies. Also see  https://github.com/yt-dlp/yt-dlp/wiki/Extractors#exporting-youtube-cookies  for tips on effectively exporting YouTube cookies,False
,TIGRASANO,,youtube,comedy,7.38,,😂 This Comedy Will Have You Crying with Laughter! | Dog Gone | Full Movie,https://www.youtube.com/watch?v=4BqfjimTFdo,4BqfjimTFdo,ERROR: [youtube] 4BqfjimTFdo: Sign in to confirm you’re not a bot. Use --cookies-from-browser or --cookies for the authentication. See  https://github.com/yt-dlp/yt-dlp/wiki/FAQ#how-do-i-pass-cookies-to-yt-dlp  for how to manually pass cookies. Also see  https://github.com/yt-dlp/yt-dlp/wiki/Extractors#exporting-youtube-cookies  for tips on effectively exporting YouTube cookies,False
,Sundar khanal,,youtube,comedy,7.46,,Comedy Baaz ll Dayahyang Rai lBuddhi Tamang lMaotse Gurung lPension Patta Team ll Sundar Khanal,https://www.youtube.com/watch?v=luyhWb_jXrM,luyhWb_jXrM,ERROR: [youtube] luyhWb_jXrM: Sign in to confirm you’re not a bot. Use --cookies-from-browser or --cookies for the authentication. See  https://github.com/yt-dlp/yt-dlp/wiki/FAQ#how-do-i-pass-cookies-to-yt-dlp  for how to manually pass cookies. Also see  https://github.com/yt-dlp/yt-dlp/wiki/Extractors#exporting-youtube-cookies  for tips on effectively exporting YouTube cookies,False
,Gaurav Kapoor,,youtube,comedy,7.83,,NUTRITIONIST | STAND UP COMEDY | GAURAV KAPOOR,https://www.youtube.com/watch?v=eynG7hGrEHs,eynG7hGrEHs,ERROR: [youtube] eynG7hGrEHs: Sign in to confirm you’re not a bot. Use --cookies-from-browser or --cookies for the authentication. See  https://github.com/yt-dlp/yt-dlp/wiki/FAQ#how-do-i-pass-cookies-to-yt-dlp  for how to manually pass cookies. Also see  https://github.com/yt-dlp/yt-dlp/wiki/Extractors#exporting-youtube-cookies  for tips on effectively exporting YouTube cookies,False
,Dry Bar Comedy,,youtube,comedy,7.55,,Ghosts are REAL and My Mom Hunts Them | Shayne Smith FULL SPECIAL,https://www.youtube.com/watch?v=rbDfEL-q27A,rbDfEL-q27A,ERROR: [youtube] rbDfEL-q27A: Sign in to confirm you’re not a bot. Use --cookies-from-browser or --cookies for the authentication. See  https://github.com/yt-dlp/yt-dlp/wiki/FAQ#how-do-i-pass-cookies-to-yt-dlp  for how to manually pass cookies. Also see  https://github.com/yt-dlp/yt-dlp/wiki/Extractors#exporting-youtube-cookies  for tips on effectively exporting YouTube cookies,False
,Manpreet singh,,youtube,comedy,7.58,,Mummy | Stand Up Comedy | Punjabi | ft : Manpreet Singh,https://www.youtube.com/watch?v=bUQHjUoKjsM,bUQHjUoKjsM,ERROR: [youtube] bUQHjUoKjsM: Sign in to confirm you’re not a bot. Use --cookies-from-browser or --cookies for the authentication. See  https://github.com/yt-dlp/yt-dlp/wiki/FAQ#how-do-i-pass-cookies-to-yt-dlp  for how to manually pass cookies. Also see  https://github.com/yt-dlp/yt-dlp/wiki/Extractors#exporting-youtube-cookies  for tips on effectively exporting YouTube cookies,False
,800 Pound Gorilla SFW Comedy,,youtube,comedy,7.64,,Hilarious Comedy About Getting Older | Stand-Up Comedy Compilation,https://www.youtube.com/watch?v=YbPwtGgozSc,YbPwtGgozSc,ERROR: [youtube] YbPwtGgozSc: Sign in to confirm you’re not a bot. Use --cookies-from-browser or --cookies for the authentication. See  https://github.com/yt-dlp/yt-dlp/wiki/FAQ#how-do-i-pass-cookies-to-yt-dlp  for how to manually pass cookies. Also see  https://github.com/yt-dlp/yt-dlp/wiki/Extractors#exporting-youtube-cookies  for tips on effectively exporting YouTube cookies,False
,Hot Water Comedy Club,,youtube,comedy,7.06,,Paul Smith’s Top 10 Crowd Work Bits,https://www.youtube.com/watch?v=vEk6vIBUmUw,vEk6vIBUmUw,ERROR: [youtube] vEk6vIBUmUw: Sign in to confirm you’re not a bot. Use --cookies-from-browser or --cookies for the authentication. See  https://github.com/yt-dlp/yt-dlp/wiki/FAQ#how-do-i-pass-cookies-to-yt-dlp  for how to manually pass cookies. Also see  https://github.com/yt-dlp/yt-dlp/wiki/Extractors#exporting-youtube-cookies  for tips on effectively exporting YouTube cookies,False
,800 Pound Gorilla Media,,youtube,comedy,7.17,,Aaron Weber | Signature Dish (Full Comedy Special),https://www.youtube.com/watch?v=Gq3DZ3DBsu4,Gq3DZ3DBsu4,ERROR: [youtube] Gq3DZ3DBsu4: Sign in to confirm you’re not a bot. Use --cookies-from-browser or --cookies for the authentication. See  https://github.com/yt-dlp/yt-dlp/wiki/FAQ#how-do-i-pass-cookies-to-yt-dlp  for how to manually pass cookies. Also see  https://github.com/yt-dlp/yt-dlp/wiki/Extractors#exporting-youtube-cookies  for tips on effectively exporting YouTube cookies,False
,Lời Phật Thức Tỉnh and ĐỊA TẠNG AN NHIÊN,,youtube,comedy,7.85,,Mojo Brookzz Uncensored Crowd Work 2026 | Latest Comedy 2026,https://www.youtube.com/watch?v=_OM0pGqh0tc,_OM0pGqh0tc,ERROR: [youtube] _OM0pGqh0tc: Sign in to confirm you’re not a bot. Use --cookies-from-browser or --cookies for the authentication. See  https://github.com/yt-dlp/yt-dlp/wiki/FAQ#how-do-i-pass-cookies-to-yt-dlp  for how to manually pass cookies. Also see  https://github.com/yt-dlp/yt-dlp/wiki/Extractors#exporting-youtube-cookies  for tips on effectively exporting YouTube cookies,False
,Josh Johnson,,youtube,comedy,7.86,,"Trump Offers $5,000 To Buy Your Vote?",https://www.youtube.com/watch?v=TjFw3NwAMM0,TjFw3NwAMM0,ERROR: [youtube] TjFw3NwAMM0: Sign in to confirm you’re not a bot. Use --cookies-from-browser or --cookies for the authentication. See  https://github.com/yt-dlp/yt-dlp/wiki/FAQ#how-do-i-pass-cookies-to-yt-dlp  for how to manually pass cookies. Also see  https://github.com/yt-dlp/yt-dlp/wiki/Extractors#exporting-youtube-cookies  for tips on effectively exporting YouTube cookies,False
,The Comedy Historian,,youtube,comedy,8.68,,Shane Gillis Telling Funny Stories For 26 Minutes Straight,https://www.youtube.com/watch?v=CSMnWfDM1dM,CSMnWfDM1dM,ERROR: [youtube] CSMnWfDM1dM: Sign in to confirm you’re not a bot. Use --cookies-from-browser or --cookies for the authentication. See  https://github.com/yt-dlp/yt-dlp/wiki/FAQ#how-do-i-pass-cookies-to-yt-dlp  for how to manually pass cookies. Also see  https://github.com/yt-dlp/yt-dlp/wiki/Extractors#exporting-youtube-cookies  for tips on effectively exporting YouTube cookies,False
,Max Amini,,youtube,comedy,7.36,,"Indian Pilot, Pakistani Player | Max Amini | Stand Up Comedy",https://www.youtube.com/watch?v=XfB3Xqn4fug,XfB3Xqn4fug,ERROR: [youtube] XfB3Xqn4fug: Sign in to confirm you’re not a bot. Use --cookies-from-browser or --cookies for the authentication. See  https://github.com/yt-dlp/yt-dlp/wiki/FAQ#how-do-i-pass-cookies-to-yt-dlp  for how to manually pass cookies. Also see  https://github.com/yt-dlp/yt-dlp/wiki/Extractors#exporting-youtube-cookies  for tips on effectively exporting YouTube cookies,False
,OSR Reality,,youtube,comedy,7.36,,"Comedy Champion Season 4 | Grand Premiere | Episode 4 | Jitu Nepal, Reecha Sharma, Bishal Bhandari",https://www.youtube.com/watch?v=6pV39JcdzUg,6pV39JcdzUg,ERROR: [youtube] 6pV39JcdzUg: Sign in to confirm you’re not a bot. Use --cookies-from-browser or --cookies for the authentication. See  https://github.com/yt-dlp/yt-dlp/wiki/FAQ#how-do-i-pass-cookies-to-yt-dlp  for how to manually pass cookies. Also see  https://github.com/yt-dlp/yt-dlp/wiki/Extractors#exporting-youtube-cookies  for tips on effectively exporting YouTube cookies,False
,Don't Tell Comedy,,youtube,comedy,6.75,,Caught Lying in a Job Interview | Charles Engle | Stand Up Comedy,https://www.youtube.com/watch?v=tH6j7K2lGMc,tH6j7K2lGMc,ERROR: [youtube] tH6j7K2lGMc: Sign in to confirm you’re not a bot. Use --cookies-from-browser or --cookies for the authentication. See  https://github.com/yt-dlp/yt-dlp/wiki/FAQ#how-do-i-pass-cookies-to-yt-dlp  for how to manually pass cookies. Also see  https://github.com/yt-dlp/yt-dlp/wiki/Extractors#exporting-youtube-cookies  for tips on effectively exporting YouTube cookies,False
,Chocolate Sundaes Comedy,,youtube,comedy,7.49,,White People Need A Villain - Comedian Lance Woods - Chocolate Sundaes Comedy,https://www.youtube.com/watch?v=8QWGFtjAbUA,8QWGFtjAbUA,ERROR: [youtube] 8QWGFtjAbUA: Sign in to confirm you’re not a bot. Use --cookies-from-browser or --cookies for the authentication. See  https://github.com/yt-dlp/yt-dlp/wiki/FAQ#how-do-i-pass-cookies-to-yt-dlp  for how to manually pass cookies. Also see  https://github.com/yt-dlp/yt-dlp/wiki/Extractors#exporting-youtube-cookies  for tips on effectively exporting YouTube cookies,False
,Max Amini,,youtube,comedy,7.26,,Insane LIVE Proposal! | Max Amini | Stand-up Comedy,https://www.youtube.com/watch?v=mI5G15a4Oq0,mI5G15a4Oq0,ERROR: [youtube] mI5G15a4Oq0: Sign in to confirm you’re not a bot. Use --cookies-from-browser or --cookies for the authentication. See  https://github.com/yt-dlp/yt-dlp/wiki/FAQ#how-do-i-pass-cookies-to-yt-dlp  for how to manually pass cookies. Also see  https://github.com/yt-dlp/yt-dlp/wiki/Extractors#exporting-youtube-cookies  for tips on effectively exporting YouTube cookies,False
,Our Fun Tv,,youtube,comedy,7.42,,Funniest Fun Top Funny Video Stupid Boy Comedy Video 2026 try not to laugh 😂 Ep 293 By Our Fun Tv,https://www.youtube.com/watch?v=yMap45-taX8,yMap45-taX8,ERROR: [youtube] yMap45-taX8: Sign in to confirm you’re not a bot. Use --cookies-from-browser or --cookies for the authentication. See  https://github.com/yt-dlp/yt-dlp/wiki/FAQ#how-do-i-pass-cookies-to-yt-dlp  for how to manually pass cookies. Also see  https://github.com/yt-dlp/yt-dlp/wiki/Extractors#exporting-youtube-cookies  for tips on effectively exporting YouTube cookies,False
,Sammy Obeid,,youtube,comedy,7.4,,WHO DID 9/11? | STAND UP COMEDY,https://www.youtube.com/watch?v=Bm5xtuK6AE8,Bm5xtuK6AE8,ERROR: [youtube] Bm5xtuK6AE8: Sign in to confirm you’re not a bot. Use --cookies-from-browser or --cookies for the authentication. See  https://github.com/yt-dlp/yt-dlp/wiki/FAQ#how-do-i-pass-cookies-to-yt-dlp  for how to manually pass cookies. Also see  https://github.com/yt-dlp/yt-dlp/wiki/Extractors#exporting-youtube-cookies  for tips on effectively exporting YouTube cookies,False
,OSR Reality,,youtube,comedy,7.18,,COMEDY NIGHT WITH CHAMPIONS Chapter 2 | Episode 72 | Janakpur Bolts (NPL) Special,https://www.youtube.com/watch?v=UG6iOpjduV8,UG6iOpjduV8,ERROR: [youtube] UG6iOpjduV8: Sign in to confirm you’re not a bot. Use --cookies-from-browser or --cookies for the authentication. See  https://github.com/yt-dlp/yt-dlp/wiki/FAQ#how-do-i-pass-cookies-to-yt-dlp  for how to manually pass cookies. Also see  https://github.com/yt-dlp/yt-dlp/wiki/Extractors#exporting-youtube-cookies  for tips on effectively exporting YouTube cookies,False
,The Elephant Graveyard,,youtube,comedy,7.17,,How Comedy Was Destroyed by an Anti-Reality Doomsday Cult,https://www.youtube.com/watch?v=ewvRS3NwIlQ,ewvRS3NwIlQ,ERROR: [youtube] ewvRS3NwIlQ: Sign in to confirm you’re not a bot. Use --cookies-from-browser or --cookies for the authentication. See  https://github.com/yt-dlp/yt-dlp/wiki/FAQ#how-do-i-pass-cookies-to-yt-dlp  for how to manually pass cookies. Also see  https://github.com/yt-dlp/yt-dlp/wiki/Extractors#exporting-youtube-cookies  for tips on effectively exporting YouTube cookies,False
,OSR Reality,,youtube,comedy,7.08,,"COMEDY DARBAR S3 || Bicha Bichama Special || Episode 19 || Durgesh Thapa, Karishma KC, Gurash",https://www.youtube.com/watch?v=EREEUEiZIss,EREEUEiZIss,ERROR: [youtube] EREEUEiZIss: Sign in to confirm you’re not a bot. Use --cookies-from-browser or --cookies for the authentication. See  https://github.com/yt-dlp/yt-dlp/wiki/FAQ#how-do-i-pass-cookies-to-yt-dlp  for how to manually pass cookies. Also see  https://github.com/yt-dlp/yt-dlp/wiki/Extractors#exporting-youtube-cookies  for tips on effectively exporting YouTube cookies,False
,800 Pound Gorilla Media,,youtube,comedy,7.52,,Leanne Morgan Has a Story For Everything | Stand-Up Comedy Compilation,https://www.youtube.com/watch?v=c0UgeDbBAHY,c0UgeDbBAHY,ERROR: [youtube] c0UgeDbBAHY: Sign in to confirm you’re not a bot. Use --cookies-from-browser or --cookies for the authentication. See  https://github.com/yt-dlp/yt-dlp/wiki/FAQ#how-do-i-pass-cookies-to-yt-dlp  for how to manually pass cookies. Also see  https://github.com/yt-dlp/yt-dlp/wiki/Extractors#exporting-youtube-cookies  for tips on effectively exporting YouTube cookies,False
,800 Pound Gorilla Media,,youtube,comedy,7.81,,Top Comedy Jokes To Watch Before Father's Day | Stand-Up Comedy Compilation,https://www.youtube.com/watch?v=bZ_rJfwh2jc,bZ_rJfwh2jc,ERROR: [youtube] bZ_rJfwh2jc: Sign in to confirm you’re not a bot. Use --cookies-from-browser or --cookies for the authentication. See  https://github.com/yt-dlp/yt-dlp/wiki/FAQ#how-do-i-pass-cookies-to-yt-dlp  for how to manually pass cookies. Also see  https://github.com/yt-dlp/yt-dlp/wiki/Extractors#exporting-youtube-cookies  for tips on effectively exporting YouTube cookies,False
,Vinay Bhatia,,youtube,comedy,7.23,,GEN Z CRIMINALS | Latest Stand Up Comedy Ft. Vinay Bhatia 2026,https://www.youtube.com/watch?v=wW8Tw0heo0c,wW8Tw0heo0c,ERROR: [youtube] wW8Tw0heo0c: Sign in to confirm you’re not a bot. Use --cookies-from-browser or --cookies for the authentication. See  https://github.com/yt-dlp/yt-dlp/wiki/FAQ#how-do-i-pass-cookies-to-yt-dlp  for how to manually pass cookies. Also see  https://github.com/yt-dlp/yt-dlp/wiki/Extractors#exporting-youtube-cookies  for tips on effectively exporting YouTube cookies,False
,Don't Tell Comedy,,youtube,comedy,6.99,,Smuggling Mayo into Mexico | Aidan McCluskey | Stand Up Comedy,https://www.youtube.com/watch?v=fEXTyqO5888,fEXTyqO5888,ERROR: [youtube] fEXTyqO5888: Sign in to confirm you’re not a bot. Use --cookies-from-browser or --cookies for the authentication. See  https://github.com/yt-dlp/yt-dlp/wiki/FAQ#how-do-i-pass-cookies-to-yt-dlp  for how to manually pass cookies. Also see  https://github.com/yt-dlp/yt-dlp/wiki/Extractors#exporting-youtube-cookies  for tips on effectively exporting YouTube cookies,False
,Deepak  Anish Comedy ,,youtube,comedy,6.92,,सरपंच चुनाव | Sarpanch Chunav | Deepak Anish Comedy 😂,https://www.youtube.com/watch?v=TYQZfsQvBwU,TYQZfsQvBwU,ERROR: [youtube] TYQZfsQvBwU: Sign in to confirm you’re not a bot. Use --cookies-from-browser or --cookies for the authentication. See  https://github.com/yt-dlp/yt-dlp/wiki/FAQ#how-do-i-pass-cookies-to-yt-dlp  for how to manually pass cookies. Also see  https://github.com/yt-dlp/yt-dlp/wiki/Extractors#exporting-youtube-cookies  for tips on effectively exporting YouTube cookies,False
,800 Pound Gorilla Media,,youtube,comedy,7.53,,2 Hours of The Funniest Bits | Stand-Up Comedy Compilation,https://www.youtube.com/watch?v=fq08FS2lf18,fq08FS2lf18,ERROR: [youtube] fq08FS2lf18: Sign in to confirm you’re not a bot. Use --cookies-from-browser or --cookies for the authentication. See  https://github.com/yt-dlp/yt-dlp/wiki/FAQ#how-do-i-pass-cookies-to-yt-dlp  for how to manually pass cookies. Also see  https://github.com/yt-dlp/yt-dlp/wiki/Extractors#exporting-youtube-cookies  for tips on effectively exporting YouTube cookies,False
,The Elephant Graveyard,,youtube,comedy,7.44,,How Comedy Became a Dystopian Imperial Hell World,https://www.youtube.com/watch?v=_v3KiaAjpY8,_v3KiaAjpY8,ERROR: [youtube] _v3KiaAjpY8: Sign in to confirm you’re not a bot. Use --cookies-from-browser or --cookies for the authentication. See  https://github.com/yt-dlp/yt-dlp/wiki/FAQ#how-do-i-pass-cookies-to-yt-dlp  for how to manually pass cookies. Also see  https://github.com/yt-dlp/yt-dlp/wiki/Extractors#exporting-youtube-cookies  for tips on effectively exporting YouTube cookies,False
,Don't Tell Comedy,,youtube,comedy,7.34,,Kicked Out of Church | Sarah Tiana | Stand Up Comedy,https://www.youtube.com/watch?v=xO1p57iShho,xO1p57iShho,ERROR: [youtube] xO1p57iShho: Sign in to confirm you’re not a bot. Use --cookies-from-browser or --cookies for the authentication. See  https://github.com/yt-dlp/yt-dlp/wiki/FAQ#how-do-i-pass-cookies-to-yt-dlp  for how to manually pass cookies. Also see  https://github.com/yt-dlp/yt-dlp/wiki/Extractors#exporting-youtube-cookies  for tips on effectively exporting YouTube cookies,False
,The Elephant Graveyard,,youtube,comedy,6.99,,How Comedy Drowned in a Radioactive Cesspool of Corruption and Depravity,https://www.youtube.com/watch?v=wn9pQb4ukBo,wn9pQb4ukBo,ERROR: [youtube] wn9pQb4ukBo: Sign in to confirm you’re not a bot. Use --cookies-from-browser or --cookies for the authentication. See  https://github.com/yt-dlp/yt-dlp/wiki/FAQ#how-do-i-pass-cookies-to-yt-dlp  for how to manually pass cookies. Also see  https://github.com/yt-dlp/yt-dlp/wiki/Extractors#exporting-youtube-cookies  for tips on effectively exporting YouTube cookies,False
,Punchline,,youtube,comedy,6.84,,Gary Owen: #DoinWhatIDo (Full Show) | Hilarious Stand-Up Comedy,https://www.youtube.com/watch?v=N8yH253sEpM,N8yH253sEpM,ERROR: [youtube] N8yH253sEpM: Sign in to confirm you’re not a bot. Use --cookies-from-browser or --cookies for the authentication. See  https://github.com/yt-dlp/yt-dlp/wiki/FAQ#how-do-i-pass-cookies-to-yt-dlp  for how to manually pass cookies. Also see  https://github.com/yt-dlp/yt-dlp/wiki/Extractors#exporting-youtube-cookies  for tips on effectively exporting YouTube cookies,False
,Popcorn,,youtube,comedy,6.56,,Jim Gaffigan’s UNFORGETTABLE Stand-Up Comedy: Noble Ape | Full Episode,https://www.youtube.com/watch?v=mb5wIiBt0h0,mb5wIiBt0h0,ERROR: [youtube] mb5wIiBt0h0: Sign in to confirm you’re not a bot. Use --cookies-from-browser or --cookies for the authentication. See  https://github.com/yt-dlp/yt-dlp/wiki/FAQ#how-do-i-pass-cookies-to-yt-dlp  for how to manually pass cookies. Also see  https://github.com/yt-dlp/yt-dlp/wiki/Extractors#exporting-youtube-cookies  for tips on effectively exporting YouTube cookies,False
,Good Movies Here,,youtube,comedy,6.9,,😂 This Comedy Will Have You Crying with Laughter! | Dead Fred | Watch FREE Now,https://www.youtube.com/watch?v=JTmtnNiMWsI,JTmtnNiMWsI,ERROR: [youtube] JTmtnNiMWsI: Sign in to confirm you’re not a bot. Use --cookies-from-browser or --cookies for the authentication. See  https://github.com/yt-dlp/yt-dlp/wiki/FAQ#how-do-i-pass-cookies-to-yt-dlp  for how to manually pass cookies. Also see  https://github.com/yt-dlp/yt-dlp/wiki/Extractors#exporting-youtube-cookies  for tips on effectively exporting YouTube cookies,False
,Isabel Hagen,,youtube,comedy,7.69,,Isabel Hagen at The Bitter End | Full Comedy Special,https://www.youtube.com/watch?v=UVCSGKxJ5tQ,UVCSGKxJ5tQ,ERROR: [youtube] UVCSGKxJ5tQ: Sign in to confirm you’re not a bot. Use --cookies-from-browser or --cookies for the authentication. See  https://github.com/yt-dlp/yt-dlp/wiki/FAQ#how-do-i-pass-cookies-to-yt-dlp  for how to manually pass cookies. Also see  https://github.com/yt-dlp/yt-dlp/wiki/Extractors#exporting-youtube-cookies  for tips on effectively exporting YouTube cookies,False
,800 Pound Gorilla Comedy Slices,,youtube,comedy,7.56,,Unfiltered Matt Rife Comedy | Matt Rife Viral Crowd Work Moments,https://www.youtube.com/watch?v=txN_qF7Sk6k,txN_qF7Sk6k,ERROR: [youtube] txN_qF7Sk6k: Sign in to confirm you’re not a bot. Use --cookies-from-browser or --cookies for the authentication. See  https://github.com/yt-dlp/yt-dlp/wiki/FAQ#how-do-i-pass-cookies-to-yt-dlp  for how to manually pass cookies. Also see  https://github.com/yt-dlp/yt-dlp/wiki/Extractors#exporting-youtube-cookies  for tips on effectively exporting YouTube cookies,False
,Rehman khan,,youtube,comedy,6.93,,Patriotic Muslim | Stand-up Comedy by Rehman Khan,https://www.youtube.com/watch?v=_OyOKnWPxcw,_OyOKnWPxcw,ERROR: [youtube] _OyOKnWPxcw: Sign in to confirm you’re not a bot. Use --cookies-from-browser or --cookies for the authentication. See  https://github.com/yt-dlp/yt-dlp/wiki/FAQ#how-do-i-pass-cookies-to-yt-dlp  for how to manually pass cookies. Also see  https://github.com/yt-dlp/yt-dlp/wiki/Extractors#exporting-youtube-cookies  for tips on effectively exporting YouTube cookies,False
,Brad Williams,,youtube,comedy,8.0,,BRAD WILLIAMS: LIVE ON SHORT STREET {Full Stand-Up Comedy Special},https://www.youtube.com/watch?v=IXDA3HHcq5E,IXDA3HHcq5E,ERROR: [youtube] IXDA3HHcq5E: Sign in to confirm you’re not a bot. Use --cookies-from-browser or --cookies for the authentication. See  https://github.com/yt-dlp/yt-dlp/wiki/FAQ#how-do-i-pass-cookies-to-yt-dlp  for how to manually pass cookies. Also see  https://github.com/yt-dlp/yt-dlp/wiki/Extractors#exporting-youtube-cookies  for tips on effectively exporting YouTube cookies,False
,OSR Reality,,youtube,comedy,6.85,,"Comedy Champion Season 4 || Physical Audition || Episode 1 || Jitu Nepal, Reecha Sharma, Bishal Bh.",https://www.youtube.com/watch?v=VuZsahfS7io,VuZsahfS7io,ERROR: [youtube] VuZsahfS7io: Sign in to confirm you’re not a bot. Use --cookies-from-browser or --cookies for the authentication. See  https://github.com/yt-dlp/yt-dlp/wiki/FAQ#how-do-i-pass-cookies-to-yt-dlp  for how to manually pass cookies. Also see  https://github.com/yt-dlp/yt-dlp/wiki/Extractors#exporting-youtube-cookies  for tips on effectively exporting YouTube cookies,False
,Busy Fun Ltd,,youtube,comedy,7.07,,Must Watch Special Challenging New Comedy Video Amazing Funny Video 2021 Episode 123 Busy Fun Ltd,https://www.youtube.com/watch?v=Yr6-4DAF3Fc,Yr6-4DAF3Fc,ERROR: [youtube] Yr6-4DAF3Fc: Sign in to confirm you’re not a bot. Use --cookies-from-browser or --cookies for the authentication. See  https://github.com/yt-dlp/yt-dlp/wiki/FAQ#how-do-i-pass-cookies-to-yt-dlp  for how to manually pass cookies. Also see  https://github.com/yt-dlp/yt-dlp/wiki/Extractors#exporting-youtube-cookies  for tips on effectively exporting YouTube cookies,False
,comedian khyali,,youtube,comedy,7.16,,रूपनाथ और चुनाव || EP-1 || KHYALI COMEDIAN,https://www.youtube.com/watch?v=o8ltfg88EkM,o8ltfg88EkM,ERROR: [youtube] o8ltfg88EkM: Sign in to confirm you’re not a bot. Use --cookies-from-browser or --cookies for the authentication. See  https://github.com/yt-dlp/yt-dlp/wiki/FAQ#how-do-i-pass-cookies-to-yt-dlp  for how to manually pass cookies. Also see  https://github.com/yt-dlp/yt-dlp/wiki/Extractors#exporting-youtube-cookies  for tips on effectively exporting YouTube cookies,False
,Max the Meat Guy,,youtube,cooking,7.21,,I Cooked the ‘Wagyu’ of EVERY Animal,https://www.youtube.com/watch?v=MOTPMbYNDl8,MOTPMbYNDl8,ERROR: [youtube] MOTPMbYNDl8: Sign in to confirm you’re not a bot. Use --cookies-from-browser or --cookies for the authentication. See  https://github.com/yt-dlp/yt-dlp/wiki/FAQ#how-do-i-pass-cookies-to-yt-dlp  for how to manually pass cookies. Also see  https://github.com/yt-dlp/yt-dlp/wiki/Extractors#exporting-youtube-cookies  for tips on effectively exporting YouTube cookies,False
,Dry Bar Comedy,,youtube,comedy,7.96,,Getting Heckled By an Old Lady Named Nancy | Zoltan Kaszas Double Feature,https://www.youtube.com/watch?v=H644TyD_i3k,H644TyD_i3k,ERROR: [youtube] H644TyD_i3k: Sign in to confirm you’re not a bot. Use --cookies-from-browser or --cookies for the authentication. See  https://github.com/yt-dlp/yt-dlp/wiki/FAQ#how-do-i-pass-cookies-to-yt-dlp  for how to manually pass cookies. Also see  https://github.com/yt-dlp/yt-dlp/wiki/Extractors#exporting-youtube-cookies  for tips on effectively exporting YouTube cookies,False
,Multi DO Challenge,,youtube,cooking,7.06,,100 Layers of Food Challenge | Crazy Cooking Battle by Multi DO Challenge,https://www.youtube.com/watch?v=VuCqbknnyX8,VuCqbknnyX8,ERROR: [youtube] VuCqbknnyX8: Sign in to confirm you’re not a bot. Use --cookies-from-browser or --cookies for the authentication. See  https://github.com/yt-dlp/yt-dlp/wiki/FAQ#how-do-i-pass-cookies-to-yt-dlp  for how to manually pass cookies. Also see  https://github.com/yt-dlp/yt-dlp/wiki/Extractors#exporting-youtube-cookies  for tips on effectively exporting YouTube cookies,False
,Mythical Kitchen,,youtube,cooking,7.67,,Only Cooking Your Struggle Meals For 24 Hours,https://www.youtube.com/watch?v=Vd1pwpjuC-g,Vd1pwpjuC-g,ERROR: [youtube] Vd1pwpjuC-g: Sign in to confirm you’re not a bot. Use --cookies-from-browser or --cookies for the authentication. See  https://github.com/yt-dlp/yt-dlp/wiki/FAQ#how-do-i-pass-cookies-to-yt-dlp  for how to manually pass cookies. Also see  https://github.com/yt-dlp/yt-dlp/wiki/Extractors#exporting-youtube-cookies  for tips on effectively exporting YouTube cookies,False
,Kənd Həyatı,,youtube,cooking,7.13,,Fresh Garden Vegetable & Meat Pie | Rustic Village Cooking 🥕🌿🥩,https://www.youtube.com/watch?v=YtTn4ELnHWw,YtTn4ELnHWw,ERROR: [youtube] YtTn4ELnHWw: Sign in to confirm you’re not a bot. Use --cookies-from-browser or --cookies for the authentication. See  https://github.com/yt-dlp/yt-dlp/wiki/FAQ#how-do-i-pass-cookies-to-yt-dlp  for how to manually pass cookies. Also see  https://github.com/yt-dlp/yt-dlp/wiki/Extractors#exporting-youtube-cookies  for tips on effectively exporting YouTube cookies,False
,Andy Cooks,1199,youtube,cooking,8.18,5 Dinners For When You Can't Be Bothered,5 Dinners For When You Can't Be Bothered,https://www.youtube.com/watch?v=M-PuGg7Ek-w,M-PuGg7Ek-w,,True
,Nick's Kitchen,,youtube,cooking,7.46,,The Best Japanese Dishes At Home,https://www.youtube.com/watch?v=R6UbyO8erBI,R6UbyO8erBI,ERROR: [youtube] R6UbyO8erBI: Sign in to confirm you’re not a bot. Use --cookies-from-browser or --cookies for the authentication. See  https://github.com/yt-dlp/yt-dlp/wiki/FAQ#how-do-i-pass-cookies-to-yt-dlp  for how to manually pass cookies. Also see  https://github.com/yt-dlp/yt-dlp/wiki/Extractors#exporting-youtube-cookies  for tips on effectively exporting YouTube cookies,False
,Tina Mini Cooking,,youtube,cooking,6.95,,The Perfect Thanksgiving Turkey 😳 Miniature Grilled Turkey and Buldak Ramen 🍟 Tina Mini Cooking,https://www.youtube.com/watch?v=S_w3sCq4zuQ,S_w3sCq4zuQ,ERROR: [youtube] S_w3sCq4zuQ: Sign in to confirm you’re not a bot. Use --cookies-from-browser or --cookies for the authentication. See  https://github.com/yt-dlp/yt-dlp/wiki/FAQ#how-do-i-pass-cookies-to-yt-dlp  for how to manually pass cookies. Also see  https://github.com/yt-dlp/yt-dlp/wiki/Extractors#exporting-youtube-cookies  for tips on effectively exporting YouTube cookies,False
,Multi DO Challenge,,youtube,cooking,7.4,,Me vs Grandma Cooking Challenge | Amazing Food Challenges by Multi DO,https://www.youtube.com/watch?v=LiwQJxCMRsU,LiwQJxCMRsU,ERROR: [youtube] LiwQJxCMRsU: Sign in to confirm you’re not a bot. Use --cookies-from-browser or --cookies for the authentication. See  https://github.com/yt-dlp/yt-dlp/wiki/FAQ#how-do-i-pass-cookies-to-yt-dlp  for how to manually pass cookies. Also see  https://github.com/yt-dlp/yt-dlp/wiki/Extractors#exporting-youtube-cookies  for tips on effectively exporting YouTube cookies,False
,Nick DiGiovanni,,youtube,cooking,7.52,,Learn To Cook In Less Than 1 Hour,https://www.youtube.com/watch?v=zhI7bQyTmHw,zhI7bQyTmHw,ERROR: [youtube] zhI7bQyTmHw: Sign in to confirm you’re not a bot. Use --cookies-from-browser or --cookies for the authentication. See  https://github.com/yt-dlp/yt-dlp/wiki/FAQ#how-do-i-pass-cookies-to-yt-dlp  for how to manually pass cookies. Also see  https://github.com/yt-dlp/yt-dlp/wiki/Extractors#exporting-youtube-cookies  for tips on effectively exporting YouTube cookies,False
,Miniature Cooking ,,youtube,cooking,7.28,,Best Of Miniature Cooking Compilation | 1000+ Miniature Food Recipe ASMR,https://www.youtube.com/watch?v=IaB2OZfbJF4,IaB2OZfbJF4,ERROR: [youtube] IaB2OZfbJF4: Sign in to confirm you’re not a bot. Use --cookies-from-browser or --cookies for the authentication. See  https://github.com/yt-dlp/yt-dlp/wiki/FAQ#how-do-i-pass-cookies-to-yt-dlp  for how to manually pass cookies. Also see  https://github.com/yt-dlp/yt-dlp/wiki/Extractors#exporting-youtube-cookies  for tips on effectively exporting YouTube cookies,False
,Nick DiGiovanni,,youtube,cooking,7.33,,I Cooked For EVERY Animal,https://www.youtube.com/watch?v=WP8EMyoWUlM,WP8EMyoWUlM,ERROR: [youtube] WP8EMyoWUlM: Sign in to confirm you’re not a bot. Use --cookies-from-browser or --cookies for the authentication. See  https://github.com/yt-dlp/yt-dlp/wiki/FAQ#how-do-i-pass-cookies-to-yt-dlp  for how to manually pass cookies. Also see  https://github.com/yt-dlp/yt-dlp/wiki/Extractors#exporting-youtube-cookies  for tips on effectively exporting YouTube cookies,False
,Alton Brown,,youtube,cooking,7.42,,Alton Brown Cooks Food | Episode 42: The Mayo Memorandum,https://www.youtube.com/watch?v=FyXkTO0G21c,FyXkTO0G21c,ERROR: [youtube] FyXkTO0G21c: Sign in to confirm you’re not a bot. Use --cookies-from-browser or --cookies for the authentication. See  https://github.com/yt-dlp/yt-dlp/wiki/FAQ#how-do-i-pass-cookies-to-yt-dlp  for how to manually pass cookies. Also see  https://github.com/yt-dlp/yt-dlp/wiki/Extractors#exporting-youtube-cookies  for tips on effectively exporting YouTube cookies,False
,Men With The Pot,,youtube,cooking,7.0,,BBQ Meats Smoked to PERFECTION | ASMR Wilderness Cooking,https://www.youtube.com/watch?v=q2mdxYXzPIk,q2mdxYXzPIk,ERROR: [youtube] q2mdxYXzPIk: Sign in to confirm you’re not a bot. Use --cookies-from-browser or --cookies for the authentication. See  https://github.com/yt-dlp/yt-dlp/wiki/FAQ#how-do-i-pass-cookies-to-yt-dlp  for how to manually pass cookies. Also see  https://github.com/yt-dlp/yt-dlp/wiki/Extractors#exporting-youtube-cookies  for tips on effectively exporting YouTube cookies,False
,Max the Meat Guy,,youtube,cooking,7.24,,I Cooked the World’s Deepest Sea Creatures,https://www.youtube.com/watch?v=aFhtyISNbYc,aFhtyISNbYc,ERROR: [youtube] aFhtyISNbYc: Sign in to confirm you’re not a bot. Use --cookies-from-browser or --cookies for the authentication. See  https://github.com/yt-dlp/yt-dlp/wiki/FAQ#how-do-i-pass-cookies-to-yt-dlp  for how to manually pass cookies. Also see  https://github.com/yt-dlp/yt-dlp/wiki/Extractors#exporting-youtube-cookies  for tips on effectively exporting YouTube cookies,False
,Lý Thị Ca ,,youtube,cooking,6.77,,Large Giant River Prawns | 50 KG Shrimp Fry Cooking and Eating In Village,https://www.youtube.com/watch?v=f926mIQGeT0,f926mIQGeT0,ERROR: [youtube] f926mIQGeT0: Sign in to confirm you’re not a bot. Use --cookies-from-browser or --cookies for the authentication. See  https://github.com/yt-dlp/yt-dlp/wiki/FAQ#how-do-i-pass-cookies-to-yt-dlp  for how to manually pass cookies. Also see  https://github.com/yt-dlp/yt-dlp/wiki/Extractors#exporting-youtube-cookies  for tips on effectively exporting YouTube cookies,False
,Harrison Wallace,,youtube,cooking,7.72,,What I Cook in a Week | Testing Fall Recipes and Remaking Childhood Dinners | Harrison Wallace,https://www.youtube.com/watch?v=m-F3o1IpOlU,m-F3o1IpOlU,ERROR: [youtube] m-F3o1IpOlU: Sign in to confirm you’re not a bot. Use --cookies-from-browser or --cookies for the authentication. See  https://github.com/yt-dlp/yt-dlp/wiki/FAQ#how-do-i-pass-cookies-to-yt-dlp  for how to manually pass cookies. Also see  https://github.com/yt-dlp/yt-dlp/wiki/Extractors#exporting-youtube-cookies  for tips on effectively exporting YouTube cookies,False
,Lazy Pot Noodle,,youtube,cooking,7.55,,30 More Minutes of Cooking in my Room!,https://www.youtube.com/watch?v=Wbl5SGyl81A,Wbl5SGyl81A,ERROR: [youtube] Wbl5SGyl81A: Sign in to confirm you’re not a bot. Use --cookies-from-browser or --cookies for the authentication. See  https://github.com/yt-dlp/yt-dlp/wiki/FAQ#how-do-i-pass-cookies-to-yt-dlp  for how to manually pass cookies. Also see  https://github.com/yt-dlp/yt-dlp/wiki/Extractors#exporting-youtube-cookies  for tips on effectively exporting YouTube cookies,False
,Multi DO Smile,,youtube,cooking,7.25,,Me vs Grandma Cooking Challenge | Amazing Kitchen Recipes by Multi DO Smile,https://www.youtube.com/watch?v=ulQ0NAE1L6Y,ulQ0NAE1L6Y,ERROR: [youtube] ulQ0NAE1L6Y: Sign in to confirm you’re not a bot. Use --cookies-from-browser or --cookies for the authentication. See  https://github.com/yt-dlp/yt-dlp/wiki/FAQ#how-do-i-pass-cookies-to-yt-dlp  for how to manually pass cookies. Also see  https://github.com/yt-dlp/yt-dlp/wiki/Extractors#exporting-youtube-cookies  for tips on effectively exporting YouTube cookies,False
,Mega DO,,youtube,cooking,7.32,,Me vs Grandma Cooking Challenge | Kitchen Hacks and Tricks by Mega DO Challenge,https://www.youtube.com/watch?v=b67vr72fNtc,b67vr72fNtc,ERROR: [youtube] b67vr72fNtc: Sign in to confirm you’re not a bot. Use --cookies-from-browser or --cookies for the authentication. See  https://github.com/yt-dlp/yt-dlp/wiki/FAQ#how-do-i-pass-cookies-to-yt-dlp  for how to manually pass cookies. Also see  https://github.com/yt-dlp/yt-dlp/wiki/Extractors#exporting-youtube-cookies  for tips on effectively exporting YouTube cookies,False
,Bayashi TV,,youtube,cooking,6.96,,Best of Bayashi Foods | MUKBANG | COOKING | ASMR,https://www.youtube.com/watch?v=Fd5IUVC7RYU,Fd5IUVC7RYU,ERROR: [youtube] Fd5IUVC7RYU: Sign in to confirm you’re not a bot. Use --cookies-from-browser or --cookies for the authentication. See  https://github.com/yt-dlp/yt-dlp/wiki/FAQ#how-do-i-pass-cookies-to-yt-dlp  for how to manually pass cookies. Also see  https://github.com/yt-dlp/yt-dlp/wiki/Extractors#exporting-youtube-cookies  for tips on effectively exporting YouTube cookies,False
,stevenmotocooks,,youtube,cooking,7.58,,I Turned My Apartment Into a Fine Dining Restaurant,https://www.youtube.com/watch?v=gS70tQe1CKQ,gS70tQe1CKQ,ERROR: [youtube] gS70tQe1CKQ: Sign in to confirm you’re not a bot. Use --cookies-from-browser or --cookies for the authentication. See  https://github.com/yt-dlp/yt-dlp/wiki/FAQ#how-do-i-pass-cookies-to-yt-dlp  for how to manually pass cookies. Also see  https://github.com/yt-dlp/yt-dlp/wiki/Extractors#exporting-youtube-cookies  for tips on effectively exporting YouTube cookies,False
,Patrick Zeinali,,youtube,cooking,6.98,,I Cooked 100 Years of Military Food,https://www.youtube.com/watch?v=QCJQn_QWoKs,QCJQn_QWoKs,ERROR: [youtube] QCJQn_QWoKs: Sign in to confirm you’re not a bot. Use --cookies-from-browser or --cookies for the authentication. See  https://github.com/yt-dlp/yt-dlp/wiki/FAQ#how-do-i-pass-cookies-to-yt-dlp  for how to manually pass cookies. Also see  https://github.com/yt-dlp/yt-dlp/wiki/Extractors#exporting-youtube-cookies  for tips on effectively exporting YouTube cookies,False
,FV Stories,,youtube,cooking,7.06,,Azerbaijan Mountain Village Life and Rustic Cooking,https://www.youtube.com/watch?v=62gjaleYDjI,62gjaleYDjI,ERROR: [youtube] 62gjaleYDjI: Sign in to confirm you’re not a bot. Use --cookies-from-browser or --cookies for the authentication. See  https://github.com/yt-dlp/yt-dlp/wiki/FAQ#how-do-i-pass-cookies-to-yt-dlp  for how to manually pass cookies. Also see  https://github.com/yt-dlp/yt-dlp/wiki/Extractors#exporting-youtube-cookies  for tips on effectively exporting YouTube cookies,False
,Faraway Village ,,youtube,cooking,7.03,,Cooking Delicious Lamb Marinated In Fresh Orange Juice!,https://www.youtube.com/watch?v=3leJzboW5Uw,3leJzboW5Uw,ERROR: [youtube] 3leJzboW5Uw: Sign in to confirm you’re not a bot. Use --cookies-from-browser or --cookies for the authentication. See  https://github.com/yt-dlp/yt-dlp/wiki/FAQ#how-do-i-pass-cookies-to-yt-dlp  for how to manually pass cookies. Also see  https://github.com/yt-dlp/yt-dlp/wiki/Extractors#exporting-youtube-cookies  for tips on effectively exporting YouTube cookies,False
,Atomic Shrimp,,youtube,cooking,7.31,,Cooking Challenge – Pie Crust From Scratch in 30 Minutes or Less,https://www.youtube.com/watch?v=qjiHA09WT90,qjiHA09WT90,ERROR: [youtube] qjiHA09WT90: Sign in to confirm you’re not a bot. Use --cookies-from-browser or --cookies for the authentication. See  https://github.com/yt-dlp/yt-dlp/wiki/FAQ#how-do-i-pass-cookies-to-yt-dlp  for how to manually pass cookies. Also see  https://github.com/yt-dlp/yt-dlp/wiki/Extractors#exporting-youtube-cookies  for tips on effectively exporting YouTube cookies,False
,Kənd Həyatı,,youtube,cooking,7.07,,Rustic Garden Lunch | Fresh & Homemade Village Food  🌿🏡,https://www.youtube.com/watch?v=LbmVJWXf0H4,LbmVJWXf0H4,ERROR: [youtube] LbmVJWXf0H4: Sign in to confirm you’re not a bot. Use --cookies-from-browser or --cookies for the authentication. See  https://github.com/yt-dlp/yt-dlp/wiki/FAQ#how-do-i-pass-cookies-to-yt-dlp  for how to manually pass cookies. Also see  https://github.com/yt-dlp/yt-dlp/wiki/Extractors#exporting-youtube-cookies  for tips on effectively exporting YouTube cookies,False
,GrillTok,,youtube,cooking,6.59,,Ricky’s Breakfast Show | Live Cooking,https://www.youtube.com/watch?v=1BmvHgUCe_U,1BmvHgUCe_U,ERROR: [youtube] 1BmvHgUCe_U: Sign in to confirm you’re not a bot. Use --cookies-from-browser or --cookies for the authentication. See  https://github.com/yt-dlp/yt-dlp/wiki/FAQ#how-do-i-pass-cookies-to-yt-dlp  for how to manually pass cookies. Also see  https://github.com/yt-dlp/yt-dlp/wiki/Extractors#exporting-youtube-cookies  for tips on effectively exporting YouTube cookies,False
,Max the Meat Guy,,youtube,cooking,7.57,,I Cooked the World's BIGGEST Leg,https://www.youtube.com/watch?v=rczuRlpRFRo,rczuRlpRFRo,ERROR: [youtube] rczuRlpRFRo: Sign in to confirm you’re not a bot. Use --cookies-from-browser or --cookies for the authentication. See  https://github.com/yt-dlp/yt-dlp/wiki/FAQ#how-do-i-pass-cookies-to-yt-dlp  for how to manually pass cookies. Also see  https://github.com/yt-dlp/yt-dlp/wiki/Extractors#exporting-youtube-cookies  for tips on effectively exporting YouTube cookies,False
,Max the Meat Guy,,youtube,cooking,7.47,,I Cooked EVERY Cartoon Character,https://www.youtube.com/watch?v=qdhilJn_xWY,qdhilJn_xWY,ERROR: [youtube] qdhilJn_xWY: Sign in to confirm you’re not a bot. Use --cookies-from-browser or --cookies for the authentication. See  https://github.com/yt-dlp/yt-dlp/wiki/FAQ#how-do-i-pass-cookies-to-yt-dlp  for how to manually pass cookies. Also see  https://github.com/yt-dlp/yt-dlp/wiki/Extractors#exporting-youtube-cookies  for tips on effectively exporting YouTube cookies,False
,NYT Cooking,,youtube,cooking,7.33,,Theo James Teaches Kaya Scodelario How to Make His Restaurant’s Pasta | NYT Cooking,https://www.youtube.com/watch?v=8Q1DKd_2X1U,8Q1DKd_2X1U,ERROR: [youtube] 8Q1DKd_2X1U: Sign in to confirm you’re not a bot. Use --cookies-from-browser or --cookies for the authentication. See  https://github.com/yt-dlp/yt-dlp/wiki/FAQ#how-do-i-pass-cookies-to-yt-dlp  for how to manually pass cookies. Also see  https://github.com/yt-dlp/yt-dlp/wiki/Extractors#exporting-youtube-cookies  for tips on effectively exporting YouTube cookies,False
,Volka English,,youtube,cooking,7.14,,Learn English naturally while Cooking (Comprehensible Input),https://www.youtube.com/watch?v=u3Bh78fKu0Q,u3Bh78fKu0Q,ERROR: [youtube] u3Bh78fKu0Q: Sign in to confirm you’re not a bot. Use --cookies-from-browser or --cookies for the authentication. See  https://github.com/yt-dlp/yt-dlp/wiki/FAQ#how-do-i-pass-cookies-to-yt-dlp  for how to manually pass cookies. Also see  https://github.com/yt-dlp/yt-dlp/wiki/Extractors#exporting-youtube-cookies  for tips on effectively exporting YouTube cookies,False
,Men With The Pot,,youtube,cooking,7.03,,Cooking STEAK & Eggs Tacos with Fresh Pico de Gallo by the Forest Stream,https://www.youtube.com/watch?v=Z_ofWuIc43M,Z_ofWuIc43M,ERROR: [youtube] Z_ofWuIc43M: Sign in to confirm you’re not a bot. Use --cookies-from-browser or --cookies for the authentication. See  https://github.com/yt-dlp/yt-dlp/wiki/FAQ#how-do-i-pass-cookies-to-yt-dlp  for how to manually pass cookies. Also see  https://github.com/yt-dlp/yt-dlp/wiki/Extractors#exporting-youtube-cookies  for tips on effectively exporting YouTube cookies,False
,Chef Nick,,youtube,cooking,7.17,,Cooking The World's Rarest Steak ($5000),https://www.youtube.com/watch?v=1az0cyXagxc,1az0cyXagxc,ERROR: [youtube] 1az0cyXagxc: Sign in to confirm you’re not a bot. Use --cookies-from-browser or --cookies for the authentication. See  https://github.com/yt-dlp/yt-dlp/wiki/FAQ#how-do-i-pass-cookies-to-yt-dlp  for how to manually pass cookies. Also see  https://github.com/yt-dlp/yt-dlp/wiki/Extractors#exporting-youtube-cookies  for tips on effectively exporting YouTube cookies,False
,Joe Bartolozzi,,youtube,cooking,6.92,,The FUNNIEST Cooking Channel On Youtube.,https://www.youtube.com/watch?v=96Grz0DeZ5c,96Grz0DeZ5c,ERROR: [youtube] 96Grz0DeZ5c: Sign in to confirm you’re not a bot. Use --cookies-from-browser or --cookies for the authentication. See  https://github.com/yt-dlp/yt-dlp/wiki/FAQ#how-do-i-pass-cookies-to-yt-dlp  for how to manually pass cookies. Also see  https://github.com/yt-dlp/yt-dlp/wiki/Extractors#exporting-youtube-cookies  for tips on effectively exporting YouTube cookies,False
,Nick DiGiovanni,,youtube,cooking,7.71,,I Cooked Against Uncle Roger,https://www.youtube.com/watch?v=pO_pD2GENGo,pO_pD2GENGo,ERROR: [youtube] pO_pD2GENGo: Sign in to confirm you’re not a bot. Use --cookies-from-browser or --cookies for the authentication. See  https://github.com/yt-dlp/yt-dlp/wiki/FAQ#how-do-i-pass-cookies-to-yt-dlp  for how to manually pass cookies. Also see  https://github.com/yt-dlp/yt-dlp/wiki/Extractors#exporting-youtube-cookies  for tips on effectively exporting YouTube cookies,False
,Multi DO Challenge,,youtube,cooking,6.98,,Me vs Grandma Cooking Challenge | Fantastic Culinary Moments by Multi DO Challenge,https://www.youtube.com/watch?v=wZvnq9PHHzU,wZvnq9PHHzU,ERROR: [youtube] wZvnq9PHHzU: Sign in to confirm you’re not a bot. Use --cookies-from-browser or --cookies for the authentication. See  https://github.com/yt-dlp/yt-dlp/wiki/FAQ#how-do-i-pass-cookies-to-yt-dlp  for how to manually pass cookies. Also see  https://github.com/yt-dlp/yt-dlp/wiki/Extractors#exporting-youtube-cookies  for tips on effectively exporting YouTube cookies,False
,Faraway Village ,,youtube,cooking,7.6,,Cooking A Massive Lamb Pilaf For a Mountain Village Feast!,https://www.youtube.com/watch?v=OmfsWFkwfiw,OmfsWFkwfiw,ERROR: [youtube] OmfsWFkwfiw: Sign in to confirm you’re not a bot. Use --cookies-from-browser or --cookies for the authentication. See  https://github.com/yt-dlp/yt-dlp/wiki/FAQ#how-do-i-pass-cookies-to-yt-dlp  for how to manually pass cookies. Also see  https://github.com/yt-dlp/yt-dlp/wiki/Extractors#exporting-youtube-cookies  for tips on effectively exporting YouTube cookies,False
,Odessa Mae and Potlikker,,youtube,cooking,7.56,,40 Soul Food Cooking Tricks Grandma Never Wrote Down!,https://www.youtube.com/watch?v=MgRp5kqXizQ,MgRp5kqXizQ,ERROR: [youtube] MgRp5kqXizQ: Sign in to confirm you’re not a bot. Use --cookies-from-browser or --cookies for the authentication. See  https://github.com/yt-dlp/yt-dlp/wiki/FAQ#how-do-i-pass-cookies-to-yt-dlp  for how to manually pass cookies. Also see  https://github.com/yt-dlp/yt-dlp/wiki/Extractors#exporting-youtube-cookies  for tips on effectively exporting YouTube cookies,False
,The Golden Balance,,youtube,cooking,7.39,,Cooking Challenge vs Gordon Ramsay (Ft. @NickDiGiovanni),https://www.youtube.com/watch?v=iOX2FnCP3jQ,iOX2FnCP3jQ,ERROR: [youtube] iOX2FnCP3jQ: Sign in to confirm you’re not a bot. Use --cookies-from-browser or --cookies for the authentication. See  https://github.com/yt-dlp/yt-dlp/wiki/FAQ#how-do-i-pass-cookies-to-yt-dlp  for how to manually pass cookies. Also see  https://github.com/yt-dlp/yt-dlp/wiki/Extractors#exporting-youtube-cookies  for tips on effectively exporting YouTube cookies,False
,Kənd Həyatı,,youtube,cooking,6.81,,Stuffed Bell Peppers with Beef | Village-Style Cooking 🥩🌿,https://www.youtube.com/watch?v=H9QVMA1E4Z8,H9QVMA1E4Z8,ERROR: [youtube] H9QVMA1E4Z8: Sign in to confirm you’re not a bot. Use --cookies-from-browser or --cookies for the authentication. See  https://github.com/yt-dlp/yt-dlp/wiki/FAQ#how-do-i-pass-cookies-to-yt-dlp  for how to manually pass cookies. Also see  https://github.com/yt-dlp/yt-dlp/wiki/Extractors#exporting-youtube-cookies  for tips on effectively exporting YouTube cookies,False
,滇西小哥 Dianxi Xiaoge,,youtube,cooking,6.86,,The Flavors of Yunnan Beef | A Classic Beef Food Video Collection【滇西小哥】,https://www.youtube.com/watch?v=_A1NTrGswzE,_A1NTrGswzE,ERROR: [youtube] _A1NTrGswzE: Sign in to confirm you’re not a bot. Use --cookies-from-browser or --cookies for the authentication. See  https://github.com/yt-dlp/yt-dlp/wiki/FAQ#how-do-i-pass-cookies-to-yt-dlp  for how to manually pass cookies. Also see  https://github.com/yt-dlp/yt-dlp/wiki/Extractors#exporting-youtube-cookies  for tips on effectively exporting YouTube cookies,False
,Faraway Village ,,youtube,cooking,7.35,,The BEST of Faraway Village Traditional Mountain Cooking In 4K!,https://www.youtube.com/watch?v=QNJMrxl2KMo,QNJMrxl2KMo,ERROR: [youtube] QNJMrxl2KMo: Sign in to confirm you’re not a bot. Use --cookies-from-browser or --cookies for the authentication. See  https://github.com/yt-dlp/yt-dlp/wiki/FAQ#how-do-i-pass-cookies-to-yt-dlp  for how to manually pass cookies. Also see  https://github.com/yt-dlp/yt-dlp/wiki/Extractors#exporting-youtube-cookies  for tips on effectively exporting YouTube cookies,False
,Bertha Cooks,,youtube,cooking,7.58,,Most People Are Cooking Beans Wrong! Try These Mexican Tricks for Perfect Beans Every Time,https://www.youtube.com/watch?v=Lh6PU7bxisw,Lh6PU7bxisw,ERROR: [youtube] Lh6PU7bxisw: Sign in to confirm you’re not a bot. Use --cookies-from-browser or --cookies for the authentication. See  https://github.com/yt-dlp/yt-dlp/wiki/FAQ#how-do-i-pass-cookies-to-yt-dlp  for how to manually pass cookies. Also see  https://github.com/yt-dlp/yt-dlp/wiki/Extractors#exporting-youtube-cookies  for tips on effectively exporting YouTube cookies,False
,WILDERNESS COOKING,,youtube,cooking,7.39,,Cooking Famous German Sausages on A GIANT Grill!,https://www.youtube.com/watch?v=bG-DjCu4AdU,bG-DjCu4AdU,ERROR: [youtube] bG-DjCu4AdU: Sign in to confirm you’re not a bot. Use --cookies-from-browser or --cookies for the authentication. See  https://github.com/yt-dlp/yt-dlp/wiki/FAQ#how-do-i-pass-cookies-to-yt-dlp  for how to manually pass cookies. Also see  https://github.com/yt-dlp/yt-dlp/wiki/Extractors#exporting-youtube-cookies  for tips on effectively exporting YouTube cookies,False
,Nick DiGiovanni,,youtube,cooking,7.25,,I Cooked For EVERY Football Star,https://www.youtube.com/watch?v=oJhdpGp2r-8,oJhdpGp2r-8,ERROR: [youtube] oJhdpGp2r-8: Sign in to confirm you’re not a bot. Use --cookies-from-browser or --cookies for the authentication. See  https://github.com/yt-dlp/yt-dlp/wiki/FAQ#how-do-i-pass-cookies-to-yt-dlp  for how to manually pass cookies. Also see  https://github.com/yt-dlp/yt-dlp/wiki/Extractors#exporting-youtube-cookies  for tips on effectively exporting YouTube cookies,False
,Allrecipes,,youtube,cooking,6.8,,1 Hour of Lazy Recipes for When You're Too Tired to Cook | Allrecipes,https://www.youtube.com/watch?v=SUSb__VT7AU,SUSb__VT7AU,ERROR: [youtube] SUSb__VT7AU: Sign in to confirm you’re not a bot. Use --cookies-from-browser or --cookies for the authentication. See  https://github.com/yt-dlp/yt-dlp/wiki/FAQ#how-do-i-pass-cookies-to-yt-dlp  for how to manually pass cookies. Also see  https://github.com/yt-dlp/yt-dlp/wiki/Extractors#exporting-youtube-cookies  for tips on effectively exporting YouTube cookies,False
,WILDERNESS COOKING,,youtube,cooking,7.52,,Juicy Ribeye Steak Sandwich with A Watermelon Marinade!,https://www.youtube.com/watch?v=bfhYUYz36RQ,bfhYUYz36RQ,ERROR: [youtube] bfhYUYz36RQ: Sign in to confirm you’re not a bot. Use --cookies-from-browser or --cookies for the authentication. See  https://github.com/yt-dlp/yt-dlp/wiki/FAQ#how-do-i-pass-cookies-to-yt-dlp  for how to manually pass cookies. Also see  https://github.com/yt-dlp/yt-dlp/wiki/Extractors#exporting-youtube-cookies  for tips on effectively exporting YouTube cookies,False
,Nick DiGiovanni,,youtube,cooking,7.44,,I Cooked YouTubers Their Favorite Foods,https://www.youtube.com/watch?v=8ewFBbyNtgk,8ewFBbyNtgk,ERROR: [youtube] 8ewFBbyNtgk: Sign in to confirm you’re not a bot. Use --cookies-from-browser or --cookies for the authentication. See  https://github.com/yt-dlp/yt-dlp/wiki/FAQ#how-do-i-pass-cookies-to-yt-dlp  for how to manually pass cookies. Also see  https://github.com/yt-dlp/yt-dlp/wiki/Extractors#exporting-youtube-cookies  for tips on effectively exporting YouTube cookies,False
,Hollow,,youtube,gaming,7.14,,Welcome To Halloween: The Game,https://www.youtube.com/watch?v=YEkNgvXzl7A,YEkNgvXzl7A,ERROR: [youtube] YEkNgvXzl7A: Sign in to confirm you’re not a bot. Use --cookies-from-browser or --cookies for the authentication. See  https://github.com/yt-dlp/yt-dlp/wiki/FAQ#how-do-i-pass-cookies-to-yt-dlp  for how to manually pass cookies. Also see  https://github.com/yt-dlp/yt-dlp/wiki/Extractors#exporting-youtube-cookies  for tips on effectively exporting YouTube cookies,False
,Nick DiGiovanni,,youtube,cooking,7.36,,I Cooked 10 Levels Of Spicy Food,https://www.youtube.com/watch?v=1fGScw5eX0M,1fGScw5eX0M,ERROR: [youtube] 1fGScw5eX0M: Sign in to confirm you’re not a bot. Use --cookies-from-browser or --cookies for the authentication. See  https://github.com/yt-dlp/yt-dlp/wiki/FAQ#how-do-i-pass-cookies-to-yt-dlp  for how to manually pass cookies. Also see  https://github.com/yt-dlp/yt-dlp/wiki/Extractors#exporting-youtube-cookies  for tips on effectively exporting YouTube cookies,False
,Yummy Jelly,,youtube,cooking,8.17,,Me vs Grandma vs Chef Cooking Challenge! Cake Decorating Sweet Challenge by YUMMY JELLY,https://www.youtube.com/watch?v=lAceNrxDkl8,lAceNrxDkl8,ERROR: [youtube] lAceNrxDkl8: Sign in to confirm you’re not a bot. Use --cookies-from-browser or --cookies for the authentication. See  https://github.com/yt-dlp/yt-dlp/wiki/FAQ#how-do-i-pass-cookies-to-yt-dlp  for how to manually pass cookies. Also see  https://github.com/yt-dlp/yt-dlp/wiki/Extractors#exporting-youtube-cookies  for tips on effectively exporting YouTube cookies,False
,The Boys Gaming,,youtube,gaming,6.66,,The Boys go Tornado Hunting…,https://www.youtube.com/watch?v=_Y_99i0yhps,_Y_99i0yhps,ERROR: [youtube] _Y_99i0yhps: Sign in to confirm you’re not a bot. Use --cookies-from-browser or --cookies for the authentication. See  https://github.com/yt-dlp/yt-dlp/wiki/FAQ#how-do-i-pass-cookies-to-yt-dlp  for how to manually pass cookies. Also see  https://github.com/yt-dlp/yt-dlp/wiki/Extractors#exporting-youtube-cookies  for tips on effectively exporting YouTube cookies,False
,Dantic,,youtube,gaming,6.96,,I Tried “Gaming” In EVERY Airplane Seat,https://www.youtube.com/watch?v=jdmPSjon6w4,jdmPSjon6w4,ERROR: [youtube] jdmPSjon6w4: Sign in to confirm you’re not a bot. Use --cookies-from-browser or --cookies for the authentication. See  https://github.com/yt-dlp/yt-dlp/wiki/FAQ#how-do-i-pass-cookies-to-yt-dlp  for how to manually pass cookies. Also see  https://github.com/yt-dlp/yt-dlp/wiki/Extractors#exporting-youtube-cookies  for tips on effectively exporting YouTube cookies,False
,Karl,,youtube,gaming,6.91,,500 Hunters vs Minecraft's Best Trappers,https://www.youtube.com/watch?v=8pVdLt4SW5o,8pVdLt4SW5o,ERROR: [youtube] 8pVdLt4SW5o: Sign in to confirm you’re not a bot. Use --cookies-from-browser or --cookies for the authentication. See  https://github.com/yt-dlp/yt-dlp/wiki/FAQ#how-do-i-pass-cookies-to-yt-dlp  for how to manually pass cookies. Also see  https://github.com/yt-dlp/yt-dlp/wiki/Extractors#exporting-youtube-cookies  for tips on effectively exporting YouTube cookies,False
,Dantic,,youtube,gaming,7.24,,I Built a Stealth Gaming Camper Van,https://www.youtube.com/watch?v=N5V8HEoo_10,N5V8HEoo_10,ERROR: [youtube] N5V8HEoo_10: Sign in to confirm you’re not a bot. Use --cookies-from-browser or --cookies for the authentication. See  https://github.com/yt-dlp/yt-dlp/wiki/FAQ#how-do-i-pass-cookies-to-yt-dlp  for how to manually pass cookies. Also see  https://github.com/yt-dlp/yt-dlp/wiki/Extractors#exporting-youtube-cookies  for tips on effectively exporting YouTube cookies,False
,Live Speedy,,youtube,gaming,7.04,,My Viewers Made Me a Horror Game!,https://www.youtube.com/watch?v=jm-sJUUani8,jm-sJUUani8,ERROR: [youtube] jm-sJUUani8: Sign in to confirm you’re not a bot. Use --cookies-from-browser or --cookies for the authentication. See  https://github.com/yt-dlp/yt-dlp/wiki/FAQ#how-do-i-pass-cookies-to-yt-dlp  for how to manually pass cookies. Also see  https://github.com/yt-dlp/yt-dlp/wiki/Extractors#exporting-youtube-cookies  for tips on effectively exporting YouTube cookies,False
,Drew Dirksen,,youtube,gaming,7.2,,I Built a SECRET Gaming Room in a Grocery Store!,https://www.youtube.com/watch?v=nyATkPfnmVk,nyATkPfnmVk,ERROR: [youtube] nyATkPfnmVk: Sign in to confirm you’re not a bot. Use --cookies-from-browser or --cookies for the authentication. See  https://github.com/yt-dlp/yt-dlp/wiki/FAQ#how-do-i-pass-cookies-to-yt-dlp  for how to manually pass cookies. Also see  https://github.com/yt-dlp/yt-dlp/wiki/Extractors#exporting-youtube-cookies  for tips on effectively exporting YouTube cookies,False
,Mrwhosetheboss,,youtube,gaming,7.27,,The Gaming Market is Starting to Break.,https://www.youtube.com/watch?v=Eo5w2S-h5dI,Eo5w2S-h5dI,ERROR: [youtube] Eo5w2S-h5dI: Sign in to confirm you’re not a bot. Use --cookies-from-browser or --cookies for the authentication. See  https://github.com/yt-dlp/yt-dlp/wiki/FAQ#how-do-i-pass-cookies-to-yt-dlp  for how to manually pass cookies. Also see  https://github.com/yt-dlp/yt-dlp/wiki/Extractors#exporting-youtube-cookies  for tips on effectively exporting YouTube cookies,False
,MrBeast Gaming,,youtube,gaming,6.76,,"Survive 99 Nights, Win $99,000",https://www.youtube.com/watch?v=90lzlq8AEX0,90lzlq8AEX0,ERROR: [youtube] 90lzlq8AEX0: Sign in to confirm you’re not a bot. Use --cookies-from-browser or --cookies for the authentication. See  https://github.com/yt-dlp/yt-dlp/wiki/FAQ#how-do-i-pass-cookies-to-yt-dlp  for how to manually pass cookies. Also see  https://github.com/yt-dlp/yt-dlp/wiki/Extractors#exporting-youtube-cookies  for tips on effectively exporting YouTube cookies,False
,theRadBrad,,youtube,gaming,6.54,,MARVEL'S WOLVERINE Walkthrough Gameplay Part 1 - INTRO (FULL GAME),https://www.youtube.com/watch?v=EVdp0NNVUoU,EVdp0NNVUoU,ERROR: [youtube] EVdp0NNVUoU: Sign in to confirm you’re not a bot. Use --cookies-from-browser or --cookies for the authentication. See  https://github.com/yt-dlp/yt-dlp/wiki/FAQ#how-do-i-pass-cookies-to-yt-dlp  for how to manually pass cookies. Also see  https://github.com/yt-dlp/yt-dlp/wiki/Extractors#exporting-youtube-cookies  for tips on effectively exporting YouTube cookies,False
,MrBeast Gaming,,youtube,gaming,6.74,,I Survived 100 Days In Realistic Minecraft,https://www.youtube.com/watch?v=5F5MKI_jXJw,5F5MKI_jXJw,ERROR: [youtube] 5F5MKI_jXJw: Sign in to confirm you’re not a bot. Use --cookies-from-browser or --cookies for the authentication. See  https://github.com/yt-dlp/yt-dlp/wiki/FAQ#how-do-i-pass-cookies-to-yt-dlp  for how to manually pass cookies. Also see  https://github.com/yt-dlp/yt-dlp/wiki/Extractors#exporting-youtube-cookies  for tips on effectively exporting YouTube cookies,False
,Caylus  ,,youtube,gaming,7.12,,The FUNNIEST Animal Prop Hunt Game Ever..,https://www.youtube.com/watch?v=pU6QekwcUzo,pU6QekwcUzo,ERROR: [youtube] pU6QekwcUzo: Sign in to confirm you’re not a bot. Use --cookies-from-browser or --cookies for the authentication. See  https://github.com/yt-dlp/yt-dlp/wiki/FAQ#how-do-i-pass-cookies-to-yt-dlp  for how to manually pass cookies. Also see  https://github.com/yt-dlp/yt-dlp/wiki/Extractors#exporting-youtube-cookies  for tips on effectively exporting YouTube cookies,False
,MrBeast Gaming,,youtube,gaming,6.19,,10 YouTubers vs 1 Secret Traitor,https://www.youtube.com/watch?v=FO9kMeIQI7M,FO9kMeIQI7M,ERROR: [youtube] FO9kMeIQI7M: Sign in to confirm you’re not a bot. Use --cookies-from-browser or --cookies for the authentication. See  https://github.com/yt-dlp/yt-dlp/wiki/FAQ#how-do-i-pass-cookies-to-yt-dlp  for how to manually pass cookies. Also see  https://github.com/yt-dlp/yt-dlp/wiki/Extractors#exporting-youtube-cookies  for tips on effectively exporting YouTube cookies,False
,Dantic,,youtube,gaming,6.21,,"I Tried ""Gaming"" In EVERY Bus Seat",https://www.youtube.com/watch?v=vvqQasvI7zo,vvqQasvI7zo,ERROR: [youtube] vvqQasvI7zo: Sign in to confirm you’re not a bot. Use --cookies-from-browser or --cookies for the authentication. See  https://github.com/yt-dlp/yt-dlp/wiki/FAQ#how-do-i-pass-cookies-to-yt-dlp  for how to manually pass cookies. Also see  https://github.com/yt-dlp/yt-dlp/wiki/Extractors#exporting-youtube-cookies  for tips on effectively exporting YouTube cookies,False
,MrBeast Gaming,,youtube,gaming,5.99,,"1 Day vs 50,000 Day Build Challenge",https://www.youtube.com/watch?v=Vo6QTBMdUfU,Vo6QTBMdUfU,ERROR: [youtube] Vo6QTBMdUfU: Sign in to confirm you’re not a bot. Use --cookies-from-browser or --cookies for the authentication. See  https://github.com/yt-dlp/yt-dlp/wiki/FAQ#how-do-i-pass-cookies-to-yt-dlp  for how to manually pass cookies. Also see  https://github.com/yt-dlp/yt-dlp/wiki/Extractors#exporting-youtube-cookies  for tips on effectively exporting YouTube cookies,False
,Royalty Gaming,,youtube,gaming,5.32,,I Played Fortnite Using ONLY TEMU Gaming Products,https://www.youtube.com/watch?v=8ZwhtDXhzUc,8ZwhtDXhzUc,ERROR: [youtube] 8ZwhtDXhzUc: Sign in to confirm you’re not a bot. Use --cookies-from-browser or --cookies for the authentication. See  https://github.com/yt-dlp/yt-dlp/wiki/FAQ#how-do-i-pass-cookies-to-yt-dlp  for how to manually pass cookies. Also see  https://github.com/yt-dlp/yt-dlp/wiki/Extractors#exporting-youtube-cookies  for tips on effectively exporting YouTube cookies,False
,Let's Game It Out,,youtube,gaming,5.46,,I Built a Theme Park That's a Cinema of Pain in Planet Coaster 2,https://www.youtube.com/watch?v=ld1Uro6Y0n8,ld1Uro6Y0n8,ERROR: [youtube] ld1Uro6Y0n8: Sign in to confirm you’re not a bot. Use --cookies-from-browser or --cookies for the authentication. See  https://github.com/yt-dlp/yt-dlp/wiki/FAQ#how-do-i-pass-cookies-to-yt-dlp  for how to manually pass cookies. Also see  https://github.com/yt-dlp/yt-dlp/wiki/Extractors#exporting-youtube-cookies  for tips on effectively exporting YouTube cookies,False
,MrBeast Gaming,,youtube,gaming,4.96,,I Survived 100 Days on One Block,https://www.youtube.com/watch?v=kJu5VMN3yow,kJu5VMN3yow,ERROR: [youtube] kJu5VMN3yow: Sign in to confirm you’re not a bot. Use --cookies-from-browser or --cookies for the authentication. See  https://github.com/yt-dlp/yt-dlp/wiki/FAQ#how-do-i-pass-cookies-to-yt-dlp  for how to manually pass cookies. Also see  https://github.com/yt-dlp/yt-dlp/wiki/Extractors#exporting-youtube-cookies  for tips on effectively exporting YouTube cookies,False
,Zenkai Goose,,youtube,gaming,6.0,,I Tried Gaming in the 1990s,https://www.youtube.com/watch?v=J5le04xNYs0,J5le04xNYs0,ERROR: [youtube] J5le04xNYs0: Sign in to confirm you’re not a bot. Use --cookies-from-browser or --cookies for the authentication. See  https://github.com/yt-dlp/yt-dlp/wiki/FAQ#how-do-i-pass-cookies-to-yt-dlp  for how to manually pass cookies. Also see  https://github.com/yt-dlp/yt-dlp/wiki/Extractors#exporting-youtube-cookies  for tips on effectively exporting YouTube cookies,False
